pod_id,workload_id,server_id,cluster_id,state_public,gpu_spec_public,server_gpu_count,server_cpu_capacity_cores,priority_class,job_type_public,model_type_public,is_genai_request,gpu_request,gpu_mem_request,cpu_request_cores,used_gpu_hours,avg_gpu_sm_util,avg_gpu_mem_gib,avg_cpu_request_util,avg_memory_util,ready_status,schedule_delay_sec,ready_delay_sec,day,hour
469b1611d0aad93e710e0b73904c6c76,4a86d667a085ba23b835c2c41fc11d0a,45dcdb7d6741f92f83a8a3715c6ebb3a,2f9611355f71fe804da2606899ddfb36,Unknown,A100,8,128,HP,dev,rec,false,1.0,85899345920,10.0,1.0,0.0,0.0,0.010364166666666279,0.01134144730038113,true,128,-1,0,00
61e60cb3bf8a31aa37c14563eb79c36e,48c15c8e8e869f49ed825c138c0a97e8,78560a69e8a0cb754498185cd41bcaa8,2f9611355f71fe804da2606899ddfb36,Unknown,A100,8,128,HP,dev,dev,false,1.0,85899345920,15.0,1.0,0.0,22.458984375,0.05994338949224062,0.5218315878815454,true,0,494,0,00
7dbb8997cd2c2582439f20b32abdb0f3,f2b300eb16aecfb99c367f4427618048,ccd1cf9dfa666fe45c45a21f4345d5d3,70870b9abdf0a944615e4987e21869b3,Unknown,H20,8,192,HP,dev,dev,false,1.0,102625181696,23.0,1.0,0.0,22.013671875,0.0004124396135265658,0.011564289774871683,true,0,1040,0,00
9985c2646f4e23d8fd3bb5c8fb45b08e,2439a5b470b9029c87cc80c8ad3f61a1,0e772bda093a2fd6beff24f72dbeaf99,2f9611355f71fe804da2606899ddfb36,Unknown,A100,8,128,HP,dev,dev,false,8.0,687194767360,120.0,8.0,0.0,0.0,0.008141435185184323,0.03347764113823277,true,75,-1,0,00
9e271ba3f75832292eb94e21472a6232,98162005afdf07a461db266167262cbb,5e8c7ba9d131fafbd05f0bc054710ece,1f28e063c4e5e1bc48ff55269617dd2f,Unknown,H20,8,192,HP,dev,dev,false,2.0,205250363392,40.0,2.0,0.0,0.0,0.0012875694444444688,0.0039415635850694455,true,132,14,0,00
abc34b9f34ec2a008e83630e9fd4c597,f5af0313eeca3167bde98ae5624bf2f1,666bff62f3b0f48de7e7a28dbdac3661,1f28e063c4e5e1bc48ff55269617dd2f,Unknown,H20,8,192,HP,dev,dev,false,4.0,410500726784,92.0,4.0,0.0,0.0,0.00034030797101449015,0.000981327582465278,true,73551,107,0,00
abf2964270483f166a532553f2bd6cf6,140978dcd7a5b1f1e7007cfd0943164c,2fa8dacc2f4bef0f9ec34ef9bb04d1b6,4d6f06d02df4e9de96966a73d9e8a4dd,Unknown,A10,1,128,HP,dev,rec,false,1.0,24146608128,4.0,1.0,0.0,0.0,0.017352777777778088,0.0685106443034278,true,11,276,0,00
c94e14c4b0e55dd3ef6e19d7f0d1ffc9,6efca1538135bafd79159ab2b3ca921b,08eb21062becaeca08a84a4ce7d55990,2f9611355f71fe804da2606899ddfb36,Unknown,XPU-D,8,192,HP,dev,rec,false,8.0,821412495360,96.0,8.0,0.0,0.0,0.0011239583333333347,0.001881435005753129,true,0,55,0,00
cddcddd2f1923b936e6bb0a9db1a3e54,1d1678f3b8825b8588182eedaddd6864,127371f6627c6fe821bed77c91a69373,2f9611355f71fe804da2606899ddfb36,Unknown,A10,1,128,HP,dev,rec,false,1.0,24146608128,4.0,1.0,99.43137041975315,1.76959228515625,0.16606906328321308,0.2588646650314331,true,4942,1099,0,00
ff0b74106cfe7cead0e3ae13dcd8b8d6,ec9479276119010817542891bf3a6293,27496dffafa38947dc4cbb779d882b7d,2f9611355f71fe804da2606899ddfb36,Unknown,A100,8,128,HP,dev,dev,false,8.0,687194767360,112.0,8.0,0.0,0.0,0.00027135416666667543,0.0004994078007450808,true,26280,33,0,00
00a5465fa985a2207ee45d6d9d3d6d78,f6c5b8688cb13b89a770af6f95f50339,7ebdce6f38e3b1c45b9daa0311c4940b,1f28e063c4e5e1bc48ff55269617dd2f,Unknown,H20,8,192,HP,dev,dev,false,1.0,102625181696,23.0,1.0,0.0,0.0,0.0004868442240867857,0.0021779789210517623,false,0,-1,0,01
16eb3720abd5d34ac64120653b579b43,dfe0fe7bd5e3a0ce47ec1b9b511577fe,3bdae69455e34e393ea90b8d90aa72d9,87532e3737169e035fad3c9f3ab7f85e,Unknown,H20,8,192,HP,dev,dev,false,2.0,205250363392,34.0,2.0,0.0,0.0,0.0006886437908496766,0.024680511282865334,true,1,360,0,01
35d9c5993c37d60563add7fefe3cb9fa,88c01b472f21d7ecc61f4bafb3fd14df,0ce1cce83ba8a468165805cbac68e39f,2f9611355f71fe804da2606899ddfb36,Unknown,XPU-B,8,192,HP,dev,rec,false,1.0,51136954368,4.0,1.0,0.0,0.0,0.0386395833333356,0.09452602532174852,false,0,-1,0,01
4521c19c37759a704001ba98ff3ef184,f309f67f8f4a7164c9ee05bd729c6f51,f971c520c792772508478b44abf32970,2f9611355f71fe804da2606899ddfb36,Unknown,A100,8,128,HP,dev,dev,false,2.0,171798691840,30.0,2.0,0.0,0.0,0.0005387962962963175,0.0011696855075539348,true,1719,50,0,01
6e2520384d10c9865aa3d4c2c0a2526e,cfe6e806096dae5bfccf278e94967d5f,dc0286e76f2568e4362f95d736a77d3a,2f9611355f71fe804da2606899ddfb36,Unknown,XPU-D,8,192,LP,dev,dev,false,8.0,821412495360,60.0,8.0,,,0.0,0.0,false,209,-1,0,01
7b1b38ad14726fea9ccb8a302d4e4042,8a3e49120d5758f7f4e9d71c81d5a4b8,08fa19dc45a43fe3d0931c34b018d838,2f9611355f71fe804da2606899ddfb36,Unknown,A100,8,128,HP,dev,dev,false,1.0,85899345920,15.0,1.0,0.0,0.0,0.011171296296296294,0.003949487994135213,true,0,-1,0,01
89600ed5e46df3fa504dd2a98655dd6e,88911d0db4fb229441a9ba46c66013e1,95cba1a87782e015e5fcb592efbdd9e3,1f28e063c4e5e1bc48ff55269617dd2f,Unknown,H20,8,192,HP,dev,dev,false,4.0,410500726784,92.0,4.0,17.9644554691358,25.81640625,0.015614311594202917,0.030779241039134844,true,82623,31,0,01
9fb85ac05c5c25782a12c97ffae70a45,,8cc789a62e0db08677d990e87fb8d79b,4d6f06d02df4e9de96966a73d9e8a4dd,Unknown,A10,1,128,HP,dev,cv,false,0.23,5640000000,2.0,0.22999999999999998,,2.130859375,0.09602777777777696,0.31424565182791814,true,0,-1,0,01
a0ebe8b52fa747b4872938423e724a06,,9c9439c44afa91ed1e35794d85f0efa9,87532e3737169e035fad3c9f3ab7f85e,Unknown,L20,2,192,HP,dev,rec,false,1.0,48305799168,16.0,1.0,0.0,44.296875,0.01110538194444315,0.5857995255125894,true,1,127,0,01
c5e3f30c57b3c5a8f68860d64b794fcd,702bc3cab0469d743cf2f2442c823f0d,597790a8b75183c595d7df65199450f6,4d6f06d02df4e9de96966a73d9e8a4dd,Unknown,A30,1,128,HP,dev,rec,false,1.0,25769803776,10.0,1.0,0.0,0.0,0.011621944444443212,0.01126987702316708,true,0,81,0,01
c93dc88ce5e339327605f5679dfc6cc2,17e6ac103ad5fb73fe84200ff39c4ab7,aba168c04fee088fac51429548ab3de1,4d6f06d02df4e9de96966a73d9e8a4dd,Unknown,A10,1,128,HP,dev,rec,false,0.5,12073304064,4.0,0.5,,0.0,0.05077770989974928,0.16395217047797309,true,0,24,0,01
f6158bec4e1472f4530a689189f5d30f,b3be64c95acc4f60b3be10c039fa0e32,a67e9da9c537cc7f048e0f4bc9412b5d,2f9611355f71fe804da2606899ddfb36,Unknown,A10,1,128,HP,dev,dev,false,1.0,23836098560,16.0,1.0,0.0,0.0,0.025999131944457386,0.7603493406408748,true,0,72289,0,01
f631bb66daedcb4ac17c62a7541b9460,a2386befc122e2e3ebd6540970e5cf5d,db402c2552d9f0b50f48aa6589e07fbf,70870b9abdf0a944615e4987e21869b3,Unknown,H20,8,192,HP,dev,dev,false,2.0,205250363392,46.0,2.0,79.80896266321916,120.970703125,0.039931909635199075,0.03555153948602711,true,0,477,0,01
fb3855c13abc8c37756599e9d1e0bd3a,f61b4c4b68f259675d66cdf822721455,cd90e8f5ddab2a421cd4f28d68490df4,1f28e063c4e5e1bc48ff55269617dd2f,Unknown,H20,8,192,HP,dev,dev,false,1.0,102625181696,20.0,1.0,0.0,5.279296875,0.0024509722222221864,0.11990997460937501,true,0,30,0,01
08b90a7c2ecfc5eb8ccb8f6376fc95ee,71352b03c5df415e744d5b45c7c8cc16,564ebd448dc6f120d186f3f2c5f34d36,4d6f06d02df4e9de96966a73d9e8a4dd,Unknown,A10,1,128,HP,dev,dev,false,1.0,24146608128,4.0,1.0,0.0,0.0,0.01102638888888982,0.07751500871446397,true,0,726,0,02
0f066c42530a3638c69f4e8a244e1ca5,,100e1f8af3b37dbf37aa4c855b6f9543,87532e3737169e035fad3c9f3ab7f85e,Unknown,L20,2,192,HP,dev,cv,false,0.46,22560000000,4.0,0.45999999999999996,,0.337890625,0.04492291666666665,0.026935979377777794,true,0,13,0,02
43cc467ba20f9777dbb5c0d10922fa67,4356fbe9bb3d7a79b56cb98d7371ec49,36ef6ce6a4a16999714675022e612856,2f9611355f71fe804da2606899ddfb36,Unknown,A100,8,128,HP,dev,dev,false,1.0,85899345920,15.0,1.0,0.0,0.0,0.013084444444443327,0.26769099774165694,true,0,592,0,02
4e7df2eb41a526a4c9c6080b29ba8179,d1c8ab276dd4c36c5875e0fd2a8a64a9,a3eb89c059997ea374bcfa2a70c3fd44,1f28e063c4e5e1bc48ff55269617dd2f,Unknown,H20,8,192,HP,dev,dev,false,2.0,205250363392,46.0,2.0,0.0,0.0,0.0005844806763285079,0.0023607927336516212,true,78463,131,0,02
69d105e4ad0e97976b93900ff4a638ce,2090327cd185f6dd51555a8b8c11a7c5,d3cf870ea98b83ab059c99d2aa4f41b0,1f28e063c4e5e1bc48ff55269617dd2f,Unknown,H20,8,192,HP,dev,dev,false,8.0,821001453568,184.0,8.0,0.0,0.0,0.00019467305037957285,0.0005008919949001736,true,79666,88,0,02
88dd2014938d0e256c95def8ffde73f1,34c8fe2d74e58308c5b02bc93d384d7e,bd01c3088851cd1e4b08a0a1a096be01,1f28e063c4e5e1bc48ff55269617dd2f,Unknown,H20,8,192,HP,dev,genai,true,8.0,821001453568,184.0,8.0,0.0,0.0,0.0003373792270538147,0.0023650471830137685,true,0,282,0,02
bbed53dd1fac3f45ca1f9e31318bdf0a,,c845b0bdef0101ac4a6c2bce2b200c64,1f28e063c4e5e1bc48ff55269617dd2f,Unknown,H20,8,192,HP,dev,rec,false,1.0,102625181696,8.0,1.0,0.0,0.0,0.028953819444448307,0.045964932441711424,true,28,-1,0,02
cd91bc1f46e8420724100d4aeb255f07,6129f331bcf1862affffd55de8ebfd17,4f0558365e3234ca6d0246915ac3160e,1f28e063c4e5e1bc48ff55269617dd2f,Unknown,H20,8,192,HP,dev,dev,false,4.0,410500726784,80.0,4.0,0.0,0.0,0.0003703819444444382,0.0014021068793402783,true,0,501,0,02
2e256efb865bb159b627038d31f23c2f,,78f1acc465ab4a41060ea542f9de7217,da8d7fb8796ea962e14eef38624d8059,Unknown,A10,1,128,HP,dev,cv,false,0.25,6036652032,2.0,0.25,,2.3908036747685184,0.6573319444444337,0.19694370702222222,true,0,-1,0,03
5677d4389414856ae893bae6420a19cf,8f81ec9c423f7d09cbf8bdf82abc17cb,3cff997738047bd85a856376d2bd14fd,1f28e063c4e5e1bc48ff55269617dd2f,Unknown,H20,8,192,HP,dev,dev,false,4.0,410500726784,94.0,4.0,69.66731697156585,0.0,0.00020106382978723423,0.0019485964172187892,false,0,-1,0,03
6d4b4e7dd23da44937a9ed6b9016570d,e02f0364244e36f68514da233a3177e0,b8cf7ba507aeba5ea03e82d65d6d22b1,2f9611355f71fe804da2606899ddfb36,Unknown,A100,8,128,HP,dev,rec,false,8.0,687194767360,80.0,8.0,0.0,0.0,0.0015156249999999998,0.001334912950793902,true,127,41,0,03
7d47fa3f1c0e489e0cb9742284c8e5e4,28c017e5bf4559bb2a7ae76ee9eb41cd,5082ec7f5d9e62ffb5a2f34a97688eff,2f9611355f71fe804da2606899ddfb36,Unknown,A100,8,128,HP,dev,dev,false,8.0,687194767360,120.0,8.0,0.0,0.0,0.0009067592592608114,0.08253407349084804,true,83805,80,0,03
91a842b635a673d08c9e2fd414c41118,,f05855d13b09d39206e98dfb3d661525,1f28e063c4e5e1bc48ff55269617dd2f,Unknown,H20,8,192,HP,dev,dev,false,1.0,102625181696,23.0,1.0,0.0,0.0,0.0010775362318840606,0.003872666919849537,,,,0,03
9c48d67654934e130fcdfd61aa237f18,,61084d6685428f93690ea06dc5e949cc,9089d80baea5f56a3c169801052daa1f,Unknown,XPU-C,2,192,HP,dev,rec,false,1.0,51539607552,8.0,1.0,0.0,0.419189453125,0.01890937500000001,0.14646032452583313,true,0,32,0,03
b354c1d663c36906b684d869760e52f6,f83f5b55e5f4ac51a786457a64aa3c5d,f5984aa4996bc4ee2f2508d39417a453,87532e3737169e035fad3c9f3ab7f85e,Unknown,H20,8,192,HP,dev,dev,false,8.0,821001453568,184.0,8.0,298.4066148371998,210.07322265624998,0.10057583031400927,0.01769590456289203,true,11,45,0,03
b67d613eba284f4d6ab1a42800f92c09,,78ffbf0eec07a53d8298e01a52f79625,da8d7fb8796ea962e14eef38624d8059,Unknown,A10,1,128,HP,dev,cv,false,0.25,6036652032,2.0,0.25,,3.021484375,0.1072319444444535,0.15417527182222227,true,0,19,0,03
e22a3d74d5be27772d311bdc698a2f4f,3e6aed1831941e5d98432b57ce867426,f519773fe81fe13b994a623a98a934f9,1f28e063c4e5e1bc48ff55269617dd2f,Unknown,H20,8,192,HP,dev,dev,false,8.0,821001453568,184.0,8.0,0.0,0.0,0.00018426932367149754,0.0005461718976056135,true,0,30,0,03
1715174ee3264a2743714e908bcf4b53,fd330434275be71c38112a86461c54ea,a3eb89c059997ea374bcfa2a70c3fd44,1f28e063c4e5e1bc48ff55269617dd2f,Unknown,H20,8,192,HP,dev,dev,false,2.0,205250363392,46.0,2.0,0.0,0.0,0.0005500000000000982,0.0019471049442997678,true,1117,14,0,04
1b134b07314b3dc86b414f85fa684571,,d82410424d57f7ed6b6e7e8693e13a8e,3f39b4b673832cdb370477e6042ec0a7,Unknown,L20,2,192,HP,dev,dev,false,1.0,48305799168,32.0,1.0,0.0,0.0,0.0006890624999999139,0.0021372155611307855,true,239,619,0,04
2796b74f0b5d61699fe1ade47ba2c474,4df9336064b1db01b24433417feb0c15,7f218e64d6357bae38eed8f6c10d1d18,2f9611355f71fe804da2606899ddfb36,Unknown,A10,1,128,HP,dev,rec,false,1.0,23836098560,8.0,1.0,0.0,0.0,0.024935582010585666,0.07931387854946984,true,273,41,0,04
32b48124f4f091e592e9df2fb0782f79,646875eb83ee48d4a826f21da13a793a,68118431221bcecb06260dab305afa35,2f9611355f71fe804da2606899ddfb36,Unknown,A10,1,128,HP,dev,rec,false,1.0,24146608128,8.0,1.0,0.0,0.0,0.08362812499999968,0.07373582124710083,true,788,42,0,04
592c8da357d6d2a2d170b21af7b4e912,,6fe6d555820da64443af76c920b0a6ed,3f39b4b673832cdb370477e6042ec0a7,Unknown,L20,2,192,HP,dev,dev,false,1.0,48305799168,32.0,1.0,0.0,27.15625,0.010750954861111193,0.02503266225271393,true,86,-1,0,04
59888d8407827800974a2784513fbeca,3472116d33848494f4adc244460d2c32,6dfe28197d486fa34cb41c7eed77dd92,2f9611355f71fe804da2606899ddfb36,Unknown,A100,8,128,HP,dev,dev,false,2.0,171798691840,30.0,2.0,0.0,0.0,0.0005454629629629953,0.0012025909653177486,true,41,29,0,04
a4c54be59a26a73497616b3760d0dfdc,6acd56a1427159bde6418b43f937aab0,373736b5e05870b272fd90f3d3223bea,1f28e063c4e5e1bc48ff55269617dd2f,Unknown,H20,8,192,HP,dev,unknown,false,4.0,410500726784,94.0,4.0,259.50838646383676,266.8203385416666,0.06420045296456262,0.08946550805906683,false,0,-1,0,04
a5057230c8341a513fbf0956fb655385,a3ef6bfed260f8957046c242abe462ff,a3eb89c059997ea374bcfa2a70c3fd44,1f28e063c4e5e1bc48ff55269617dd2f,Unknown,H20,8,192,HP,dev,dev,false,1.0,102625181696,23.0,1.0,0.0,0.0,0.0010991545893719833,0.005245066550925928,true,0,85,0,04
cc1e00a97d924d0b46fa31f571971cf7,ca7bffb797f9541c195b4fc338de5176,aea5a0cffeddd577c283e45c91ac8638,2f9611355f71fe804da2606899ddfb36,Unknown,A100,8,128,HP,dev,dev,false,8.0,687194767360,112.0,8.0,0.0,0.0,0.009190848214285714,0.0007868821207682291,true,1945,601,0,04
16e012e3bded8327bd55f85f5664e7a6,257ef2df480ca3ad863ff19d7318853b,f455b5cc1a663ef2926ec080b0e22bad,4d6f06d02df4e9de96966a73d9e8a4dd,Unknown,A10,1,128,HP,dev,rec,false,1.0,24146608128,4.0,1.0,0.0,0.0,0.04323055555555279,0.0848821136686537,true,1,318,0,05
292dd5fb3f5100b10d1b06000517e6e8,,318c0a508b8926ec96461ab77e556a27,4d6f06d02df4e9de96966a73d9e8a4dd,Unknown,A10,1,128,HP,dev,cv,false,1.0,24146608128,4.0,1.0,0.0,7.174674272486772,0.052882638888881485,0.1874866247111111,true,0,-1,0,05
3001b428ac48af4edaa4c5afaaf2985f,1de68e2f8c7726eba8e8d0c195ab7cc4,3369ff08e1bc28194395cb46aa417557,2f9611355f71fe804da2606899ddfb36,Unknown,A100,8,128,HP,dev,dev,false,8.0,687194767360,120.0,8.0,710.8427093496451,578.2265625,0.06860145833333324,0.04594153991699217,true,0,52,0,05
78a5b5a0d585fc7c527b9ae97a2608a7,b3648f5d991ff2375cbc0e8434f53633,7373f189e67701f093427fbb6df78405,2f9611355f71fe804da2606899ddfb36,Unknown,XPU-B,8,192,HP,dev,rec,false,1.0,51136954368,4.0,1.0,0.0,0.0,0.040065923489284505,0.1038698434829712,true,126,-1,0,05
8bce5fb7aa089782816667df528b3e48,,11b96c823899ca500bd6369f64729195,3f39b4b673832cdb370477e6042ec0a7,Unknown,L20,2,192,HP,dev,rec,false,1.0,48305799168,8.0,1.0,0.0,0.0,0.028344444444442667,0.05652331422876428,true,0,42,0,05
af588e9872f2129813798641027c84da,b4c62b2ede4c8be9b941b46cf8065f00,5dc8c25449d77f432e7ddfb257c89bf1,2f9611355f71fe804da2606899ddfb36,Unknown,H800,8,192,LP,dev,genai,true,8.0,684166479872,128.0,8.0,0.0,0.0,0.0,8.3446502685547e-07,true,432,544,0,05
d5fb2dab0716db174a1ddf3ab24278df,,4c43eed06ca601fdb5667df3b4b366b5,70870b9abdf0a944615e4987e21869b3,Unknown,H20,8,192,HP,dev,rec,false,1.0,102625181696,32.0,1.0,0.0,0.0,0.015551996527777494,0.012801003290547265,true,11,60,0,05
f408e5931fdf2e959ff99efa9e307c72,,ce7d05bbf43af620c386f781c932a198,87532e3737169e035fad3c9f3ab7f85e,Unknown,L20,2,192,HP,dev,cv,false,0.11,5640000000,16.0,0.11,,0.0,0.011836291248955775,0.025845050311111124,true,1,13,0,05
384823db435c9d67c0dd33205c9c85c5,7145d39f6c3e15ffd44d034e534848d3,62c7ab1ff20ed559d696f4b0a2bdfc13,1f28e063c4e5e1bc48ff55269617dd2f,Unknown,H20,8,192,HP,dev,dev,false,4.0,410500726784,92.0,4.0,0.0,27.994140625,0.0004132548309210239,0.06127207017686633,true,32648,30,0,06
3944fe043f3a2a5b8bdad73eb04a7284,,10335634441392159828775d9c928bd3,1f28e063c4e5e1bc48ff55269617dd2f,Unknown,H20,8,192,HP,dev,rec,false,4.0,410500726784,96.0,4.0,0.0,0.0,0.0016658683021210476,0.004914422697491119,true,0,67,0,06
47448c27edcea488d2a0e1eaea0b738e,4a5ba6f2fa09839f1ea245c81f6e762f,64af336119e1c4dfef063b47cdfa5810,2f9611355f71fe804da2606899ddfb36,Unknown,A100,8,128,HP,dev,dev,false,1.0,85899345920,15.0,1.0,0.0,0.0,0.028230925925921087,0.11944890611577623,true,0,112,0,06
4eadec9b0b44625be21b75a60ee48124,,c2291ad1e91ac0c54b6a4967e7edcb47,1f28e063c4e5e1bc48ff55269617dd2f,Unknown,H20,8,192,HP,dev,rec,false,1.0,102625181696,8.0,1.0,0.0,37.55078125,0.03335486111111132,0.17588475512133706,true,0,428,0,06
5bbbce0770034cc46f8af2de8786ddb7,c5de0fbc8b155874bd88fcefb69d1f14,a7167d15fd7fa781349a87655c3d4e12,2f9611355f71fe804da2606899ddfb36,Unknown,A100,8,128,HP,dev,dev,false,1.0,85899345920,15.0,1.0,0.0,0.0,0.016603333333334712,0.02738231924175528,true,86,36,0,06
aeff44008065984eb816d6d400356866,,f8812342438fca70f71d0a7b1e4dd835,da8d7fb8796ea962e14eef38624d8059,Unknown,A10,1,128,HP,dev,cv,false,0.25,6036652032,2.0,0.25,,1.5664608048804016,0.6691987990810401,0.20130011022222224,true,0,-1,0,06
b2f9e89799ba29aa73228ae0fb194a77,b2d1426e79ef366f0a16f7eccbb2e3b2,870e6bb544658bb37cfbc97fcbb1afa4,70870b9abdf0a944615e4987e21869b3,Unknown,H20,8,192,HP,dev,dev,false,8.0,821001453568,184.0,8.0,0.0,0.0,0.00023245772946859278,0.000550848275643808,true,0,481,0,06
b7a372810efb26cc8d97a155d18e8d53,,0bbd4664240f1ff77a41a58288f09ad7,87532e3737169e035fad3c9f3ab7f85e,Unknown,L20,2,192,HP,dev,cv,false,1.0,48305799168,4.0,1.0,0.0,43.1015625,0.033599305555560725,0.030192855466666675,true,0,44,0,06
c4af631f7960770cf53ecee232909141,db66dd06e69ce6f5635f4a382df10dd6,023baedc048d5c8b749537c5a4b5658f,2f9611355f71fe804da2606899ddfb36,Unknown,A10,1,128,HP,dev,rec,false,1.0,24146608128,16.0,1.0,0.0,10.337890625,0.0123857638888876,0.16278873648908404,true,837,-1,0,06
ce45f46165ff65096da3a20f19b95bb0,8af86134371920e9327c9f02ef28990e,6dfe28197d486fa34cb41c7eed77dd92,2f9611355f71fe804da2606899ddfb36,Unknown,A100,8,128,HP,dev,dev,false,4.0,343597383680,60.0,4.0,0.0,304.6328125,0.06944476851851993,0.022858452166724393,true,44,22,0,06
d401857a04f7887f4fbbd899f5297d31,d4585469e26c7d746bf514c73f9bd42d,1f9d51f440c1a08da200d54f462df7ee,4d6f06d02df4e9de96966a73d9e8a4dd,Unknown,A10,1,128,HP,dev,rec,false,1.0,24146608128,16.0,1.0,0.0,7.796875,0.017204166666666024,0.28498011695014114,true,0,42,0,06
035896bbf38dd14ed7a436efbcd320a7,c0e27200e52f7c7f5e82c53cb8e34782,11b938b3fc35d7486d7c3bbe723235d5,1f28e063c4e5e1bc48ff55269617dd2f,Unknown,H20,8,192,HP,dev,dev,false,8.0,821001453568,184.0,8.0,0.0,6.26953125,0.00023993055547637054,0.04232344019006799,true,103,25,0,07
12af67f424136bb8737b2cb5328ead27,32f1d099d81bf03a418160c5c6b30812,a45b51b3eff7edec841e3f2d6ecc4a2d,da8d7fb8796ea962e14eef38624d8059,Unknown,A10,1,128,HP,dev,rec,false,1.0,24146608128,16.0,1.0,0.0,0.0,0.012143402777777128,0.025679406026999155,true,57,57,0,07
1794f1ff9c5926279aec2b025a8f9a54,fcf5e6cea6cfae48f705e434748f9cb7,485092fbb1a291d99b28f6ab9ef07057,87532e3737169e035fad3c9f3ab7f85e,Unknown,H20,8,192,HP,dev,dev,false,8.0,821001453568,184.0,8.0,0.0,0.0,0.0027177989130428037,0.0022849522744455655,true,0,29,0,07
1f5b37faaf21864d409e69f11dd3b5ab,1053f535996ca7ea1f62d2b2a704b466,d51ab33adec5f265f67ff38c9162df9d,1f28e063c4e5e1bc48ff55269617dd2f,Unknown,H20,8,192,HP,dev,dev,false,4.0,410500726784,94.0,4.0,0.0,0.0,0.007304728132387824,0.001999658597383462,false,2760,-1,0,07
4df20a6cfbdf8dd88549cc4b0021d837,,95c91d882fe62a7c58dce199c1bb06e2,3f39b4b673832cdb370477e6042ec0a7,Unknown,L20,2,192,HP,dev,rec,false,1.0,48305799168,2.0,1.0,0.0,0.3359375,0.11246805555555511,0.10725126796298556,true,0,732,0,07
57c3f00a1a4a7f09aff5a40baf594b76,ce9d209a73e6246418c15aeac0d63131,6700ce6c9c7fd6d5c0f3c6d2708abe36,1f28e063c4e5e1bc48ff55269617dd2f,Unknown,H20,8,192,HP,dev,dev,false,1.0,102625181696,23.0,1.0,0.0,0.0,0.00224347826086959,0.006100467469262295,true,1380,506,0,07
6357854459065d35768b96252346103a,,7be84ea90e1ca344cfa2f204565421c4,1f28e063c4e5e1bc48ff55269617dd2f,Unknown,H20,8,192,HP,dev,rec,false,2.0,205250363392,16.0,2.0,0.0,0.0,0.017690277777777128,0.3010376902090179,true,0,12,0,07
6752d4c7af68d2cde9b329be385149c5,3436d827d2df318a1786e3f97e0468d2,69c885aa2b02950b0c52ac531c2ac112,1f28e063c4e5e1bc48ff55269617dd2f,Unknown,H20,8,192,HP,dev,dev,false,2.0,205250363392,40.0,2.0,0.0,0.0,0.000693263888889002,0.08203778450520835,true,0,86,0,07
7a39f556a9528fc7030ab191446f3674,2bba1f03bfbf50c47d2d54dc60da633b,cfcb89b58b328a8f3aa086ab894eed79,6d5f55ee85c1bb785b2cba94ef7545b3,Unknown,XPU-E,16,192,HP,dev,dev,false,2.0,205353123840,22.0,2.0,0.0,0.0,0.0006114898989898962,0.0006516950593171295,true,0,554,0,07
831ebc0ce62736633532c2b05543cb66,5d1c95c1839a6ee927d23f7da9551872,c5e9b5070e4972ee35a48a7dd6d0aeb7,2f9611355f71fe804da2606899ddfb36,Unknown,A100,8,128,HP,dev,dev,false,1.0,85899345920,14.0,1.0,0.0,0.0,0.0022210317460317906,0.007530092230902774,true,0,29,0,07
89ce8afb39e2a1fb04c4761190ce88d5,ab61c98095f0397b6c20bb1c1c08f685,b1c5f80ae8e0dfa2c9e49d91dbba04df,2f9611355f71fe804da2606899ddfb36,Unknown,A100,8,128,HP,dev,dev,false,1.0,85899345920,15.0,1.0,0.0,0.0,0.08206185185185345,0.05868284419767572,true,0,40,0,07
ac886b009f21dc65d9ced51c9a600375,,792f4f5e828bf288e92a817ead5ecf96,1f28e063c4e5e1bc48ff55269617dd2f,Unknown,H20,8,192,HP,dev,rec,false,8.0,821001453568,80.0,8.0,0.0,0.0,0.001278063822751317,0.001298131048679352,true,0,85,0,07
bca1bb5c067236d04f35e3832ac431b5,,45ec99e0b88106330866a80e88de18f2,3f39b4b673832cdb370477e6042ec0a7,Unknown,L20,2,192,HP,dev,rec,false,1.0,48305799168,4.0,1.0,0.0,0.02740478515625,0.050034027777777094,0.17001115878423054,true,0,55,0,07
c7b5370f10b8660498b4809d4d034f44,a7bd1a6c8b2164d9a5a245c70b2913dc,c56ced870676acfae822839403db4d01,87532e3737169e035fad3c9f3ab7f85e,Unknown,H20,8,192,HP,dev,dev,false,8.0,821001453568,184.0,8.0,692.2546892660077,409.61328125,0.10958873792270535,0.06104620866672967,true,0,30,0,07
d70f3f8ec235cfe22c4997f7fd44340f,,29726af58b2fb180274b1e810c3f4472,3f39b4b673832cdb370477e6042ec0a7,Unknown,L20,2,192,HP,dev,rec,false,1.0,48305799168,4.0,1.0,0.0,30.50390625,0.06140902777777786,0.10281020336680942,true,0,43,0,07
035896bbf38dd14ed7a436efbcd320a7,c0e27200e52f7c7f5e82c53cb8e34782,11b938b3fc35d7486d7c3bbe723235d5,1f28e063c4e5e1bc48ff55269617dd2f,Unknown,H20,8,192,HP,dev,dev,false,8.0,821001453568,184.0,8.0,0.0,6.26953125,0.00023321256041526793,0.042325980789749695,true,103,25,0,08
12af67f424136bb8737b2cb5328ead27,32f1d099d81bf03a418160c5c6b30812,a45b51b3eff7edec841e3f2d6ecc4a2d,da8d7fb8796ea962e14eef38624d8059,Unknown,A10,1,128,HP,dev,rec,false,1.0,24146608128,16.0,1.0,0.0,0.0,0.01170659722222302,0.02568208691146639,true,57,57,0,08
1794f1ff9c5926279aec2b025a8f9a54,fcf5e6cea6cfae48f705e434748f9cb7,485092fbb1a291d99b28f6ab9ef07057,87532e3737169e035fad3c9f3ab7f85e,Unknown,H20,8,192,HP,dev,dev,false,8.0,821001453568,184.0,8.0,0.0,0.0,0.0026374396135308447,0.0029581353081597245,true,0,29,0,08
1f5b37faaf21864d409e69f11dd3b5ab,1053f535996ca7ea1f62d2b2a704b466,d51ab33adec5f265f67ff38c9162df9d,1f28e063c4e5e1bc48ff55269617dd2f,Unknown,H20,8,192,HP,dev,dev,false,4.0,410500726784,94.0,4.0,0.0,0.0,0.007032299054373513,0.0020746979220160134,false,2760,-1,0,08
4df20a6cfbdf8dd88549cc4b0021d837,,95c91d882fe62a7c58dce199c1bb06e2,3f39b4b673832cdb370477e6042ec0a7,Unknown,L20,2,192,HP,dev,rec,false,1.0,48305799168,2.0,1.0,0.0,0.3359375,0.108930555555556,0.10725446078512403,true,0,732,0,08
57c3f00a1a4a7f09aff5a40baf594b76,ce9d209a73e6246418c15aeac0d63131,6700ce6c9c7fd6d5c0f3c6d2708abe36,1f28e063c4e5e1bc48ff55269617dd2f,Unknown,H20,8,192,HP,dev,dev,false,1.0,102625181696,23.0,1.0,0.0,0.0,0.002245048309178736,0.006103912297928048,true,1380,506,0,08
6357854459065d35768b96252346103a,,7be84ea90e1ca344cfa2f204565421c4,1f28e063c4e5e1bc48ff55269617dd2f,Unknown,H20,8,192,HP,dev,rec,false,2.0,205250363392,16.0,2.0,0.0,0.0,0.01730972222222287,0.3010699987411499,true,0,12,0,08
6752d4c7af68d2cde9b329be385149c5,3436d827d2df318a1786e3f97e0468d2,69c885aa2b02950b0c52ac531c2ac112,1f28e063c4e5e1bc48ff55269617dd2f,Unknown,H20,8,192,HP,dev,dev,false,2.0,205250363392,40.0,2.0,0.0,0.0,0.0006754166666665289,0.08203994976128472,true,0,86,0,08
7a39f556a9528fc7030ab191446f3674,2bba1f03bfbf50c47d2d54dc60da633b,cfcb89b58b328a8f3aa086ab894eed79,6d5f55ee85c1bb785b2cba94ef7545b3,Unknown,XPU-E,16,192,HP,dev,dev,false,2.0,205353123840,22.0,2.0,0.0,0.0,0.0006037878787878803,0.0006516441514756949,true,0,554,0,08
7bbd13bc4a00dff67f8d62ffa9beeab2,8aff0f88b8e7f610a8c82be3942f389b,adc97aa83baf32515f71496eac80291b,2f9611355f71fe804da2606899ddfb36,Unknown,A100,8,128,HP,dev,dev,false,1.0,85899345920,15.0,1.0,0.0,7.80078125,0.012858888888886819,0.14652344317490198,true,0,-1,0,08
831ebc0ce62736633532c2b05543cb66,5d1c95c1839a6ee927d23f7da9551872,c5e9b5070e4972ee35a48a7dd6d0aeb7,2f9611355f71fe804da2606899ddfb36,Unknown,A100,8,128,HP,dev,dev,false,1.0,85899345920,14.0,1.0,0.0,0.0,0.002134325396824956,0.007526666124131947,true,0,29,0,08
89ce8afb39e2a1fb04c4761190ce88d5,ab61c98095f0397b6c20bb1c1c08f685,b1c5f80ae8e0dfa2c9e49d91dbba04df,2f9611355f71fe804da2606899ddfb36,Unknown,A100,8,128,HP,dev,dev,false,1.0,85899345920,15.0,1.0,0.0,0.0,0.07898425925925756,0.0662934465203447,true,0,40,0,08
ac886b009f21dc65d9ced51c9a600375,,792f4f5e828bf288e92a817ead5ecf96,1f28e063c4e5e1bc48ff55269617dd2f,Unknown,H20,8,192,HP,dev,rec,false,8.0,821001453568,80.0,8.0,0.0,0.0,0.0011549999999999978,0.0012970534049802356,true,0,85,0,08
bca1bb5c067236d04f35e3832ac431b5,,45ec99e0b88106330866a80e88de18f2,3f39b4b673832cdb370477e6042ec0a7,Unknown,L20,2,192,HP,dev,rec,false,1.0,48305799168,4.0,1.0,0.0,0.02740478515625,0.050409027777778746,0.16994433535469902,true,0,55,0,08
c7b5370f10b8660498b4809d4d034f44,a7bd1a6c8b2164d9a5a245c70b2913dc,c56ced870676acfae822839403db4d01,87532e3737169e035fad3c9f3ab7f85e,Unknown,H20,8,192,HP,dev,dev,false,8.0,821001453568,184.0,8.0,696.2502724173396,409.61328125,0.10721895590110014,0.06167256185333362,true,0,30,0,08
d70f3f8ec235cfe22c4997f7fd44340f,,29726af58b2fb180274b1e810c3f4472,3f39b4b673832cdb370477e6042ec0a7,Unknown,L20,2,192,HP,dev,rec,false,1.0,48305799168,4.0,1.0,0.0,30.50390625,0.059588194444444416,0.10281701352861193,true,0,43,0,08
e31565e2bfcd6520414b22eab3248bcf,5ec65c94a2ab34cf8938dc057e7fe30d,b1c5f80ae8e0dfa2c9e49d91dbba04df,2f9611355f71fe804da2606899ddfb36,Unknown,A100,8,128,HP,dev,dev,false,1.0,85899345920,15.0,1.0,0.0,0.0,0.012241481481481098,0.0026770188368393922,true,0,649,0,08
0116f60fa2368fdb4a6ada82f3b90b13,e6501df2ce02e4ded08542ae82616e23,1c6af4201c594f774afe363b0e3377c2,2f9611355f71fe804da2606899ddfb36,Unknown,A100,8,128,HP,dev,dev,false,2.0,171798691840,28.0,2.0,0.0,0.0,0.0010279406353184777,0.008083045609085652,false,29,-1,0,09
1acdab9ea0152eb7d2b44af664804790,5b1bf83b77b93203a1d86afff6375d97,67c3af2313e474bf1bd595c5ba909312,1f28e063c4e5e1bc48ff55269617dd2f,Unknown,H20,8,192,HP,dev,dev,false,1.0,102625181696,23.0,1.0,0.0,0.0,0.46151261063286203,0.015978628833912042,true,0,42,0,09
29aabc84de900649f4464494fa6ccc78,c7213f24bd65c7dbf259e4693f80be2f,eac848f8bbb01feb1d814311ab89b594,2f9611355f71fe804da2606899ddfb36,Unknown,A100,8,128,HP,dev,dev,false,1.0,85899345920,15.0,1.0,61.51834483333333,46.577942708333325,1.7622462962965177,0.04976415512990831,true,2,56,0,09
9677e4a5190819509db61d2a86c12efe,30b4d7a38be8bec616cfc730441378fc,838a808b8c19528c85addebad7bdaf53,1f28e063c4e5e1bc48ff55269617dd2f,Unknown,H20,8,192,HP,dev,dev,false,2.0,205250363392,48.0,2.0,52.516508888888914,0.0,0.0007079282407407464,0.017410444964257636,true,12,32,0,09
a5ee61c2d39260b0eaefdfb2cb716f7f,,85a915c4dd1fe7d4eb4c1d511ba1d3a7,6d5f55ee85c1bb785b2cba94ef7545b3,Unknown,XPU-A,8,192,HP,dev,rec,false,8.0,1649133223936,128.0,8.0,,,0.002532530381944455,0.013949768410788639,true,1812,-1,0,09
b3e0702e863e3db4f2a5b0921c13c722,fe9c50fc7496e5092f6a4a505e43c27b,c6bbe15d232141d1faa50c6024ac697b,87532e3737169e035fad3c9f3ab7f85e,Unknown,H20,8,192,HP,dev,dev,false,8.0,821001453568,64.0,8.0,0.0,0.0,0.0,6.00179036458332e-06,true,0,-1,0,09
cee6e33500fdda005401e79423746a62,27bd63163d44fa648fc022cc105c68bc,b2ff0bf23ecad994f0ec0100bf712027,70870b9abdf0a944615e4987e21869b3,Unknown,H20,8,192,HP,dev,dev,false,2.0,205250363392,40.0,2.0,0.0,0.0,0.001243541666668737,0.006010221879200268,true,34,27,0,09
d2a9fb7a0ab13dbbed640e91a0c6d744,9baefc37dd9bb11593c68661e794b767,3a84b83a7b46a4a4195e2818bafcb516,6d5f55ee85c1bb785b2cba94ef7545b3,Unknown,XPU-E,16,192,HP,dev,dev,false,4.0,410706247680,44.0,4.0,0.0,0.0,0.000752209595959559,0.0011155345323350687,true,0,53,0,09
e450ff0e671eba558636cc29a7f178ac,7b6474cf8dea056fe819fbdf17cd1fa2,f1ff0801f7355fa0d89b790583a089e8,1f28e063c4e5e1bc48ff55269617dd2f,Unknown,H20,8,192,HP,dev,dev,false,2.0,205250363392,46.0,2.0,0.0,0.0,0.0007635575957331223,0.006961799474154116,true,0,-1,0,09
efbbd3e6aefd955588367e6a1aac1c23,9f5f527f7c9a523f83a701c2c2d2c74c,260a1c08e01fa3c2ec6a1ec677435a73,1f28e063c4e5e1bc48ff55269617dd2f,Unknown,XPU-E,16,192,HP,dev,rec,false,2.0,205353123840,20.0,2.0,0.0,0.0,0.0026481944444442167,0.03325283593601653,true,0,40,0,09
fccd39a16a77defe734ac9069918f035,64b6713b11d459fa45f18795a8070cee,29f67c4661ded8bee6cce96751b8a32a,70870b9abdf0a944615e4987e21869b3,Unknown,H20,8,192,HP,dev,dev,false,4.0,410500726784,80.0,4.0,0.0,0.0,0.00040559027777776986,0.0012575801142939806,true,194,14,0,09
0c2eb1d0ab6024162d4130b802ed3e6f,502478595a3adfffc8c91492ed7af5b7,046d5d34587f01eed8b339026a4d2e14,70870b9abdf0a944615e4987e21869b3,Unknown,H20,8,192,HP,dev,dev,false,4.0,410500726784,80.0,4.0,0.0,0.0,0.0006611111111109893,0.00138173900462963,true,0,31,0,10
0e0d7435333596f181a9a7770a83a140,,71774a3c9968488b16f9b6e9d610e727,9089d80baea5f56a3c169801052daa1f,Unknown,XPU-C,2,192,HP,dev,rec,false,1.0,51539607552,16.0,1.0,0.0,0.0,0.006619791666666592,0.023229364885224237,true,0,70,0,10
10808d046e328589350c4d7a3a8df0c5,ea493e8e42ad193cae5b8e654989af90,03e89f4b8b628b4c00f3eca0ac40ddf2,1f28e063c4e5e1bc48ff55269617dd2f,Unknown,H20,8,192,HP,dev,dev,false,1.0,102625181696,13.0,1.0,0.0,0.0,0.005348717948717941,0.005713371672453704,true,0,30,0,10
2808359c528d34918d6e553ddafc9d67,40e9b1047f74856ebc21bfed33baef3e,817584b102d5f5b764628c648666918b,87532e3737169e035fad3c9f3ab7f85e,Unknown,L20,2,192,HP,dev,dev,false,1.0,48305799168,12.0,1.0,0.0,0.896484375,0.00402337962962966,0.024858827061123318,true,0,11,0,10
660a6f230b59d6bd622c3cc8a9ff1dc2,722ae0f0d8799a46246a3124554e3ab8,6c27c105b09c3fe87305ec7996e49548,2f9611355f71fe804da2606899ddfb36,Unknown,XPU-D,8,192,HP,dev,rec,false,8.0,824633720832,96.0,8.0,497.4140778050111,744.8893207465279,0.20770005787037088,0.4747201808293663,true,18876,70,0,10
7140908dd69bcf47ec7696f586347e26,,7f5fd5a1c29f799fa85d9fdde5f242c4,6d5f55ee85c1bb785b2cba94ef7545b3,Unknown,XPU-A,8,192,HP,dev,rec,false,8.0,1649133223936,128.0,8.0,,,0.002721788194444847,0.009021858215332036,true,0,60,0,10
952203d1b7e5ab5fa45d094cfddedd2c,,882c9e47237e1c27847b4a661b0d37d8,3f39b4b673832cdb370477e6042ec0a7,Unknown,L20,2,192,HP,dev,rec,false,1.0,48305799168,8.0,1.0,0.0,0.02740478515625,0.07330590277777649,0.03962392012278239,true,3736,43,0,10
b299f80bea4530beddb46ddd11d56c0e,97a2e50ba389233018d1d51a95f945f1,d3b3f7e0980e85adcb5a59836ebdc86d,87532e3737169e035fad3c9f3ab7f85e,Unknown,L20,2,192,HP,dev,dev,false,1.0,48305799168,12.0,1.0,0.0,17.9140625,0.0005282407407407332,0.08959585560692682,true,72,11,0,10
cc543dd6d3fca45c6c467603a0b25cc9,,521d80d1d7004000df41e1bcd39821c9,4d6f06d02df4e9de96966a73d9e8a4dd,Unknown,A10,1,128,HP,dev,cv,false,1.0,24146608128,8.0,1.0,9.05555555555555e-06,2.5303193204365075,0.02863784722222287,0.3032831907555556,true,0,-1,0,10
f5e197a70a82a18d7cb8c5ec952e0946,0500cf0731fe443287cd39faaeae945d,dff76bd4aa7764078a41289b77280de3,70870b9abdf0a944615e4987e21869b3,Unknown,H20,8,192,HP,dev,dev,false,8.0,821001453568,184.0,8.0,0.48546188888888886,1.4876985677083332,0.0009529438405796812,0.0015889539711791548,true,0,14,0,10
28d2cddbef8e25ff00d66cff7e99505a,27efa87b2534e514f229bd1cf7681abc,c6e93ec7254232ba814bca429d922fe1,2f9611355f71fe804da2606899ddfb36,Unknown,A100,8,128,HP,dev,dev,false,1.0,85899345920,15.0,1.0,80.7797749814815,44.55201171875,0.28417555555556384,0.13080958161295694,true,0,35,0,11
299258c6d7bcf428043fa07b59405868,644d5c0cd80db812d0cd99ac241f4d73,9694fe06681819c67961c40a1b0ba387,1f28e063c4e5e1bc48ff55269617dd2f,Unknown,XPU-E,16,192,HP,dev,dev,false,8.0,821412495360,88.0,8.0,0.0,0.0,0.0004780934343434371,0.06560757439507374,true,0,548,0,11
30330f8b90a549bd9ef10d38997a47bf,,f16ac26e55fb350c9264d88c436ffe36,87532e3737169e035fad3c9f3ab7f85e,Unknown,L20,2,192,HP,dev,cv,false,1.0,48305799168,2.0,1.0,0.0,15.986328125,0.11215277777777775,0.06964175502222225,true,0,-1,0,11
35482d8e12fadfccef2852b38c2f3374,f9330abd4ea651cdd039884e2c69e702,67c3af2313e474bf1bd595c5ba909312,1f28e063c4e5e1bc48ff55269617dd2f,Unknown,H20,8,192,HP,dev,dev,false,2.0,205250363392,46.0,2.0,0.0,0.0,0.0006397342995169226,0.002535710449218749,true,0,88,0,11
4805fd511a1a77a5aadd8b2bb54feedd,c84a60098e969a155813e6bd56895562,aa44634ec3699be65988333ace87876f,2f9611355f71fe804da2606899ddfb36,Unknown,H800,8,192,HP,dev,rec,false,2.0,171041619968,16.0,2.0,0.0,64.119140625,0.07172465277777923,0.07077115890052584,true,1,11,0,11
5a8464d2453a9bd0443ad3ceefa68975,9602ae58a3409b0e58292b7cb1389e41,3f097f2d0e91f21b1ba84afff7125338,4d6f06d02df4e9de96966a73d9e8a4dd,Unknown,A10,1,128,HP,dev,rec,false,1.0,24146608128,8.0,1.0,0.0,0.0,0.019768402777776323,0.09082151320245531,true,40,370,0,11
5aa8d48062a9eb75bc02f28abd06557a,a081204b14b37bb98064bb386d135d15,25d74cf78891e888789b63e3b795f325,2f9611355f71fe804da2606899ddfb36,Unknown,A10,1,128,HP,dev,dev,false,1.0,23836098560,16.0,1.0,63.6503217037037,13.493776041666665,0.05199427083333118,0.7124479449676632,true,1,-1,0,11
7da662c77cf87bbdfd95a0709b950fda,,05fb6a8dd5320c728d38927aae26d91f,3f39b4b673832cdb370477e6042ec0a7,Unknown,L20,2,192,HP,dev,dev,false,1.0,48305799168,32.0,1.0,0.0,8.0625,0.008230121527776647,0.002229365980888001,true,0,552,0,11
98265f5e2945cd387dafac578e55011d,5ebdbef8dba99fa898e09d989703d53a,8806f483c99266522546ecf815419c48,2f9611355f71fe804da2606899ddfb36,Unknown,A100,8,128,HP,dev,dev,false,4.0,343597383680,60.0,4.0,229.6823297897683,159.30359266493056,0.2380545643042799,0.21308270530032125,true,90,29,0,11
b7e699eb0563782d82b8bc76ae1233dd,a0f0cbe86a394890af22851010515fd5,5f0bf4a3bd27a46922d4befa88b83dba,1f28e063c4e5e1bc48ff55269617dd2f,Unknown,H20,8,192,HP,dev,dev,false,2.0,205250363392,46.0,2.0,0.0,0.0,0.0004522371750632876,0.037322087955935584,true,2081,238,0,11
bf912d7cacfd80eedbf05f045c496834,5c825c1a377d4e0d0e704ca867becd5e,36ef6ce6a4a16999714675022e612856,2f9611355f71fe804da2606899ddfb36,Unknown,A100,8,128,HP,dev,dev,false,2.0,171798691840,30.0,2.0,0.0,0.0,0.006528148148148497,0.012238921395808037,true,0,502,0,11
d655dec4e9c0ba85daf6e893f338655d,a7b774f4eab4b4aac428f2763201e3a8,69c885aa2b02950b0c52ac531c2ac112,1f28e063c4e5e1bc48ff55269617dd2f,Unknown,H20,8,192,HP,dev,dev,false,1.0,102625181696,20.0,1.0,0.0,0.0,0.0012883333333333108,0.05373992990451393,true,0,30,0,11
f1260cf46e3b5f54bb77c0fb4595d1cb,4ef818d47e62ba4310bddc5f2be27713,cba55ac6f4dc4ac2e140b37b510380b6,70870b9abdf0a944615e4987e21869b3,Unknown,H20,8,192,HP,dev,dev,false,2.0,205250363392,40.0,2.0,0.0,31.587890625,0.0007587500000000648,0.034106397184419796,true,20230,510,0,11
f4dc20d94e73973ddd90bedc6e949ff4,6ef7cbd89efdc59039ab4838485c10aa,3f2bb886b17741b3e831619a41001763,70870b9abdf0a944615e4987e21869b3,Unknown,H20,8,192,HP,dev,dev,false,2.0,205250363392,46.0,2.0,3e-06,3.2143012152777777,0.0052772342995169065,0.0033714411472334223,false,1,-1,0,11
384823db435c9d67c0dd33205c9c85c5,7145d39f6c3e15ffd44d034e534848d3,62c7ab1ff20ed559d696f4b0a2bdfc13,1f28e063c4e5e1bc48ff55269617dd2f,Unknown,H20,8,192,HP,dev,dev,false,4.0,410500726784,92.0,4.0,134.69806983333334,97.9381499565972,0.031551751207733535,0.13785295125325525,true,32648,30,0,12
3944fe043f3a2a5b8bdad73eb04a7284,,10335634441392159828775d9c928bd3,1f28e063c4e5e1bc48ff55269617dd2f,Unknown,H20,8,192,HP,dev,rec,false,4.0,410500726784,96.0,4.0,0.0,0.0,0.001598292824074082,0.004918753835890027,true,0,67,0,12
47448c27edcea488d2a0e1eaea0b738e,4a5ba6f2fa09839f1ea245c81f6e762f,64af336119e1c4dfef063b47cdfa5810,2f9611355f71fe804da2606899ddfb36,Unknown,A100,8,128,HP,dev,dev,false,1.0,85899345920,15.0,1.0,0.0,0.0,0.02869092592593558,0.12018564373605878,true,0,112,0,12
4eadec9b0b44625be21b75a60ee48124,,c2291ad1e91ac0c54b6a4967e7edcb47,1f28e063c4e5e1bc48ff55269617dd2f,Unknown,H20,8,192,HP,dev,rec,false,1.0,102625181696,8.0,1.0,0.0,37.55078125,0.03322222222222231,0.17584626144833035,true,0,428,0,12
5bbbce0770034cc46f8af2de8786ddb7,c5de0fbc8b155874bd88fcefb69d1f14,a7167d15fd7fa781349a87655c3d4e12,2f9611355f71fe804da2606899ddfb36,Unknown,A100,8,128,HP,dev,dev,false,1.0,85899345920,15.0,1.0,0.0,0.0,0.016970555555558316,0.027476632939279415,true,86,36,0,12
78e4f8363f7a13184bf68865ee31de7e,,29e2f9de33a8f2dd6bea24186e526bde,1f28e063c4e5e1bc48ff55269617dd2f,Unknown,H20,8,192,HP,dev,rec,false,8.0,821001453568,96.0,8.0,0.0,0.0,0.002975810185185193,0.005911487552854758,true,0,83,0,12
aeff44008065984eb816d6d400356866,,f8812342438fca70f71d0a7b1e4dd835,da8d7fb8796ea962e14eef38624d8059,Unknown,A10,1,128,HP,dev,cv,false,0.25,6036652032,2.0,0.25,,1.6001210455246915,0.678973941798951,0.21653303371851862,true,0,-1,0,12
b2f9e89799ba29aa73228ae0fb194a77,b2d1426e79ef366f0a16f7eccbb2e3b2,870e6bb544658bb37cfbc97fcbb1afa4,70870b9abdf0a944615e4987e21869b3,Unknown,H20,8,192,HP,dev,dev,false,8.0,821001453568,184.0,8.0,0.0,0.0,0.00023417874396136753,0.0005489293077256942,true,0,481,0,12
b7a372810efb26cc8d97a155d18e8d53,,0bbd4664240f1ff77a41a58288f09ad7,87532e3737169e035fad3c9f3ab7f85e,Unknown,L20,2,192,HP,dev,cv,false,1.0,48305799168,4.0,1.0,0.0,43.1015625,0.03285763888889049,0.030088556799999965,true,0,44,0,12
c683587f806976ff4afb75a97a361c1c,40688aad87f761edfcd06994702011e0,1adcf35ed7f2e30cbd755394ef9df2ef,2f9611355f71fe804da2606899ddfb36,Unknown,A800,8,128,HP,dev,dev,false,1.0,85899345920,14.0,1.0,0.0,0.0,0.0039599206349206295,0.004915830982349537,true,0,46,0,12
ce45f46165ff65096da3a20f19b95bb0,8af86134371920e9327c9f02ef28990e,6dfe28197d486fa34cb41c7eed77dd92,2f9611355f71fe804da2606899ddfb36,Unknown,A100,8,128,HP,dev,dev,false,4.0,343597383680,60.0,4.0,0.0,304.6328125,0.06942185185184806,0.022858081309927353,true,44,22,0,12
d401857a04f7887f4fbbd899f5297d31,d4585469e26c7d746bf514c73f9bd42d,1f9d51f440c1a08da200d54f462df7ee,4d6f06d02df4e9de96966a73d9e8a4dd,Unknown,A10,1,128,HP,dev,rec,false,1.0,24146608128,16.0,1.0,0.0,7.796875,0.013314998433583717,0.2847768783569335,true,0,42,0,12
0e3d14efae441b74945cf93e905771bf,d35800e894a69a0ca45e05585dbcac43,284be80cdb514c418b4c9db3f291073a,6d5f55ee85c1bb785b2cba94ef7545b3,Unknown,XPU-E,16,192,HP,dev,dev,false,16.0,1642824990720,176.0,16.0,426.0065416988374,759.658203125,0.11256677714646547,0.16313089012993706,true,2185,479,0,13
1ce38d796931b537bc952ddee5fcd3e9,b480404a690f837cff5a7d5c6515dbef,479a99d423386dad28834ec41e575ce4,1f28e063c4e5e1bc48ff55269617dd2f,Unknown,H20,8,192,HP,dev,dev,false,1.0,102625181696,23.0,1.0,1.9030697672197088,10.73046875,0.026828231508718905,0.01719810445368504,true,0,33,0,13
358c5134a83cd380d5f018ef234eaeb8,df9b4a6d410cf15b38e43838ff220bc6,de3db7ed9a1a08cc26534baf14122db6,70870b9abdf0a944615e4987e21869b3,Unknown,H20,8,192,HP,dev,dev,false,1.0,102625181696,23.0,1.0,0.0,0.0,0.0012839371980676378,0.004318470507112455,true,0,28,0,13
39ee45dc21245c7179070dd1f72ad0f2,ae69ecf7c6cf7e7dc85be09f3dff814f,1a2a1672e92dac5af51d005f0b74a1f5,1f28e063c4e5e1bc48ff55269617dd2f,Unknown,H20,8,192,HP,dev,dev,false,1.0,102625181696,23.0,1.0,48.42313057947902,85.474609375,0.09142101449275258,0.051968833912037056,true,0,26,0,13
84536419afaff89aa9549e2291a1874f,46895fc157aa0769d28d4117aa1dba88,7285518dc33b6e01c36b1b0d68ccf149,1f28e063c4e5e1bc48ff55269617dd2f,Unknown,H20,8,192,HP,dev,genai,true,4.0,410500726784,92.0,4.0,258.291493496212,274.03210394965276,0.04514888285024876,0.10416096148283586,true,0,-1,0,13
96520a1178494dbe44dda4b21fe9ed39,4bb5879ff2c1fc03babff45dae41c2a9,9efeb0df1c9e65f1943041185e96d054,2f9611355f71fe804da2606899ddfb36,Unknown,A100,8,128,HP,dev,dev,false,1.0,85899345920,15.0,1.0,0.0,63.3671875,0.0012940740740741605,0.3655197825600352,true,0,-1,0,13
d3f992e8fa35972a4529b95feed8a694,,c11421100774b13037450da69fb3928d,87532e3737169e035fad3c9f3ab7f85e,Unknown,L20,2,192,HP,dev,rec,false,1.0,48305799168,16.0,1.0,0.0,43.21875,0.024140798611107232,0.15015770180357826,true,0,-1,0,13
e7930d3b088c7c9874bdf2cf30d15e0a,f35d51c20783c37eea2d1439d2ad005c,f53d4dd69d0a5b3c7aba524182a90159,2f9611355f71fe804da2606899ddfb36,Unknown,A100,8,128,HP,dev,dev,false,1.0,85899345920,15.0,1.0,8.062863833333333,72.373046875,0.07402000000000139,0.34638725716072527,true,8214,577,0,13
fd8aa4a9fcdafb7a53a90894b682dbf6,485e3173e8a6819578a73632829a1e55,cf40cfe77730962279bec0573818f9c8,2f9611355f71fe804da2606899ddfb36,Unknown,A100,8,128,HP,dev,dev,false,1.0,85899345920,15.0,1.0,0.0,13.822265625,0.003464259259259389,0.2938152444530619,true,2,493,0,13
15c777d4c81783cdeb6ca9ed743d1b76,1f840e4d589fd8c93d3adff6e60d6da9,2a0a03a655013fd603087c787a52d1d0,87532e3737169e035fad3c9f3ab7f85e,Unknown,H20,8,192,LP,dev,dev,false,1.0,102625181696,8.0,0.6,0.0,0.0,0.014544560185185186,0.014684436497864899,false,87,-1,0,14
469b1611d0aad93e710e0b73904c6c76,4a86d667a085ba23b835c2c41fc11d0a,45dcdb7d6741f92f83a8a3715c6ebb3a,2f9611355f71fe804da2606899ddfb36,Unknown,A100,8,128,HP,dev,rec,false,1.0,85899345920,10.0,1.0,0.0,0.0,0.008348100807575328,0.011342333422766792,true,128,-1,0,14
616bce470b9584b97956397a0d55cd26,e2cc764d44b275cc9ff187dae62fb76e,add8c8aa6c8c3efc66d31ea16fb88adf,2f9611355f71fe804da2606899ddfb36,Unknown,A100,8,128,LP,dev,dev,false,8.0,687194767360,60.0,1.0666666666666667,0.0,0.0,0.0,3.662109375e-07,false,165,-1,0,14
61e60cb3bf8a31aa37c14563eb79c36e,48c15c8e8e869f49ed825c138c0a97e8,78560a69e8a0cb754498185cd41bcaa8,2f9611355f71fe804da2606899ddfb36,Unknown,A100,8,128,HP,dev,dev,false,1.0,85899345920,15.0,1.0,0.0,22.458984375,0.05093611111112493,0.8857134617457186,true,0,494,0,14
7dbb8997cd2c2582439f20b32abdb0f3,f2b300eb16aecfb99c367f4427618048,ccd1cf9dfa666fe45c45a21f4345d5d3,70870b9abdf0a944615e4987e21869b3,Unknown,H20,8,192,HP,dev,dev,false,1.0,102625181696,23.0,1.0,0.0,10.8203125,0.0008867149758454116,0.013781236842058705,true,0,1040,0,14
9985c2646f4e23d8fd3bb5c8fb45b08e,2439a5b470b9029c87cc80c8ad3f61a1,0e772bda093a2fd6beff24f72dbeaf99,2f9611355f71fe804da2606899ddfb36,Unknown,A100,8,128,HP,dev,dev,false,8.0,687194767360,120.0,8.0,0.0,0.0,0.008274236111112658,0.033657027583370684,true,75,-1,0,14
9e271ba3f75832292eb94e21472a6232,98162005afdf07a461db266167262cbb,5e8c7ba9d131fafbd05f0bc054710ece,1f28e063c4e5e1bc48ff55269617dd2f,Unknown,H20,8,192,HP,dev,dev,false,2.0,205250363392,40.0,2.0,0.0,0.0,0.0014173611111111518,0.0034998880208333303,true,132,14,0,14
abc34b9f34ec2a008e83630e9fd4c597,f5af0313eeca3167bde98ae5624bf2f1,666bff62f3b0f48de7e7a28dbdac3661,1f28e063c4e5e1bc48ff55269617dd2f,Unknown,H20,8,192,HP,dev,dev,false,4.0,410500726784,92.0,4.0,0.0,0.0,0.00031905193236716654,0.0009798900462962962,true,73551,107,0,14
abf2964270483f166a532553f2bd6cf6,140978dcd7a5b1f1e7007cfd0943164c,2fa8dacc2f4bef0f9ec34ef9bb04d1b6,4d6f06d02df4e9de96966a73d9e8a4dd,Unknown,A10,1,128,HP,dev,rec,false,1.0,24146608128,4.0,1.0,0.0,0.0,0.02028194444444428,0.06862226724624634,true,11,276,0,14
c94e14c4b0e55dd3ef6e19d7f0d1ffc9,6efca1538135bafd79159ab2b3ca921b,08eb21062becaeca08a84a4ce7d55990,2f9611355f71fe804da2606899ddfb36,Unknown,XPU-D,8,192,HP,dev,rec,false,8.0,821412495360,96.0,8.0,0.0,0.0,0.0680971354166667,0.04638374937905204,true,0,55,0,14
cddcddd2f1923b936e6bb0a9db1a3e54,1d1678f3b8825b8588182eedaddd6864,127371f6627c6fe821bed77c91a69373,2f9611355f71fe804da2606899ddfb36,Unknown,A10,1,128,HP,dev,rec,false,1.0,24146608128,4.0,1.0,99.43348538763192,1.76959228515625,0.16686180555552707,0.2590902977519565,true,4942,1099,0,14
ff0b74106cfe7cead0e3ae13dcd8b8d6,ec9479276119010817542891bf3a6293,27496dffafa38947dc4cbb779d882b7d,2f9611355f71fe804da2606899ddfb36,Unknown,A100,8,128,HP,dev,dev,false,8.0,687194767360,112.0,8.0,0.0,0.0,0.00025324900793650956,0.0004987741427951388,true,26280,33,0,14
131e7db70e740907a9c424954209aee0,81edf5c2863e8f24f4d4e363da7fbe13,b2ff0bf23ecad994f0ec0100bf712027,70870b9abdf0a944615e4987e21869b3,Unknown,H20,8,192,HP,dev,dev,false,2.0,205250363392,40.0,2.0,0.0,0.0,0.000838611111111176,0.0026705573406698045,true,6015,19,0,15
48e1403e399b13a473800333a85c6aa8,9bca30eb65d5af59025a9be1c52b3389,4a7b036e53521260b4a800bec49523d0,2f9611355f71fe804da2606899ddfb36,Unknown,A10,1,128,HP,dev,dev,false,1.0,23836098560,16.0,1.0,0.0,12.572265625,0.01717986111111208,0.29211642986450975,true,0,24,0,15
6b1f5e6fc863ab6ef3bafc454dbdc5c6,d2736c25abfc12c5b3feb507539e4403,e127fdc467e7f7efb1ade7afd2b4c5fb,87532e3737169e035fad3c9f3ab7f85e,Unknown,L20,2,192,HP,dev,dev,false,1.0,48305799168,12.0,1.0,0.0,0.0,0.007042408103592356,0.030623282326592338,true,0,10,0,15
70e5f34de8c4718b7a1a063e5476b33d,c6b8b3c77d272752f5dc231ff0806257,58db537a0f4b0a8b8538ea18a6e00355,1f28e063c4e5e1bc48ff55269617dd2f,Unknown,H20,8,192,HP,dev,dev,false,1.0,102625181696,20.0,1.0,0.0,0.0,0.0029854166666666644,0.016410753255208334,true,0,99,0,15
7a8eca9ddc01a7b71469c4394359a67a,9d860ed31cf0c11b255da476c134b113,a059ce65c5bc0b70767c436f52fd6732,2f9611355f71fe804da2606899ddfb36,Unknown,A100,8,128,HP,dev,dev,false,8.0,687194767360,120.0,8.0,49.69997988888888,106.08329427083333,0.09675960648148235,0.030863282259042564,true,30,35,0,15
827718d84ad36e5cb54ae01cf5351717,c6b407ca100ca4257c4b8909213eb889,c5e9b5070e4972ee35a48a7dd6d0aeb7,2f9611355f71fe804da2606899ddfb36,Unknown,A100,8,128,HP,dev,dev,false,2.0,171798691840,28.0,2.0,0.0,0.0,0.0010979166666666503,0.004719348777488423,true,1,30,0,15
c7ee2b3ee1e09270c4de2b3baa07b830,3747aecfbe975a78d660f645779c654b,5a4c33ab196b32104f70d4372d9c9f1c,2f9611355f71fe804da2606899ddfb36,Unknown,A10,1,128,HP,dev,dev,false,1.0,23836098560,16.0,1.0,0.0,0.0,0.021054062238930703,0.048127547023722066,true,0,-1,0,15
d0a20070a7120544b52ba9a8fe7b3b08,03d9a4a8085fdee7c74464aa9c977996,749d67f7721fde7d15236fcf67df9b25,1f28e063c4e5e1bc48ff55269617dd2f,Unknown,H20,8,192,HP,dev,dev,false,1.0,102625181696,23.0,1.0,0.0,0.0,0.0010730676328501354,0.005038051576967591,true,0,31,0,15
e239c765c8290656291ac5c8bf5acebb,cf2050f9e5348bf9e6f1e07fb4a5ad41,ced1e7d65b965a83d2466acd6df87e9c,9089d80baea5f56a3c169801052daa1f,Unknown,XPU-E,16,192,HP,dev,dev,false,8.0,824633720832,96.0,8.0,0.0,0.0,0.000697540509259258,0.002081034862377026,true,0,491,0,15
e6502a0d8754f4e74c49a354faa1c919,68db740603000411ef727a855c48108e,d5f804e4644f17243182fa8b141c6a49,1f28e063c4e5e1bc48ff55269617dd2f,Unknown,H20,8,192,HP,dev,dev,false,4.0,410500726784,94.0,4.0,0.8586762222222221,36.87890625,0.018987056737588656,0.010331351866667293,true,0,48,0,15
ed3f3d79562597b200d49f79d786305d,,6f4d1f259e7b383f53ad4120fdd3d05b,87532e3737169e035fad3c9f3ab7f85e,Unknown,L20,2,192,HP,dev,cv,false,1.0,48305799168,4.0,1.0,0.1681417222222222,40.919921875,0.0367374999999851,0.14797487360000006,true,2,-1,0,15
19e2ef23b564e01941daca613b46b2e8,76129ec6836fdc9270ce784faf850f66,acc43e9d079a3a122eb32cec090b5e77,2f9611355f71fe804da2606899ddfb36,Unknown,A10,1,128,HP,dev,rec,false,1.0,24146608128,8.0,1.0,0.0,8.078125,0.03459826388888664,0.7899458150068919,true,974,388,0,16
eb662ed73cf1e684edbde1e911c909bd,,fdf5a905d105c5d67b1ae27c727a09db,3f39b4b673832cdb370477e6042ec0a7,Unknown,L20,2,192,HP,dev,dev,false,1.0,48305799168,32.0,1.0,0.0,0.0,0.008098350694443876,0.18025656509234492,true,1,112,0,16
fced71c55ec41848790687d1d6836bcc,,40a8fc783ccba33d7de1f2df18596cc5,1f28e063c4e5e1bc48ff55269617dd2f,Unknown,H20,8,192,HP,dev,rec,false,8.0,821001453568,96.0,8.0,0.0,171.61328125,0.004768981481481408,0.039047514835993447,true,0,88,0,16
8089ee56b57b0bf8857699df9d02312d,cb05e2affa79d23a5f6aac4e2bf4f6d3,924d5d6108dfe6e923ec8eff265a14d5,70870b9abdf0a944615e4987e21869b3,Unknown,H20,8,192,HP,dev,dev,false,1.0,102625181696,20.0,1.0,37.832960219298236,94.88671875,0.07262513888888902,0.035794378978587976,true,2176,518,0,17
d194e72561e19bc406d3694ab8e60a1d,,1ba23a208d65bea66e8319072345eca5,6d5f55ee85c1bb785b2cba94ef7545b3,Unknown,XPU-E,16,192,HP,dev,rec,false,1.0,102676561920,8.0,1.0,0.0,2.80322265625,0.04514722222222189,0.5036180037039295,true,208,97,0,17
f7fe2d3e57d6e787259916715a9c7e4c,a8a1cf42c3fdd96314093f86523d03d4,d91c860064f49409a7a360130ab4b7ba,1f28e063c4e5e1bc48ff55269617dd2f,Unknown,H20,8,192,HP,dev,dev,false,1.0,102625181696,23.0,1.0,0.0,0.0,0.0009817632850241539,0.004391428493923609,true,0,14,0,17
0d49a6a5ac72a09d297757270e2f2e08,,3148f9b6cbd10b8940f736b7f72d856a,70870b9abdf0a944615e4987e21869b3,Unknown,H20,8,192,HP,dev,rec,false,4.0,410500726784,24.0,4.0,0.0,0.0,0.02754814814814988,0.11227904558181763,true,55,52,0,18
16ff70a136421689c5c30028ffd71081,e9df316cdcd268db1bd7a992952cea82,73c5d47eeb8dffe9b3dc0051c6177d7e,6d5f55ee85c1bb785b2cba94ef7545b3,Unknown,XPU-A,8,192,HP,dev,dev,false,1.0,206141652992,23.0,1.0,,,0.0010778985507246368,0.006510568757233796,true,1,469,0,18
24facf831f66d7a5781bf51ebe4d361b,791d21156e48aeb63503d631b2bcd271,64af336119e1c4dfef063b47cdfa5810,2f9611355f71fe804da2606899ddfb36,Unknown,A100,8,128,HP,dev,dev,false,1.0,85899345920,15.0,1.0,0.0,0.0,0.0010150946811472202,0.0011507139604673771,true,0,18,0,18
2f99589e28785b9cdde5e4b8e90a920d,816de7a9d7d9d2daa92e60ab95e53e57,281630fd346ea2bc2f93f46057720406,6d5f55ee85c1bb785b2cba94ef7545b3,Unknown,XPU-E,16,192,HP,dev,dev,false,1.0,102676561920,11.0,1.0,0.0,0.0,0.0022063131313131263,0.0034914093243634254,true,0,25,0,18
898f0bb536dd5d1c24c19dbef5e82b83,648dba5a7b2bd1a20aaf35652d8cf652,982ce4c046f8655bd00e2d22896c98a7,1f28e063c4e5e1bc48ff55269617dd2f,Unknown,H20,8,192,HP,dev,dev,false,8.0,821001453568,184.0,8.0,0.0,0.0,0.00018928140096742083,0.0007328808141637731,true,0,36,0,18
92c57e31a5a06ff34d79bef12216673c,b3248c8cad2105f21908f2cdf213b20b,eea961d873606e84586c7522625b0392,1f28e063c4e5e1bc48ff55269617dd2f,Unknown,H20,8,192,HP,dev,dev,false,1.0,102625181696,23.0,1.0,0.0,0.0,0.01048248792270475,0.056888291179269995,true,0,2026,0,18
aa7652d9f7be229a7c2ee97fb2f4d9c4,1d2ec99bd9c828d3fe018d73a155f1ed,5ad3a4c4bcddba82cba6dd41b9844f18,da8d7fb8796ea962e14eef38624d8059,Unknown,A10,1,128,HP,dev,rec,false,1.0,24146608128,16.0,1.0,0.0,0.2890625,0.014659722222222634,0.08188636733425989,true,1,45,0,18
0516652887d0d525a014fa51d30775ce,3337a205cc68fdaad0db47274d1df62c,2fc1e9a9925887b8e59e4e67619124af,1f28e063c4e5e1bc48ff55269617dd2f,Unknown,H20,8,192,HP,dev,dev,false,8.0,821001453568,190.0,8.0,0.0,6.3671875,0.004406252693136271,0.006740047077088505,true,60,318,0,19
6bce8a913866a33612ff10465393bb47,6da53da7f3590a9f2b249765ae3b7a32,51c10c13da0f90d91fcdc6a83c98e14a,2f9611355f71fe804da2606899ddfb36,Unknown,A10,1,128,HP,dev,rec,false,1.0,24146608128,8.0,1.0,0.0,0.0,0.04146111111111369,0.0646374288532469,true,359,-1,0,19
75f296be4d4a07adbe744e74d2540d40,,6b138266915fdea3bdf6b5ccdf13e9c1,3f39b4b673832cdb370477e6042ec0a7,Unknown,L20,2,192,HP,dev,dev,false,1.0,48305799168,32.0,1.0,0.0,0.0,0.008688802083334949,0.01170968840352086,true,0,518,0,19
7e52f1c68e7da82206e1e63d7ce57ec3,14f1dde60ec4fe782af527d48b5a80e5,00f509cd67a95b901927d5b44114c267,2f9611355f71fe804da2606899ddfb36,Unknown,A100,8,128,HP,dev,dev,false,1.0,85899345920,14.0,1.0,0.0,0.0,0.004245490710906227,0.0056708749276620386,true,0,34,0,19
8a0b8cb52be9a0ae799e34bf51ab173e,ef1cd9980bca6fc1b4f2e65099b46f3a,434c9ea2df37821480c563acfb28b618,1f28e063c4e5e1bc48ff55269617dd2f,Unknown,H20,8,192,HP,dev,dev,false,1.0,102625181696,23.0,1.0,0.0,0.0,0.00252838164251208,0.04506855976282483,true,0,90,0,19
d03d285014226a897971d112551b47b7,d25646e6018655f5e1a5388cc426c5ed,4e11ab230774d5a5124a7ec0438d707a,2f9611355f71fe804da2606899ddfb36,Unknown,H800,8,192,HP,dev,dev,false,8.0,684166479872,192.0,8.0,0.09264266666666668,7.572509765624999,0.10572476851851847,0.005909361630394346,true,1,486,0,19
e6a93868398233c98263c3a50c937215,,7a66532b07560c037b7bb1fb61780b13,1f28e063c4e5e1bc48ff55269617dd2f,Unknown,H20,8,192,HP,dev,rec,false,4.0,410500726784,64.0,4.0,159.81377755446627,23.03700954861111,0.7261630208333372,0.20387561122576395,true,0,81175,0,19
fc6239e0c9abe361b2234b5b6d91ead1,,af99ae9f31cef48c86ab8834adbdda0e,1f28e063c4e5e1bc48ff55269617dd2f,Unknown,H20,8,192,HP,dev,rec,false,1.0,102625181696,8.0,1.0,0.0,48.92578125,0.029490972222221076,0.1824116200208664,true,0,38,0,19
fdc064191be75f11742011247fd91ca2,c0f891f8d3ac797db27b30978225ad29,0625a6a98edce319a7831e0fe4c70ebc,da8d7fb8796ea962e14eef38624d8059,Unknown,A10,1,128,HP,dev,rec,false,1.0,24146608128,4.0,1.0,7.7999225,10.20570746527778,0.10775208333334173,0.2732159396012624,true,193,76,0,19
04daed7b28533c7ea4a6037ae6c894c8,ca7da933f1d0ab6dbfc2d46a8666a712,ffbc85aeb3d8aaa6ba9e1eaaf3c27f5d,2f9611355f71fe804da2606899ddfb36,Unknown,A100,8,128,HP,dev,dev,false,1.0,85899345920,15.0,1.0,0.0,0.0,0.0009379629629633949,0.0039011558062156215,true,0,-1,0,20
0858883d9bc045b6963bb719b03ee156,,dee3b328fab3e23db6c6563e46a7bbfa,3f39b4b673832cdb370477e6042ec0a7,Unknown,L20,2,192,HP,dev,dev,false,1.0,48305799168,32.0,1.0,0.0,0.0,0.007290538194445416,0.29209913310683044,true,0,117,0,20
132f792683da778103e42aa65f159868,,12e964c69454db459fad8aec5d75f1a9,3f39b4b673832cdb370477e6042ec0a7,Unknown,L20,2,192,HP,dev,rec,false,1.0,48305799168,10.0,1.0,0.0,0.0,0.02441944444443411,0.08607773416572147,true,1,-1,0,20
16232620bdcbf2917dae8b7f2cc1388a,d8a73e1c8b13005621fe5c24f2624cad,745f83a5e5f77630a64a73cc5e7b5f65,70870b9abdf0a944615e4987e21869b3,Unknown,H20,8,192,HP,dev,dev,false,1.0,102625181696,20.0,1.0,0.0,0.0,0.0014330555555558627,0.003701141423051078,true,48097,34,0,20
27fba82a4768f595cd14778464b85c67,889e80e8caab518f147ff3413bb2358e,d5f804e4644f17243182fa8b141c6a49,1f28e063c4e5e1bc48ff55269617dd2f,Unknown,H20,8,192,HP,dev,dev,false,4.0,410500726784,94.0,4.0,370.43484448985885,100.14004991319445,0.04183552009456269,0.036558412546398994,true,10,39,0,20
308f58e7e8d4d46c5f3f408a27106610,8ac9f82320d6a797b62af28281809c25,e9e8846786132dd757bb192d0e1f1d3e,1f28e063c4e5e1bc48ff55269617dd2f,Unknown,H20,8,192,HP,dev,dev,false,4.0,410500726784,94.0,0.4,72.79918529411765,5.675224034926471,0.029650709219854854,0.014610338028363336,false,1,-1,0,20
52a9ee2cdaf63c143682cb362d63d88b,,4eb77cbab7ff261679ec0075f572e4c0,4d6f06d02df4e9de96966a73d9e8a4dd,Unknown,A10,1,128,HP,dev,cv,false,0.23,5640000000,2.0,0.22999999999999998,,1.9652311197916668,0.08255416666666665,0.29620038403405086,true,0,21,0,20
6d83005dd4f6d61c353f856323aaf517,16a0450babc596e5350d5375ec44d179,8f8d91ac8919d1078224e3ab467aca3d,1f28e063c4e5e1bc48ff55269617dd2f,Unknown,H20,8,192,HP,dev,dev,false,8.0,821001453568,184.0,8.0,31.08666703703704,25.06932942708334,0.027987077294681268,0.00664773894133391,true,869,568,0,20
98ab3836958cdcf92577fca44f4af52e,a708631bd96c0969b6ee0fca0166053b,cf13ca1ff1673d9426aa8f093ba8a322,6d5f55ee85c1bb785b2cba94ef7545b3,Unknown,XPU-E,16,192,HP,dev,genai,true,16.0,1642824990720,64.0,16.0,0.0,0.0,0.0,1.7046810025136e-07,true,0,67,0,20
9ad6237fdc0d9cd3a5ad0ff6f5909c1f,83256c40b26fac729274f0bbf3175474,cdb5eaae608dd7683056cdbe00396fd7,6d5f55ee85c1bb785b2cba94ef7545b3,Unknown,XPU-E,16,192,HP,dev,rec,false,1.0,102676561920,10.0,1.0,0.0,46.856689453125,0.009690833333333202,0.048160828815566166,true,0,33,0,20
ba093c722799dba2f51da4b63720e255,a61d76af31365c05f1c1d670dfa6d7a1,44ab1771010e65a8b7299026b7bec323,6d5f55ee85c1bb785b2cba94ef7545b3,Unknown,XPU-E,16,192,HP,dev,rec,false,1.0,102676561920,10.0,1.0,0.0,0.0,0.0088363888888885,0.014781113686384965,true,1,-1,0,20
c64976ca9d161056d43b4c3da459ce0d,7b6fc6e9e782698c5f6e8d84d43d4680,5132ae81eab83041493d14a8d16f0d52,4d6f06d02df4e9de96966a73d9e8a4dd,Unknown,A10,1,128,HP,dev,rec,false,1.0,24146608128,8.0,1.0,0.0,0.0,0.020236458333335275,0.12425297189641879,true,179,169,0,20
db45efdfee071aa6d0e907bd79b0bc4a,27001663393e5b9eeb5d01109549149f,8700fa47db1e19ec5001e831346e24cd,2f9611355f71fe804da2606899ddfb36,Unknown,A100,8,128,HP,dev,dev,false,1.0,85899345920,15.0,1.0,0.0,0.0,0.0009607407407408263,0.0020534273051973275,true,0,-1,0,20
fd8a175546472eea9e8adc780e55038e,63e2f421fb8cc180d7e9e9fa07ba9802,5f0bf4a3bd27a46922d4befa88b83dba,1f28e063c4e5e1bc48ff55269617dd2f,Unknown,H20,8,192,HP,dev,unknown,false,4.0,410500726784,94.0,4.0,0.0,0.0,0.0002733156028368794,0.002042129533044222,true,0,233,0,20
08e6879c9654fbe24aea0c7b4613ae9a,fba5449f6342dd57e10856b22c625f9c,aacc770c36bb5079e0717f770ec1a395,87532e3737169e035fad3c9f3ab7f85e,Unknown,H20,8,192,HP,dev,dev,false,2.0,205250363392,34.0,2.0,0.0,0.0,0.001286928104575197,0.04103285269762473,true,15,57,0,21
33e67335367b93d270afa462a70790d4,ec17e1874448500dc4660abb51888dc4,4a30040267f46e1dab851cb8b60aa980,2f9611355f71fe804da2606899ddfb36,Unknown,A100,8,128,LP,dev,dev,false,8.0,687194767360,60.0,8.0,0.0,0.0,0.0,3.5858154296875e-07,true,223,5,0,21
40cdc9bc2dd74f4b7ac10acb9705f131,,04e752721a012be840b6a8fd39c2d7f1,87532e3737169e035fad3c9f3ab7f85e,Unknown,L20,2,192,HP,dev,cv,false,0.46,22560000000,4.0,0.45999999999999996,,0.0,0.03270694444444315,0.4023517458962963,true,0,-1,0,21
439a638be744617f96fe473ebc708db5,28f15e98014b224705681dbfda62c3f5,6c9a9be14b9fc33c9ea7b17fea2cd780,1f28e063c4e5e1bc48ff55269617dd2f,Unknown,XPU-E,16,192,HP,dev,rec,false,8.0,821412495360,80.0,8.0,0.0,0.0,0.0006860069444438625,0.006336073080698644,true,0,-1,0,21
5638f0fa988334cb189f7deb0bbfa8ee,ec0c996933fc32afeb20dfb4b499bc72,483d3b1d13a79f73478b4abcc9d970f1,2f9611355f71fe804da2606899ddfb36,Unknown,A100,8,128,HP,dev,dev,false,4.0,343597383680,60.0,4.0,0.0,304.6328125,0.06737703703703463,0.022607726538889424,true,104,42,0,21
59fea05ae549a0169066ef514902e543,8753529de9558cf55d19a7840ffef80f,be5465c73c00df87650fb1d411d4657d,2f9611355f71fe804da2606899ddfb36,Unknown,A100,8,128,HP,dev,dev,false,4.0,343597383680,60.0,4.0,0.0,0.0,0.0005037499999999891,0.0013200517952617996,true,71,32,0,21
632225df69365ea02d3e406756ef18d1,ea3d0de5f1869d935f0935521e4465c3,be799e8e77f886cb888c5c4cc0d19adc,1f28e063c4e5e1bc48ff55269617dd2f,Unknown,H20,8,192,HP,dev,dev,false,8.0,821001453568,184.0,8.0,0.0,0.0,0.00020063405797104926,0.0009102823893229169,true,12,555,0,21
6c75f18cd8f0b6004c7cf6e3d043957c,e070435f0dea0e2689b58e07091430fc,4d22d492c2912c27c91a768cb55316e0,2f9611355f71fe804da2606899ddfb36,Unknown,A100,8,128,HP,dev,dev,false,2.0,171798691840,30.0,2.0,0.0,18.8671875,0.013219803052752907,0.10308387525402575,true,16,-1,0,21
b0c798fe5f322e8b59f92e459810339f,d7bcd0d22aef31a501898fe254c37d86,03c847153c66f769fe288ca856204b5c,4d6f06d02df4e9de96966a73d9e8a4dd,Unknown,A100,8,128,HP,dev,dev,false,1.0,85899345920,12.0,1.0,0.0,0.0,0.002168608442402304,0.003771241861979169,true,1,36,0,21
c938dd76041716407430e798cfafca35,35791ba0754fd9f8cabf9ae7198ba22e,4315bba7a2acf643a2c5724540c626f0,70870b9abdf0a944615e4987e21869b3,Unknown,H20,8,192,Other,dev,dev,false,1.04,106730188960,24.0,1.04,,0.0,0.0002703703703702087,0.03616969892713757,true,0,13,0,21
f239476a604cb010fb630ab0c93fc64a,9761b2ebf4cb0abfa5b525230547a497,d5d282b5ab3a7c2b96fcd1ef901b311c,1f28e063c4e5e1bc48ff55269617dd2f,Unknown,H20,8,192,HP,dev,dev,false,8.0,821001453568,128.0,8.0,533.0641929969136,232.3671875,0.09638027343749855,0.04017651030406858,true,42,18,0,21
f5d176d154e82a31360a2e8d20d35e01,ba11a8495faf5491465bc9c3228a2189,276920a9ae610b7dfa4a6391a936f5c7,2f9611355f71fe804da2606899ddfb36,Unknown,A10,1,128,HP,dev,rec,false,1.0,24146608128,2.0,1.0,0.0,0.0,0.12728194444440313,0.343329201804267,true,27,5751,0,21
fdd57513b0ef567b4e7f48cf6fcac9c2,b02510fa1b8cc142c74ef09ebebad8c6,7cd369db5c1311c4b7085dd4ad68a9f8,2f9611355f71fe804da2606899ddfb36,Unknown,A100,8,128,HP,dev,rec,false,1.0,85899345920,8.0,1.0,0.0,0.4921875,0.020648611111112887,0.07320685237646103,true,126,16524,0,21
0f4b6be0f954695fcbb700d0fb547e25,1aad44cae22431a70e70813573b963f7,e8ed324c86bd507a3d315839e0b9047b,70870b9abdf0a944615e4987e21869b3,Unknown,H20,8,192,HP,dev,dev,false,1.0,102625181696,23.0,1.0,0.0,0.0,0.0015103864734299672,0.005002899124710648,true,0,45,0,22
20ec580bb2e7002c6cd56179ea7a99d0,008e1631df295dd90f09ff1f4b19e3cb,03a8ae2510da6695ac776e8924c81053,2f9611355f71fe804da2606899ddfb36,Unknown,A100,8,128,HP,dev,dev,false,1.0,85899345920,15.0,1.0,0.0,0.0,0.01928462962964894,0.11328006461520859,true,0,29,0,22
5f59eece4fda42ed4fcb3d8c1cb7f6db,fe9c50fc7496e5092f6a4a505e43c27b,cd790c4d8899e93b18c76c981cf921f1,87532e3737169e035fad3c9f3ab7f85e,Unknown,H20,8,192,HP,dev,dev,false,8.0,821001453568,64.0,8.0,0.0,0.0,0.0,6.42140706380209e-06,true,0,-1,0,22
6150bcd57d35c1c2a1b00be2328decc9,,09442ffc149043b5af3214deeb902235,27dc4b08122b037562bbd50b17eaf138,Unknown,XPU-E,16,192,HP,dev,rec,false,16.0,1649267441664,64.0,16.0,0.0,0.0,0.0018698350694446866,0.002644101407792834,true,0,68028,0,22
66bd877cd32586713c386fbe3c28cada,a0e9e9033895d51a0e0f99f2a24610fe,f56b900da7af073d363a04bab8e52691,2f9611355f71fe804da2606899ddfb36,Unknown,A100,8,128,HP,dev,dev,false,1.0,85899345920,15.0,1.0,0.0,0.0,0.11211055555555062,0.6676417075175013,true,0,46,0,22
9b8da2e1334d8085e875665e1ab43f3a,57a631c916713c46b6a983f5500d3e57,8935e3c6f0e5f8480772f356e97d783a,1f28e063c4e5e1bc48ff55269617dd2f,Unknown,H20,8,192,HP,dev,dev,false,1.0,102625181696,13.0,1.0,0.0,0.0,0.002249999999999983,0.0089659691478588,true,0,17,0,22
9fc5457a53d71baf65d717ecf88417b0,220babc58dbe818036da437d800b1f76,384a9306fc06b647bf0b2a633238b401,1f28e063c4e5e1bc48ff55269617dd2f,Unknown,H20,8,192,HP,dev,dev,false,2.0,205250363392,46.0,2.0,0.0,0.0,0.0019855072463768305,0.00372857982494213,true,0,28,0,22
afd7c3d916b7c57d67bc76ae68ef1b62,f4327f5f7119ba6764bb8821dc5b2e2a,f1e7f9b569245ea61b4c1ba0a7999ee6,1f28e063c4e5e1bc48ff55269617dd2f,Unknown,H20,8,192,HP,dev,dev,false,2.0,205250363392,48.0,2.0,0.0,0.0,0.0004818227571242922,0.004789405851735462,true,0,1178,0,22
b15f178892f20006bfdd63b1e3c00d2f,04d4d8f52f221c4b28829b0a3fae47e3,aa902db58a04d934f652dd0ac730c07f,2f9611355f71fe804da2606899ddfb36,Unknown,A10,1,128,HP,dev,rec,false,1.0,23836098560,4.0,1.0,0.0,0.0,0.05224166666666861,0.0719319913122389,true,12,47,0,22
c7b43610f282e13f9a12a755fe24fe26,9032567f3be7b68a5c9c8a3098311929,aa44634ec3699be65988333ace87876f,2f9611355f71fe804da2606899ddfb36,Unknown,H800,8,192,HP,dev,rec,false,1.0,85520809984,32.0,1.0,0.0,13.83203125,0.0036981770833330687,0.02919906617866622,true,0,39,0,22
cbf2749e493b9e7c2309615518f80ecb,6ccb3334729524c044aee3a6507f6182,b2ff0bf23ecad994f0ec0100bf712027,70870b9abdf0a944615e4987e21869b3,Unknown,H20,8,192,HP,dev,dev,false,1.0,102625181696,20.0,1.0,0.0,0.0,0.0016912500000002596,0.009576329210069437,true,30,34,0,22
05fe2ea1b7fb0e1b79297c355c3e0ec0,e88999d6cac9d202095856862dc8b3d5,43d4a107ce482f673573048962277ec4,2f9611355f71fe804da2606899ddfb36,Unknown,A100,8,128,HP,dev,dev,false,1.0,85899345920,15.0,1.0,0.0,0.0,0.01209370370370473,0.0400734159240934,true,28,69,0,23
649ad87d6b4c52344c9e47fbc4d19c01,268247e6af9610bc6efe519ab7f5647e,bc3b5a6ba758c3771e2ee0db3026dc0a,2f9611355f71fe804da2606899ddfb36,Unknown,A100,8,128,HP,dev,dev,false,8.0,687194767360,112.0,8.0,0.0,0.0,0.0002600446428571212,0.000499063449435764,true,38813,34,0,23
7ae99ed8d187d239363a73139cfefc45,c854a89f924962a7ae3e1475a6b1d2ea,cdebb0219e2921bd61d4a20a3c3145b2,da8d7fb8796ea962e14eef38624d8059,Unknown,A10,1,128,HP,dev,rec,false,1.0,24146608128,4.0,1.0,0.0,1.298828125,0.042216666666666805,0.06144088241789077,true,0,126,0,23
8065e01c7dab2323c8f5ab1a2c7deaaf,fb8b4791d3212d633afad4fe09e87aad,95134a4b9b950a5b0242321d814f923e,1f28e063c4e5e1bc48ff55269617dd2f,Unknown,H20,8,192,HP,dev,dev,false,1.0,102625181696,23.0,1.0,4.071545569444444,13.879638400607638,0.08193937198067651,0.02984765245225694,true,0,30,0,23
92a44e7880a356ff32e6fa604076d258,f0307179a058da623dc142e01612cf0a,8d6a7927fd125d71064be5906054d8dc,1f28e063c4e5e1bc48ff55269617dd2f,Unknown,H20,8,192,HP,dev,dev,false,2.0,205250363392,34.0,2.0,0.0,0.0,0.004472151784690556,0.017749945583239276,true,0,711,0,23
a191f78f092399b7dd70ce370ba1e4ca,7e7e7317469ebb512f8063b93edc47dc,d42750038ceedc2ffd6ec5a3b5b5f097,87532e3737169e035fad3c9f3ab7f85e,Unknown,H20,8,192,LP,dev,genai,true,2.0,205250363392,24.0,2.0,0.0,3.19140625,0.04121620370370321,0.04690934353404575,true,5103,-1,0,23
a4694de932f3678c273f8fc5c7f87089,f02f849e28655205e2a31ff33edf54ef,70c8153320bf314ecf515bdb7791a85c,87532e3737169e035fad3c9f3ab7f85e,Unknown,H20,8,192,HP,dev,dev,false,1.0,102625181696,20.0,1.0,0.0,0.0,0.0033063293650792964,0.00746954732471042,true,120,9,0,23
c12760fccbedc903f47783951afac8ce,,67c5cf32d00dd83e1a61cb4a6b02a264,1f28e063c4e5e1bc48ff55269617dd2f,Unknown,XPU-E,16,192,HP,dev,rec,false,14.0,1437471866880,32.0,14.0,297.72028159421114,747.7289903649772,0.2584332465277778,0.15386651787492964,true,28,6,0,23
d4400cb8fe80a716dcadc6598e0be4a9,6596b21db235b25a1b11c7cfe5a980b7,67d6891ad4bb8773a8252ce73ce73049,4d6f06d02df4e9de96966a73d9e8a4dd,Unknown,A10,1,128,HP,dev,rec,false,1.0,24146608128,8.0,1.0,0.0,0.0,0.02163847552909987,0.04958256052600013,true,165,88,0,23
fc4df0d526c63d5fdd9a7d3d9d24870e,,076ce88c2e99c32dfffba3d3af7a1ebb,3f39b4b673832cdb370477e6042ec0a7,Unknown,L20,2,192,HP,dev,dev,false,1.0,48305799168,32.0,1.0,0.0,0.361328125,0.01044843749999725,0.29219036902177403,true,209,21,0,23
07606df04fdbee26459dbdfd9c34600f,,8f63d312fae7111a5a40bd4e41572820,6d5f55ee85c1bb785b2cba94ef7545b3,Unknown,XPU-E,16,192,LP,offline_inference,genai,true,1.0,102676561920,4.0,1.0,31.09724674761187,94.86083984375,0.25323888888888885,0.5363899287471068,false,928,-1,0,00
28a39498924450ba19efe420e126e538,,3ae54d124b8354c98498ca7b38b0caf9,2f9611355f71fe804da2606899ddfb36,Unknown,H800,8,192,LP,offline_inference,genai,true,1.0,85520809984,4.0,0.11666666666666667,0.0,8.527185812114197,0.16592361111111112,0.1857815678914388,true,806,342,0,00
7cbeee65b7fa8f7a406de8be5ad2c26f,,0baa379486d043f6060611e8a40dfd78,6d5f55ee85c1bb785b2cba94ef7545b3,Unknown,XPU-E,16,192,LP,offline_inference,genai,true,1.0,102676561920,4.0,0.12222222222222222,15.556764545454548,78.07001620205966,0.22419999999999995,0.5983704218788752,false,0,-1,0,00
3d3358a8bf67408efe19e752197068d3,,f30af7b1edbde174246e766b52ab1081,1f28e063c4e5e1bc48ff55269617dd2f,Unknown,XPU-E,16,192,LP,offline_inference,genai,true,2.0,205353123840,4.0,0.4111111111111111,12.18276702702703,119.11254091005071,0.4763345588235295,0.31738331930977964,true,358,13,0,01
7de788001ec8c644684ce0996cd91696,,746f8daf4905ec7779f6e89f15a8a699,6d5f55ee85c1bb785b2cba94ef7545b3,Unknown,XPU-E,16,192,LP,offline_inference,genai,true,1.0,102676561920,4.0,0.12777777777777777,0.6584061904761904,37.48960193452381,0.20089285714285715,0.45796697211988047,false,0,-1,0,01
81bb24ff709943c37a17ab2837b2e168,,af81e4e8368e04af93299662df42832b,4d6f06d02df4e9de96966a73d9e8a4dd,Unknown,XPU-B,8,192,LP,offline_inference,genai,true,1.0,51136954368,20.0,0.85,37.95565777214872,30.8549914258238,0.06989900662251654,0.13699473644557741,true,43,9,0,01
ada22103064269a3a1b43eac107147c2,327136c030139d127b0d08ff232e709a,5023a1bdd9af0812577f58c3f9fbe0e8,2f9611355f71fe804da2606899ddfb36,Unknown,XPU-B,8,192,Other,offline_inference,unknown,false,1.0,51136954368,8.0,0.06666666666666667,0.0,0.0,0.3140138888888889,0.11672727406308776,true,0,37,0,01
c82b469e1e9f8c29bf3ad87b9afbd487,,f9407a234fc5f3df8a9f4e46b51db6d9,4d6f06d02df4e9de96966a73d9e8a4dd,Unknown,A10,1,128,LP,offline_inference,unknown,false,1.0,24146608128,8.0,0.35,,,0.004261458333333332,0.0026565751091378632,false,0,-1,0,01
cc6365aa9b62a008a0b59995f29984e5,46a78c829a23c47eeb6bc406c38b42f7,b410066ce0be3ca2f5c720522e9a6c9d,6d5f55ee85c1bb785b2cba94ef7545b3,Unknown,XPU-A,8,192,LP,offline_inference,genai,true,1.0,206141652992,8.0,0.8277777777777777,,176.10186803591594,0.14987668918918925,0.12868536203294187,true,19524,13,0,01
e32695198b715ad5d47db11fd9a06e44,,46f047bd1f0fc6f3d12b74c7c869e441,70870b9abdf0a944615e4987e21869b3,Unknown,H20,8,192,LP,offline_inference,genai,true,1.0,102625181696,4.0,0.03333333333333333,0.0,0.0,,,true,284,6,0,01
fe9df9eece1b6f03066cd678171ea3bb,,e70e4fecd2e65710dbbe9a599f4f116c,6d5f55ee85c1bb785b2cba94ef7545b3,Unknown,XPU-E,16,192,LP,offline_inference,genai,true,1.0,102676561920,20.0,0.3,0.3521396,36.898312499999996,0.08245539215686279,0.46518571517046736,false,0,-1,0,01
39c656bf97b067a86999210a5b1f05e9,3e2c7eebab4f2c2f4c2bf44ec42f7501,5023a1bdd9af0812577f58c3f9fbe0e8,2f9611355f71fe804da2606899ddfb36,Unknown,XPU-B,8,192,Other,offline_inference,unknown,false,1.0,51136954368,7.75,0.13333333333333333,0.0,0.0,0.7094604105571848,0.306136921712945,true,0,39,0,02
4fd85220ff1ccf262521308639a6a0be,,de8c9d61a5425ac8fb54c654416a302f,6d5f55ee85c1bb785b2cba94ef7545b3,Unknown,XPU-E,16,192,LP,offline_inference,genai,true,1.0,102676561920,4.0,0.2388888888888889,3.294967674418605,84.11291106468023,0.06313749999999999,0.5670987136964877,true,134,7,0,02
6f0ab265cc64652e8ea77b28934cb381,,8676c24e3e943625a73d7a5e8b1dc679,3f39b4b673832cdb370477e6042ec0a7,Unknown,L20,2,192,LP,offline_inference,genai,true,1.0,48305799168,4.0,0.25555555555555554,25.335134782608694,23.900288722826087,0.2445454545454546,0.19259264628092446,true,0,10,0,02
8a89a1b61122fd7142002aec9cac9d32,,e0552586fe2b32d7b4c707e00fe922a4,70870b9abdf0a944615e4987e21869b3,Unknown,H20,8,192,LP,offline_inference,genai,true,1.0,102625181696,4.0,0.2,0.20460583333333335,18.730924479166667,0.45236742424242415,0.1793556063782935,false,1,-1,0,02
ad90cd48b8daec334837f79c4df5bb81,,198f73d7f8d4ad2dae1f9ee4284bc90c,6d5f55ee85c1bb785b2cba94ef7545b3,Unknown,XPU-A,8,192,LP,offline_inference,genai,true,1.0,206141652992,8.0,0.06666666666666667,,95.67577676773071,0.029096590909090905,0.11298200759020718,false,146,-1,0,02
db977b842ff2057ec3898c04ac3fc451,,e3d6fe4965f52a0dda8aa6256e6955e8,9089d80baea5f56a3c169801052daa1f,Unknown,XPU-E,16,192,LP,offline_inference,genai,true,2.0,206158430208,4.0,0.4666666666666667,1.1469407142857142,149.11365908668154,0.2590608974358974,0.4585457701024002,true,418,5,0,02
e6128cff131672806aabf73e9e258c2f,,cdb5eaae608dd7683056cdbe00396fd7,6d5f55ee85c1bb785b2cba94ef7545b3,Unknown,XPU-E,16,192,LP,offline_inference,genai,true,1.0,102676561920,4.0,0.09444444444444444,1.3541820588235294,82.18709501378676,0.041375,0.24378772576649985,true,313,10,0,02
efa0c31b665d34d898af7c7ec60383ed,,5ac31c08860317662384733203ce1637,9089d80baea5f56a3c169801052daa1f,Unknown,XPU-E,16,192,LP,offline_inference,genai,true,16.0,1649267441664,128.0,1.3333333333333333,,,2.690972222222222e-05,8.741645812988282e-05,false,5487,-1,0,02
ff02986e8b79347a2fa0f3f3c5a38f9b,,4c9f9063a7abe97f92f04d8fcb32910e,6d5f55ee85c1bb785b2cba94ef7545b3,Unknown,XPU-A,8,192,LP,offline_inference,genai,true,1.0,206141652992,8.0,0.20555555555555555,,,0.00043749999999999963,0.0015110158258014256,true,267,-1,0,02
003bee57f9e346cb0bed4ab9b5fc9d8b,,8f295cfdd037a9a6e27b0e959ec60bb6,4d6f06d02df4e9de96966a73d9e8a4dd,Unknown,A10,1,128,LP,offline_inference,genai,true,1.0,24146608128,4.0,0.85,71.38716333990055,19.39967447916667,0.46827193812345425,0.0759273905503122,true,0,13,0,03
324ccbf424b87335bbf9641a9c5417c6,,af9a81c968eebf7bf37ade680e1662e2,9089d80baea5f56a3c169801052daa1f,Unknown,XPU-E,16,192,LP,offline_inference,genai,true,1.0,103079215104,4.0,0.8333333333333334,35.66414810398724,93.27034271918401,0.21339703354670464,0.6600906217420424,true,1,8,0,03
393f292fbd189b5344ff8aee524d666a,,622adebc6e4e5054996612bcc76f477f,6d5f55ee85c1bb785b2cba94ef7545b3,Unknown,XPU-E,16,192,LP,offline_inference,genai,true,1.0,102676561920,4.0,0.08888888888888889,29.528943571428567,94.861083984375,0.2353671875,0.515196287367079,false,686,-1,0,03
66cb60c5ec4075c84dc0777dfddcd288,,4f2dc89a31b67d3bf3925fcecadaf37e,4d6f06d02df4e9de96966a73d9e8a4dd,Unknown,A10,1,128,LP,offline_inference,genai,true,1.0,24146608128,4.0,0.6222222222222222,30.49739573908729,20.850359235491073,0.12110550458715597,0.10376833597819012,false,0,-1,0,03
6fe8734e1deef93b104c5b82195e2ca8,,41e27a43d3754d0de95dd60601e4d428,6d5f55ee85c1bb785b2cba94ef7545b3,Unknown,XPU-E,16,192,LP,offline_inference,genai,true,1.0,102676561920,4.0,0.7,27.08848020124717,87.8774652390253,0.24788810483870974,0.40905464477539044,false,195,-1,0,03
89b79b637fdfde9fa45cd7c23e3f72d7,a77741af66748ad6f361ead913139cb6,34cf30f03d466a00550e414135e75ba7,6d5f55ee85c1bb785b2cba94ef7545b3,Unknown,XPU-A,8,192,LP,offline_inference,genai,true,1.0,206141652992,8.0,1.0,,189.44168853759766,0.1218916666666667,0.12488243414296044,false,12396,-1,0,03
8b61dffabf3aec9aaeb762015fd52fcc,,4fad4a836b14120aa29ddfe99b95c445,2f9611355f71fe804da2606899ddfb36,Unknown,H800,8,192,LP,offline_inference,genai,true,1.0,85520809984,4.0,0.7722222222222223,16.988627867420348,58.28903780993063,0.27317922794117644,0.19163642735872874,false,12197,-1,0,03
bb5c01006bae4f259a5ff899cae54ed8,,7faa91389faf846db2d8f1f16b3989e4,2f9611355f71fe804da2606899ddfb36,Unknown,A10,1,128,LP,offline_inference,genai,true,1.0,23836098560,4.0,0.16666666666666666,3.899624134615385,10.94060997596154,0.2488842592592592,0.20160519736153742,false,479,-1,0,03
bbe19ec0a985c1024d4b7af0027cbbdc,,fbb4b0ec76fe4c348899a5aa0639221a,6d5f55ee85c1bb785b2cba94ef7545b3,Unknown,XPU-E,16,192,LP,offline_inference,genai,true,1.0,102676561920,4.0,0.11666666666666667,24.328997619047623,85.33974841889881,0.19848125000000003,0.549444096883138,false,119,-1,0,03
df5b2eac586745b1342745468b6701b2,,e09f98f7f401a943be190da74901d7fd,4d6f06d02df4e9de96966a73d9e8a4dd,Unknown,A10,1,128,LP,offline_inference,unknown,false,1.0,24146608128,8.0,0.34444444444444444,,,0.004733333333333333,0.0027485362818983733,false,0,-1,0,03
07c32c89ce5cf8b878757318b5c1a654,,221eb62b3a38b544f95dc534b49871a1,70870b9abdf0a944615e4987e21869b3,Unknown,XPU-A,8,192,LP,offline_inference,genai,true,1.0,206141652992,8.0,0.2833333333333333,,114.46336103804569,0.002121010638297871,0.07625911881526311,false,192,-1,0,04
2a57faf019b17ba5a91ab3137ccfb4c1,,30e06458571494504a4370398a383ab7,87532e3737169e035fad3c9f3ab7f85e,Unknown,H20,8,192,LP,offline_inference,rec,false,1.0,102625181696,6.0,1.0,29.50353779320988,0.681640625,0.27118953982177635,0.07263735877143011,true,86,375,0,04
3da1396f7034b385c5d26ab16b1636cc,bfa3c877bdff23793a6bee63dc645cb5,f66a67802b9c606cf625e0435df0029d,1f28e063c4e5e1bc48ff55269617dd2f,Unknown,H20,8,192,HP,offline_inference,unknown,false,1.0,102625181696,20.0,1.0,74.98632862003971,32.900390625,0.06661916666666691,0.08675192534722219,true,2383,52,0,04
3fcebc36d3c38697309e8472a5d741b2,,c0b5fcf165de09e32614475687bc0beb,9089d80baea5f56a3c169801052daa1f,Unknown,XPU-E,16,192,LP,offline_inference,genai,true,1.0,103079215104,4.0,0.7833333333333333,20.16458354036823,75.35966308208972,0.24374280575539567,0.5966920152842571,false,134,-1,0,04
4094c84fd752cc143660dd07b6822c94,,aa2ba52f407e32090fb0718872d4176f,6d5f55ee85c1bb785b2cba94ef7545b3,Unknown,XPU-E,16,192,LP,offline_inference,genai,true,2.0,205353123840,4.0,0.17777777777777778,2.4332401785714284,34.579467482793895,0.28700000000000003,0.1725488344828288,true,44,291,0,04
4326942021d29d8871306a13d5f29b11,,529e5a27730f9c20356e6c8d5a6ab0c0,1f28e063c4e5e1bc48ff55269617dd2f,Unknown,XPU-E,16,192,LP,offline_inference,genai,true,1.0,102676561920,4.0,0.6055555555555555,15.586601603773584,84.53342008770638,0.13718750000000002,0.5285331965992284,false,0,-1,0,04
5c2633b327836cda74d43e28ee2d139d,,a0ddcbbaa5a83ab735bfd9277736ea50,1f28e063c4e5e1bc48ff55269617dd2f,Unknown,H20,8,192,LP,offline_inference,genai,true,1.0,102625181696,4.0,0.34444444444444444,37.8493547983871,94.0304466985887,0.12916711861621277,0.0428582259214641,true,0,8,0,04
5d7aa6bbc3b7fdb774a3ef54503d451f,,e748d86938bbe39b487e628537714bd3,6d5f55ee85c1bb785b2cba94ef7545b3,Unknown,XPU-E,16,192,LP,offline_inference,genai,true,1.0,102676561920,4.0,0.07777777777777778,0.1764192857142857,76.74869210379464,0.04243181818181819,0.2437125629848904,false,0,-1,0,04
825fae680715dc84046a8cd2c90f1460,,d44e8cce0175d4e051855bd90384d39d,1f28e063c4e5e1bc48ff55269617dd2f,Unknown,XPU-E,16,192,LP,offline_inference,genai,true,1.0,102676561920,20.0,1.0,11.103307277777777,94.73046875,0.006672361111111101,0.1453173149956595,false,0,-1,0,04
86865539a321dfedfc63f42802ef623b,,98282a07aef06fa0e2c2452e5824fe9d,9089d80baea5f56a3c169801052daa1f,Unknown,XPU-B,8,192,LP,offline_inference,genai,true,1.0,51539607552,4.0,0.4388888888888889,8.27304506849315,47.23095703125,0.027902907268170594,0.6680134158664276,false,73,-1,0,04
a07f3cc916ca5eabb95f81829709ceed,,4eb7cbc5b307e89d1c32efa56745e09a,9089d80baea5f56a3c169801052daa1f,Unknown,XPU-E,16,192,LP,offline_inference,genai,true,1.0,103079215104,4.0,1.0,40.86577990925087,95.23779296875,0.18566403682818167,0.6701580139442727,false,209,-1,0,04
a727d56b3cb690d3378c2306f42b308d,,cd87f16cabcf54349145a7bdb237f5fb,6d5f55ee85c1bb785b2cba94ef7545b3,Unknown,XPU-A,8,192,LP,offline_inference,genai,true,1.0,206141652992,8.0,0.42777777777777776,,,0.0003108108108108108,0.0015157604217529298,true,1,-1,0,04
acbc83f3e37c43e4cb0be928e4388346,,38d1b4b1bd409738a093b0f5d257a1d5,6d5f55ee85c1bb785b2cba94ef7545b3,Unknown,XPU-E,16,192,LP,offline_inference,genai,true,2.0,205353123840,4.0,0.06666666666666667,0.0,0.0,,0.019316482543945312,false,0,-1,0,04
cde0cc7d0a07c73d5da66bef7dd357df,,b96c9e42bf4dfa67d9b4403ae171f433,6d5f55ee85c1bb785b2cba94ef7545b3,Unknown,XPU-E,16,192,LP,offline_inference,genai,true,1.0,102676561920,4.0,1.0,41.19269009567899,94.86279296875,0.1827215277777776,0.5323547073646827,false,132,-1,0,04
eec7dfec0a1230d8eb3af07b0f2a90b0,,19014baf5c306e38b613380371d70294,6d5f55ee85c1bb785b2cba94ef7545b3,Unknown,XPU-A,8,192,LP,offline_inference,genai,true,1.0,206141652992,8.0,1.0,,,0.0004310646407685886,0.0015030420488781398,true,0,-1,0,04
f27a8c8c5a8a45ac272dd8f49a196945,,9d6ff2163674653453818e708eac1f30,2f9611355f71fe804da2606899ddfb36,Unknown,A100,8,128,LP,offline_inference,genai,true,1.0,85899345920,4.0,0.2388888888888889,0.0,0.0,0.025011627906976742,0.010303006430929018,true,398,-1,0,04
f2df6a7e4e7f50b376c8112d0fd20c4c,,4fdb194588ba0255d7b0b24beaf17ad4,6d5f55ee85c1bb785b2cba94ef7545b3,Unknown,XPU-E,16,192,LP,offline_inference,genai,true,1.0,102676561920,4.0,0.8833333333333333,39.05541365554277,94.857666015625,0.22770490506329102,0.5317603751073913,false,373,-1,0,04
2572acd4b8c997a4e1e3476c7708e98e,69261fc68dfc4dbced74ebde30c5d423,3c9d1ffbcd04a99a884d8d4dfbf0ec60,3f39b4b673832cdb370477e6042ec0a7,Unknown,L20,2,192,Other,offline_inference,unknown,false,1.0,48305799168,8.0,0.43333333333333335,0.9372569333333335,2.3859265046296296,0.17288701923076918,0.6862523546818935,true,34,28,0,05
3c9a60addb18bbcf20f0ca7c8fb81a78,,299ca8cd53931b5e6b396280eb266bd8,70870b9abdf0a944615e4987e21869b3,Unknown,L20,2,192,LP,offline_inference,genai,true,1.0,48305799168,4.0,0.2111111111111111,0.03182,38.46237664473684,0.060935810810810793,0.19062777402108178,false,193,-1,0,05
4d1584ddd355ef33c80e11e90f2a9315,,28932376943caf5f4847e84592bbc870,6d5f55ee85c1bb785b2cba94ef7545b3,Unknown,XPU-A,8,192,LP,offline_inference,genai,true,1.0,206141652992,8.0,0.6166666666666667,,,0.00043807339449541293,0.0015115732496434992,true,0,-1,0,05
5ddd1e88d40bad8cf7d666be34fd95c5,,7d1e24c0b98b6bb39ca014c89c93a2ce,2f9611355f71fe804da2606899ddfb36,Unknown,A800,8,128,LP,offline_inference,genai,true,1.0,85899345920,4.0,0.8277777777777777,78.55501726529162,72.734375,0.3791849662162162,0.39641952170982003,false,0,-1,0,05
5f454d2705eee0e4ea582bb0972eaee3,,f5fe4cc4b1dcf5fcb230ed3d8a2f1f51,2f9611355f71fe804da2606899ddfb36,Unknown,XPU-D,8,192,LP,offline_inference,genai,true,1.0,102676561920,4.0,1.0,39.09690679629628,94.877197265625,0.15029097222222218,0.5383785516244396,false,192,-1,0,05
6e9a3a31fec2bbae1469e5652da79534,,a803f0813a0c633fd0f0e9c62f21deaf,da8d7fb8796ea962e14eef38624d8059,Unknown,XPU-B,1,192,LP,offline_inference,genai,true,1.0,51136954368,20.0,1.0,35.8765356666667,31.74755859375,0.06105416666666703,0.19647260136074488,true,0,7,0,05
91ff32159fd4cca29f755e22ce0f2632,,35f152ed88bc85eeac4b461a752908b9,2f9611355f71fe804da2606899ddfb36,Unknown,A10,1,128,LP,offline_inference,genai,true,1.0,23836098560,4.0,1.0,89.3868567987013,21.703125,0.2644124999999999,0.15328973628856526,true,148,6,0,05
996bfb68211450e9d16224641aee85d5,,fd15c9ac0488d04f9ca9a8b99eb36a1a,6d5f55ee85c1bb785b2cba94ef7545b3,Unknown,XPU-E,16,192,LP,offline_inference,genai,true,1.0,102676561920,4.0,0.5333333333333333,16.930202342105265,84.3588808722245,0.15472739361702123,0.23089580130069828,false,345,-1,0,05
a548bfa9ba83db3f2e2702cb5c045d6d,,e9b9827b452bd827bce960b6cb4d572c,6d5f55ee85c1bb785b2cba94ef7545b3,Unknown,XPU-E,16,192,LP,offline_inference,genai,true,1.0,102676561920,4.0,0.12222222222222222,0.0,94.865478515625,0.0055374999999999374,0.5140243784586589,false,195,-1,0,05
c1bcae1f6b864773aa1ba5251bc35f30,,38361c4457c185f0059570087e50888b,6d5f55ee85c1bb785b2cba94ef7545b3,Unknown,XPU-E,16,192,LP,offline_inference,genai,true,1.0,102676561920,4.0,0.022222222222222223,1.397085,27.181085205078126,0.4154375,0.24041837056477866,true,0,5,0,05
cf91ff38a58fc52e8d04a50c1cf2cff8,,b6e78bfa99d87fb2e679c280bf0703a5,9089d80baea5f56a3c169801052daa1f,Unknown,XPU-E,16,192,LP,offline_inference,genai,true,1.0,103079215104,4.0,1.0,35.64469572916664,92.227294921875,0.5132340277777778,0.682555482652452,false,104,-1,0,05
e1c5a971001160390597d12c7785a297,840db8cef631f8ed10322813227b65de,7554cb6f3899663360e66f243951f1e3,87532e3737169e035fad3c9f3ab7f85e,Unknown,L20,2,192,LP,offline_inference,unknown,false,1.0,48305799168,8.0,0.06111111111111111,,,0.0066875000000000025,0.0025929689407348635,false,1832,-1,0,05
e57d1ff2b151f5de806795e5a73949cb,,299ca8cd53931b5e6b396280eb266bd8,70870b9abdf0a944615e4987e21869b3,Unknown,L20,2,192,LP,offline_inference,genai,true,1.0,48305799168,4.0,0.4111111111111111,0.0,3.7131022135416667,0.039036971830985916,0.11267877851213731,true,117,-1,0,05
e784be9f0517872dc4019d1a300a1366,,2303b43f302624d6f1936fa50f52ad90,1f28e063c4e5e1bc48ff55269617dd2f,Unknown,H20,8,192,LP,offline_inference,genai,true,2.0,205250363392,4.0,2.0,1.282046999007937,189.552734375,0.251108333333334,0.0528902792047571,false,0,-1,0,05
f7712fe12133c2a79d1691451321b2c9,,63e988d5c0faf2e3bf4299dfb463948f,6d5f55ee85c1bb785b2cba94ef7545b3,Unknown,XPU-A,8,192,LP,offline_inference,genai,true,1.0,206141652992,8.0,0.1111111111111111,,,0.0003585526315789464,0.0015135407447814941,true,0,-1,0,05
039027b5a264d90e8e5c83180356ccd2,28556fd3aa8e201998baa9f8cc87b230,71cc1f6114cca1073d8972c296692d32,2f9611355f71fe804da2606899ddfb36,Unknown,A800,8,128,LP,offline_inference,unknown,false,1.0,85899345920,8.0,0.12222222222222222,0.0,0.18614430147058825,0.2763642465538847,0.008527763671875003,true,0,18,0,06
0ab104d08dd0c6ddb5a04a659a618963,,121dc9eb986ec735cc315e2740d031d4,9089d80baea5f56a3c169801052daa1f,Unknown,XPU-E,16,192,LP,offline_inference,genai,true,1.0,103079215104,4.0,0.016666666666666666,0.0,6.092881944444444,,0.08726603190104167,false,207,-1,0,06
4cf8280ab988f0c4f54a8de43c57bf27,,3a9dc4d727a53b0069478e4fab36c7e7,6d5f55ee85c1bb785b2cba94ef7545b3,Unknown,XPU-A,8,192,LP,offline_inference,genai,true,1.0,206141652992,8.0,0.3111111111111111,,158.13653191838947,0.08893402777777777,0.13918381604281338,false,0,-1,0,06
4f155561331a58a52eccf97c720410fb,,5db58d2d11a680103a3b58539523e263,6d5f55ee85c1bb785b2cba94ef7545b3,Unknown,XPU-A,8,192,LP,offline_inference,genai,true,1.0,206141652992,8.0,0.16666666666666666,,,0.0008359375000000002,0.0014527713259061177,true,0,358,0,06
6eb0202c6fa295f06d4df4ea45134073,,c3f319bf5f93c8941a8517d66b15c1d0,6d5f55ee85c1bb785b2cba94ef7545b3,Unknown,XPU-E,16,192,LP,offline_inference,genai,true,1.0,102676561920,4.0,1.0,44.609439862193376,91.8427734375,0.3568298611111113,0.54354823006524,false,88,-1,0,06
7170ae507a17181a2bb42ccbac337dc6,bfa3c877bdff23793a6bee63dc645cb5,7433199953e925e824cc950993ee1436,1f28e063c4e5e1bc48ff55269617dd2f,Unknown,H20,8,192,HP,offline_inference,unknown,false,1.0,102625181696,20.0,1.0,72.63329683333333,24.935546875,0.06587652777777758,0.08581750954861112,true,2386,34,0,06
819198ccf04057392bd062e99fba569d,,8fffd35ce27ddc19a83d8a54fa6b8a8d,da8d7fb8796ea962e14eef38624d8059,Unknown,A10,1,128,LP,offline_inference,genai,true,1.0,24146608128,4.0,0.5166666666666667,70.37563917562726,21.905913978494624,0.25298387096774194,0.08608456683415239,true,25,11,0,06
84788b4a370f4ae58ef3ed56bf002834,,e13e23dfe970973fb79c431efd21cf8b,2f9611355f71fe804da2606899ddfb36,Unknown,XPU-D,8,192,LP,offline_inference,genai,true,2.0,205353123840,4.0,1.288888888888889,2.2600571305418717,16.881618997107196,0.09497144491663939,0.09790566378626331,true,0,-1,0,06
8a3344a1629480fbffb066f22e557439,,9694fe06681819c67961c40a1b0ba387,1f28e063c4e5e1bc48ff55269617dd2f,Unknown,XPU-E,16,192,LP,offline_inference,genai,true,1.0,102676561920,4.0,1.0,38.38798324074073,94.857177734375,0.2304541649262045,0.5310844463772243,false,116,-1,0,06
8b1dd0f1662001bf238c900b4df0b8de,,f53d4dd69d0a5b3c7aba524182a90159,2f9611355f71fe804da2606899ddfb36,Unknown,A100,8,128,LP,offline_inference,genai,true,1.0,85899345920,4.0,0.6111111111111112,21.168569363636358,70.10164772727272,0.5439537037037036,0.19309494181875067,false,90,-1,0,06
985cc1cbde38fa3435370d1d7b8517c1,,0b61c18939ca38f02f560f748e397fa0,1f28e063c4e5e1bc48ff55269617dd2f,Unknown,H20,8,192,LP,offline_inference,genai,true,1.0,102625181696,4.0,1.0,0.0,2.3820225091628084,0.03982986111111107,0.0909146393669976,true,43,-1,0,06
bf64c0286772042ea34fd106aab4597a,33c1aec5c47b0ce72b57541d5d86d087,7b8cf982b6e4dcb10aaa5896442cf0dd,70870b9abdf0a944615e4987e21869b3,Unknown,XPU-C,2,192,Other,offline_inference,unknown,false,1.0,51539607552,7.25,1.0,0.0,0.0,1.0248228210865293,0.6497255098667025,true,2,38,0,06
c91af3eb8ef2c05fa9563f0ad351939b,,2c54edc47647989eedb9cad3cd223d26,70870b9abdf0a944615e4987e21869b3,Unknown,H20,8,192,LP,offline_inference,genai,true,1.0,102625181696,4.0,0.45,0.0,3.210671055169753,0.06422275641025643,0.12384820461273194,true,0,-1,0,06
da519626bc465290dface761a74ee7ff,82ab8eecc7db475fb6048bc897535453,5023a1bdd9af0812577f58c3f9fbe0e8,2f9611355f71fe804da2606899ddfb36,Unknown,XPU-B,8,192,Other,offline_inference,unknown,false,1.0,51136954368,7.5,0.06666666666666667,0.0,0.0,0.1398133333333333,0.07187871257103126,true,0,54,0,06
dc96cfabf4205d8d14f1e6273ab56ac0,,14fcce7a9e7d8918003185e2b02a3d14,1f28e063c4e5e1bc48ff55269617dd2f,Unknown,XPU-A,8,192,LP,offline_inference,genai,true,1.0,206141652992,8.0,0.5222222222222223,,189.304931640625,0.00510039893617023,0.12510017701920043,true,0,6,0,06
eacdcfa90a9ae07011332063d3e8435f,,45b22f1044f7d8c521df97627070fcff,4d6f06d02df4e9de96966a73d9e8a4dd,Unknown,A10,1,128,LP,offline_inference,genai,true,1.0,24146608128,4.0,0.5111111111111111,77.63556166666663,21.872043775475543,0.49235439560439564,0.3760036244933859,true,0,442,0,06
f979acc2ec747a5dc9ca504eee964a17,29bc3e773425179c61a640c605b78692,a87b5bf4f3ddba3d327e87e06eb8f02c,6d5f55ee85c1bb785b2cba94ef7545b3,Unknown,XPU-E,16,192,LP,offline_inference,genai,true,1.0,102676561920,23.0,1.0,0.0,0.0,0.011782850241545888,0.0024162990089699066,true,0,-1,0,06
4569f88f8b18194e60e107f5b17eace7,,db96ae057098d8ea17ead238b13f0cdb,6d5f55ee85c1bb785b2cba94ef7545b3,Unknown,XPU-E,16,192,LP,offline_inference,genai,true,1.0,102676561920,4.0,1.0,13.636688325396827,91.8427734375,0.31978888888888946,0.545617071081091,false,3540,-1,0,07
5c4dbc68839b90ec2f5081e5e7f0de18,,01f8c58abe9cce03c311021a062de590,1f28e063c4e5e1bc48ff55269617dd2f,Unknown,H20,8,192,LP,offline_inference,genai,true,1.0,102625181696,4.0,0.55,17.50282433905379,93.80056202168367,0.09652146464646454,0.09566528500129885,false,269,-1,0,07
947d634d960c4f92152465bdb787bf67,,a9e1b00de4741f5c9437634298d0b1e3,6d5f55ee85c1bb785b2cba94ef7545b3,Unknown,XPU-E,16,192,LP,offline_inference,genai,true,1.0,102676561920,4.0,0.7444444444444445,2.5516926515151512,94.5777225378788,0.02210086784124488,0.5209390194261845,true,0,6,0,07
b0dd1fb8101189b2e78d18bb49507b7d,,bf72ac39f05766097e38d442b9be1c22,70870b9abdf0a944615e4987e21869b3,Unknown,XPU-A,8,192,LP,offline_inference,genai,true,1.0,206141652992,8.0,0.19444444444444445,,191.08762741088867,0.0028464285714285406,0.12334611075265067,false,3062,-1,0,07
e550477b201d1722f963f0969ec71a41,,0f4d645331edd9f16873c82add85779c,4d6f06d02df4e9de96966a73d9e8a4dd,Unknown,XPU-B,8,192,LP,offline_inference,genai,true,1.0,51136954368,8.0,1.0,55.37035841975309,43.861083984375,0.20309652777777767,0.27454148464732697,true,101,46,0,07
ed2c1fdca1242d4c8d0e592ea154d6db,1815491aedf54fcd27fa346419e42c58,ca49d422e9aa234ed63e7a01bf3fc97b,6d5f55ee85c1bb785b2cba94ef7545b3,Unknown,XPU-A,8,192,LP,offline_inference,genai,true,1.0,206141652992,8.0,0.08333333333333333,,190.95338439941406,0.0034458333333333255,0.11246001720428467,true,14508,6,0,07
ee23c5c924a4c963d97f1ce71cee1d00,,95c9cf2b0d65ae007cd8ac46a1f36c8c,2f9611355f71fe804da2606899ddfb36,Unknown,XPU-D,8,192,LP,offline_inference,genai,true,1.0,103079215104,4.0,0.07777777777777778,0.10265857142857142,5.027410016741071,0.27118181818181814,0.30544793870713977,false,0,-1,0,07
f590b5491b2630b066283721dfcf33e7,,b884a0a0359ef2c5b40b3295d0dd6e0f,1f28e063c4e5e1bc48ff55269617dd2f,Unknown,H20,8,192,LP,offline_inference,genai,true,1.0,102625181696,4.0,1.0,3.5117566111111107,94.5078125,0.01690625000000004,0.15269336559154367,false,253,-1,0,07
f9fa497b5bba2b641010abbd86ce76df,,e9b9827b452bd827bce960b6cb4d572c,6d5f55ee85c1bb785b2cba94ef7545b3,Unknown,XPU-E,16,192,LP,offline_inference,genai,true,1.0,102676561920,4.0,0.21666666666666667,0.0,94.86279296875,0.002020833333333233,0.5316169314914281,false,117,-1,0,07
053e351967a26b4e7c6a4d47232caf5c,,3443ff838c0de47872d32577eb75d5b1,2f9611355f71fe804da2606899ddfb36,Unknown,XPU-D,8,192,LP,offline_inference,genai,true,1.0,102676561920,4.0,1.0,0.03430494444444444,80.34970228407118,0.0602858146067416,0.5117515897839647,false,0,-1,0,08
0dedebb82a6eb7045f7a710817002298,,a87b5bf4f3ddba3d327e87e06eb8f02c,6d5f55ee85c1bb785b2cba94ef7545b3,Unknown,XPU-E,16,192,LP,offline_inference,genai,true,1.0,102676561920,4.0,0.8944444444444445,23.3852171621742,81.39814498617042,0.260375786163522,0.5117231400807694,true,180,5,0,08
683eccff7eaa4b5e6ade1f4af9f1b99d,,5c85add55de10dbd310adc1dcc099e90,6d5f55ee85c1bb785b2cba94ef7545b3,Unknown,XPU-E,16,192,LP,offline_inference,genai,true,1.0,102676561920,4.0,0.7666666666666667,33.5259421354275,92.86187284165533,0.2457527777777779,0.5407158832924036,true,132,5,0,08
78a13d9f44fb1d8f338be353c341dab3,,b8b8330ec99f6b12926b4d3370382f02,2f9611355f71fe804da2606899ddfb36,Unknown,A100,8,128,LP,offline_inference,genai,true,1.0,85899345920,4.0,1.0,69.58355314213563,78.650390625,0.2420590277777779,0.1646726297449182,false,0,-1,0,08
93e6b53b5630b1c8d5860d12b9c612ba,,df33935c5cded44051474e23fcf52185,9089d80baea5f56a3c169801052daa1f,Unknown,XPU-E,16,192,LP,offline_inference,genai,true,1.0,103079215104,4.0,1.0,38.16931556172839,92.217529296875,0.41948611111111117,0.6861898718939888,false,26,-1,0,08
ce8a1286210692e98cf00ee2deadad38,,d1f2522effdf7bc006be638ab1e5c9d4,70870b9abdf0a944615e4987e21869b3,Unknown,H20,8,192,LP,offline_inference,genai,true,1.0,102625181696,4.0,0.1111111111111111,3.1243436842105266,35.20085320723684,0.24638970588235296,0.17176224743878402,true,135,6,0,08
d1c721c51fa51088b4ca94a50a00a04c,,d8195ae7a8008c63433e62ac1b1fa14c,9089d80baea5f56a3c169801052daa1f,Unknown,XPU-E,16,192,LP,offline_inference,genai,true,1.0,103079215104,4.0,1.0,35.406577361509825,95.232421875,0.25274652777777756,0.6738683679368758,false,193,-1,0,08
28f71e042b7174f8d6421314ae8407c6,,e36bb4742e5299daee8a7eee9e8802ee,1f28e063c4e5e1bc48ff55269617dd2f,Unknown,H20,8,192,LP,offline_inference,genai,true,1.0,102625181696,4.0,1.0,81.11641758399476,85.74396918402778,0.4003518692564745,0.39073205806590905,true,179,8,0,09
2df3b6dd6c5975f71b45935674c1469a,,c118de292a494fc38c18b6b6650e6f4e,6d5f55ee85c1bb785b2cba94ef7545b3,Unknown,XPU-E,16,192,LP,offline_inference,genai,true,1.0,102676561920,4.0,1.0,36.37151711775876,94.857666015625,0.2492756944444448,0.5365726160120085,true,270,5,0,09
383f8de2064086aa28c3aedda8beaf2d,6b108dd768d8079bf3a580125da28a82,582b88de28e3d788b0f00325159ba4d7,2f9611355f71fe804da2606899ddfb36,Unknown,H800,8,192,LP,offline_inference,unknown,false,1.0,85520809984,8.0,0.2388888888888889,0.0,0.21179917279411764,0.2345493421052632,0.0103860546875,true,299,21,0,09
6a9468ca43bcb4ff89c2542253272b93,,bcd747c56d3b3fa5d60c29d1ce0fda07,da8d7fb8796ea962e14eef38624d8059,Unknown,A10,2,192,LP,offline_inference,genai,false,1.0,24146608128,8.0,0.2222222222222222,0.0,0.0,0.0043,0.011327998978751046,false,0,-1,0,09
713d2c9ef276528eda52909844892c61,,44640a643d3518b22ea736a5751aeb22,87532e3737169e035fad3c9f3ab7f85e,Unknown,H20,8,192,LP,offline_inference,genai,true,1.0,102625181696,4.0,1.0,64.93185016666665,75.982421875,0.461481944444446,0.11418672755912494,true,119,98,0,09
718f74dff954db898903d0c7a91e9a68,,b6da7e0ccdb72406b7590b86caef34c9,6d5f55ee85c1bb785b2cba94ef7545b3,Unknown,XPU-E,16,192,LP,offline_inference,genai,true,1.0,102676561920,4.0,0.18888888888888888,36.22103143939394,94.726806640625,0.258621212121212,0.09965876954974548,false,74,-1,0,09
8a09d1bafbadc7e7b0f8fcf429c37ae1,,746f8daf4905ec7779f6e89f15a8a699,6d5f55ee85c1bb785b2cba94ef7545b3,Unknown,XPU-E,16,192,LP,offline_inference,genai,true,1.0,102676561920,4.0,0.3388888888888889,30.592870664845176,89.61345094774592,0.24994736842105253,0.5546772003173828,true,1,5,0,09
ea27e6dbe84e1de4b41b180e3474623a,,e5085fb46cebf4ef1ea0cafcec41c612,3f39b4b673832cdb370477e6042ec0a7,Unknown,L20,2,192,LP,offline_inference,genai,true,1.0,48305799168,4.0,0.16111111111111112,44.67091166666666,31.676782226562498,0.4033593749999999,0.21063972049289278,false,134,-1,0,09
17b03823e4c182587aee08760acbd9e0,,5f760876f7946d0824bbe73f1cb1d305,6d5f55ee85c1bb785b2cba94ef7545b3,Unknown,XPU-E,16,192,LP,offline_inference,genai,true,1.0,102676561920,20.0,1.0,18.07469972127255,91.9384765625,0.06283972222222226,0.4244479094611275,false,101,-1,0,10
1c2d544bc8e109c17dfd6ddeb456460b,,98d214c6c8282d4fe000e95ee54a9703,1f28e063c4e5e1bc48ff55269617dd2f,Unknown,XPU-E,16,192,LP,offline_inference,genai,true,1.0,102676561920,4.0,0.03888888888888889,0.0,17.868861607142858,0.189975,0.2481835259331597,true,0,8,0,10
26caffe64c6292a2a23e5abcb700430f,,3bc8742090d3834172444e6f70f2a1dd,9089d80baea5f56a3c169801052daa1f,Unknown,XPU-E,16,192,LP,offline_inference,genai,true,1.0,103079215104,4.0,1.0,31.694588907407397,95.232421875,0.17736666666666684,0.6689286048324025,false,271,-1,0,10
47f7be73685edcc6d828b4685dea9712,,3ae54d124b8354c98498ca7b38b0caf9,2f9611355f71fe804da2606899ddfb36,Unknown,H800,8,192,LP,offline_inference,genai,true,1.0,85520809984,4.0,0.16666666666666666,0.007517387218045113,0.08620697250939849,0.07965625,0.043211746215820315,true,1067,432,0,10
6b81e3affefe297e3fda8a5fdda7a2df,,001ee67a5d31f854c565375dfcb26d61,1f28e063c4e5e1bc48ff55269617dd2f,Unknown,H20,8,192,LP,offline_inference,genai,true,1.0,102625181696,4.0,1.0,4.044308672880117,94.765625,0.1699041666666666,0.06488765857837818,false,0,-1,0,10
bb4be99bab2b96044760102c9aaf6ff2,,abdcb4e97c58d53b934f7edbff38fd41,9089d80baea5f56a3c169801052daa1f,Unknown,XPU-E,16,192,LP,offline_inference,genai,true,1.0,103079215104,4.0,0.2388888888888889,16.609494000000005,93.91303405761718,0.10259756097560939,0.23569402617167656,false,0,-1,0,10
c9b0d3598fc2365833286aef4cd56fc9,,5b1f468ee26e618762718ab199d48678,6d5f55ee85c1bb785b2cba94ef7545b3,Unknown,XPU-E,16,192,LP,offline_inference,genai,true,2.0,205353123840,4.0,2.0,32.35225386707446,189.44189453125,0.34926823134224444,0.2348967276679148,true,176,15,0,10
1fc1b8572878a81de1c158d83c6e708e,,af410cf1b8defd71604b0df057c1a567,6d5f55ee85c1bb785b2cba94ef7545b3,Unknown,XPU-E,16,192,LP,offline_inference,genai,true,1.0,102676561920,4.0,0.31666666666666665,31.417281052631576,89.71179584703947,0.3721798245614035,0.5611669596175702,false,0,-1,0,11
57b62a6a10dc1aead51a1894fef30acd,,1465dd424d37b7574bf3fd5068ff1920,1f28e063c4e5e1bc48ff55269617dd2f,Unknown,H20,8,192,LP,offline_inference,genai,true,1.0,102625181696,4.0,0.17777777777777778,34.0339309375,84.07503119574652,0.16269583333333337,0.19234393130066574,true,0,7,0,11
8c5506e579b9d374ed5e2534a2a55bb0,,e07a24af9fa6bd9a99991e1486257d7b,9089d80baea5f56a3c169801052daa1f,Unknown,XPU-B,8,192,LP,offline_inference,genai,true,1.0,51539607552,4.0,1.0,56.3878028600916,43.24457790798611,0.23627152777777774,0.6273565059238009,false,71,-1,0,11
8e07ac6afb7b8749f768edce42f73c2f,,c41d89fd6a98e785ccace84122d0564e,6d5f55ee85c1bb785b2cba94ef7545b3,Unknown,XPU-E,16,192,LP,offline_inference,genai,true,1.0,102676561920,20.0,0.6555555555555556,0.00030144067796610165,90.22097954184322,0.0015056034482758625,0.23084211104955418,false,0,-1,0,11
948725879ce8b92838fd0e79d5abeea2,,76138c6ce17a38aa5cc1ac4a5d1b9921,6d5f55ee85c1bb785b2cba94ef7545b3,Unknown,XPU-E,16,192,LP,offline_inference,genai,true,1.0,102676561920,4.0,0.7444444444444445,37.92445652777777,91.8427734375,0.4242359022556391,0.5464379686297791,false,117,-1,0,11
9db5a695366d818e95a2dc6933aabf81,,1c5fd1fe5d7591bba2e1bbc487662b89,9089d80baea5f56a3c169801052daa1f,Unknown,XPU-B,8,192,LP,offline_inference,genai,true,1.0,51539607552,4.0,1.0,68.4498251448413,45.216373697916666,0.23491581558061828,0.6611499574449327,false,26,-1,0,11
abff61f1450f405bfa336d81100bb396,,f614dc33df213699365e8b3bdf83e07d,2f9611355f71fe804da2606899ddfb36,Unknown,XPU-D,8,192,LP,offline_inference,genai,true,1.0,102676561920,4.0,1.0,78.69767076936027,94.873779296875,0.2166722222222223,0.5366408665974935,false,343,-1,0,11
c0a222c6d4b3e5038cf9e3bfc74bcd96,,1d134208b0bfc6b891cc4897d221c038,9089d80baea5f56a3c169801052daa1f,Unknown,XPU-E,16,192,LP,offline_inference,genai,true,1.0,103079215104,20.0,0.5111111111111111,15.998781112836438,88.48494889053335,0.06111222222222224,0.5476668263529684,false,15,-1,0,11
e1829b46505ce6593684fc0bf609a5df,,ba54b48dd0b196b7bedfd3400c47aef9,1f28e063c4e5e1bc48ff55269617dd2f,Unknown,H20,8,192,LP,offline_inference,genai,true,1.0,102625181696,4.0,0.022222222222222223,,,0.12875000000000228,-9.142557779947916e-05,false,0,-1,0,11
e1adae4fe704657ae972704594c56d7d,,30cb8ded15c5b23ccc7b3c525a2a83c9,6d5f55ee85c1bb785b2cba94ef7545b3,Unknown,XPU-E,16,192,LP,offline_inference,genai,true,1.0,102676561920,4.0,0.2833333333333333,1.8514259999999998,94.55604383680556,0.011859374999998326,0.5309827682819771,false,283,-1,0,11
0ae699ba4084ffc758ef39c6117d3c35,28556fd3aa8e201998baa9f8cc87b230,10aa91f9edb3ffdcff03dd2cbd0078b2,2f9611355f71fe804da2606899ddfb36,Unknown,A100,8,128,LP,offline_inference,unknown,false,1.0,85899345920,8.0,0.7277777777777777,0.0,0.16294642857142858,0.2588119469026548,0.01120752644496682,true,0,24,0,12
13b45ac1a7430e033b9f6f329ff387ac,,583f5e6b9b6d07189e38d2e5ec952363,6d5f55ee85c1bb785b2cba94ef7545b3,Unknown,XPU-E,16,192,LP,offline_inference,genai,true,1.0,102676561920,4.0,1.0,36.43243156646827,94.85791015625,0.24780647103870793,0.5348555155153627,true,0,6,0,12
33027ec18a365baa02cc7b3364a9127b,,7ac1f780a0dc271c58e588722e7b7f47,9089d80baea5f56a3c169801052daa1f,Unknown,XPU-E,16,192,LP,offline_inference,genai,true,2.0,206158430208,4.0,2.0,106.37919935752262,190.260986328125,0.5093200396825398,0.5254278204176163,false,161,-1,0,12
39906fa6227bdc371ca28692252b36de,,0409a4a36c72d1d362177b8d9a6f1c0b,6d5f55ee85c1bb785b2cba94ef7545b3,Unknown,XPU-E,16,192,LP,offline_inference,genai,true,1.0,102676561920,20.0,0.5277777777777778,34.666250207336525,89.25790436229069,0.09157795698924732,0.25880972476715736,false,0,-1,0,12
727e80cc25930615f515c907539edb63,,c041565fa8214fbaacc3a7691458fdaf,9089d80baea5f56a3c169801052daa1f,Unknown,XPU-E,16,192,LP,offline_inference,genai,true,1.0,103079215104,4.0,0.5222222222222223,2.2297966304347825,95.07971987516984,0.024337765957446873,0.6721697106583571,true,284,5,0,12
737855ff6124c305ca9f78c18c3ee242,,641b8183a18143ea23985e3ae98790ba,1f28e063c4e5e1bc48ff55269617dd2f,Unknown,H20,8,192,LP,offline_inference,genai,true,1.0,102625181696,8.0,1.0,0.020235272470811676,83.853515625,0.14744169799498782,0.2282024222479926,true,102,54,0,12
807c126c7adab9932c0a59dc9f646b36,6094d3d4bc87fb832ac6510b7695a5a8,90040522b29181458e150bd4d83a075b,1f28e063c4e5e1bc48ff55269617dd2f,Unknown,XPU-E,16,192,HP,offline_inference,genai,true,16.0,1642824990720,176.0,16.0,626.2692344160583,674.5487544713395,0.09515899621212119,0.04146266201443143,true,0,35,0,12
81ac9e382e77ef200d192bfc937d06d5,,14c8419713361d2d0733e9c455d70348,9089d80baea5f56a3c169801052daa1f,Unknown,XPU-E,16,192,LP,offline_inference,genai,true,1.0,103079215104,4.0,0.5388888888888889,2.199605157894737,95.286865234375,0.020909793814433253,0.6581591301357625,false,150,-1,0,12
95ba9e236a0c16df883b398209434a20,,8906919b9cc6591442652ebb45fe1e50,6d5f55ee85c1bb785b2cba94ef7545b3,Unknown,XPU-E,16,192,LP,offline_inference,genai,true,1.0,102676561920,20.0,1.0,39.135267154321,91.915771484375,0.09352444444444444,0.24587665557861335,false,58,-1,0,12
a246287b1a6ff69ed1388070f809ef27,,44640a643d3518b22ea736a5751aeb22,87532e3737169e035fad3c9f3ab7f85e,Unknown,H20,8,192,LP,offline_inference,genai,true,1.0,102625181696,8.0,1.0,29.272211442052107,90.478515625,0.1662607638888887,0.19022316899564531,true,57,77,0,12
a9cc6d9135592586f3f94906d29bbc6b,,8f4cb4dba406cfeddf97b7794b4b7266,6d5f55ee85c1bb785b2cba94ef7545b3,Unknown,XPU-E,16,192,LP,offline_inference,genai,true,1.0,102676561920,20.0,0.9111111111111111,14.03438276252622,90.89817430449696,0.05001381987577643,0.36146250713018724,false,89,-1,0,12
2f0612abf8fa3f193e3d7f55d2727be8,,54590b3a55f05902756dec7162235bf4,2f9611355f71fe804da2606899ddfb36,Unknown,A10,1,128,LP,offline_inference,genai,true,1.0,23836098560,4.0,0.1,0.014624,13.632187499999999,0.14633333333333337,0.254232398668925,false,117,-1,0,13
43f29e00aa21e8db0101724d15cb6cbe,,f6377a4626d57bedcb5192ff17ebf6b3,2f9611355f71fe804da2606899ddfb36,Unknown,H800,8,192,LP,offline_inference,genai,true,1.0,85520809984,4.0,0.022222222222222223,0.0,0.0,,0.027901204427083333,false,1142,-1,0,13
4862b7c695faf4d30bdfa4bf6de280a5,,e91210503d0002e8c945516715b005e0,2f9611355f71fe804da2606899ddfb36,Unknown,H800,8,192,LP,offline_inference,genai,true,1.0,85520809984,4.0,0.10555555555555556,0.03419894736842105,13.961523437499999,0.4058828125,0.21482390650996455,false,162,-1,0,13
692d632922361d901bec6b1d3154c676,,f163dfe76dd61cecb3a44af9429419c0,6d5f55ee85c1bb785b2cba94ef7545b3,Unknown,XPU-E,16,192,LP,offline_inference,genai,true,1.0,102676561920,4.0,0.2611111111111111,20.04863545454545,91.8427734375,0.2939888888888896,0.5567705876899488,false,0,-1,0,13
765fd995fee717265727fc4c403d7142,,cbdbb1324a4460d23503c12bd293520c,6d5f55ee85c1bb785b2cba94ef7545b3,Unknown,XPU-E,16,192,LP,offline_inference,genai,true,1.0,102676561920,4.0,0.31666666666666665,0.0,0.0,0.03922685185185185,0.02281030961024908,true,0,-1,0,13
c4a74db5922009ee0fcb8ab2af9e1b29,,a2490f557f19d790b355a68204a2c642,6d5f55ee85c1bb785b2cba94ef7545b3,Unknown,XPU-E,16,192,LP,offline_inference,genai,true,1.0,102676561920,20.0,1.0,38.868691815476176,91.915771484375,0.0936875797131718,0.2507432662116158,false,178,-1,0,13
e55865b2764e167483e3aa7bf356ad4c,,00f509cd67a95b901927d5b44114c267,2f9611355f71fe804da2606899ddfb36,Unknown,A100,8,128,LP,offline_inference,genai,true,1.0,85899345920,4.0,0.06111111111111111,0.0,3.06129150390625,0.4322708333333334,0.20589750380743116,false,135,-1,0,13
f051cac813810dfefd5072500fc8698c,,9724030dd45ea76a6d0351820b15ed61,1f28e063c4e5e1bc48ff55269617dd2f,Unknown,H20,8,192,LP,offline_inference,genai,true,1.0,102625181696,4.0,1.0,53.45965073148145,91.650390625,0.46125347222222224,0.1768365923563639,false,134,-1,0,13
f6ccaec377fedc248c7f030d39ed23ea,,a7167d15fd7fa781349a87655c3d4e12,2f9611355f71fe804da2606899ddfb36,Unknown,A100,8,128,LP,offline_inference,genai,true,1.0,85899345920,4.0,0.03888888888888889,66.1655875,78.650390625,0.26162500000000083,0.10606473286946615,false,0,-1,0,13
0633d6b16a5a2471bca96fa94e534d97,33c1aec5c47b0ce72b57541d5d86d087,0f7b396e992e599ff6efebf18e2a1c0a,70870b9abdf0a944615e4987e21869b3,Unknown,XPU-C,2,192,Other,offline_inference,unknown,false,1.0,51539607552,6.5,1.0,0.0,0.0,0.17536716662966656,0.6676982043105911,true,1,40,0,14
0da1b4b2997e8a6dd6d08c70ee85e0f1,33c1aec5c47b0ce72b57541d5d86d087,0455c60171827cd66b1159e5a025ff4e,70870b9abdf0a944615e4987e21869b3,Unknown,XPU-C,2,192,Other,offline_inference,unknown,false,1.0,51539607552,6.0,1.0,0.0,0.0,0.1777389693964274,0.6813032226367103,true,1,26,0,14
4bb72b65fa0d3885870bfb91fc6a49df,,7fe4dce4322e92c62cb37010ab523793,1f28e063c4e5e1bc48ff55269617dd2f,Unknown,H20,8,192,LP,offline_inference,genai,true,1.0,102625181696,4.0,0.14444444444444443,90.91455013333334,85.744140625,0.3775865384615373,0.4159847650772485,true,435,-1,0,14
58877399a324aa89eee71258bc60dfd8,,1f6abf88d7e318ed9dbcd1d98af6d8ce,9089d80baea5f56a3c169801052daa1f,Unknown,XPU-C,2,192,LP,offline_inference,genai,true,1.0,51539607552,4.0,0.38333333333333336,20.01350420289855,41.71990949105525,0.5988894927536235,0.3734886998715608,false,170,-1,0,14
5ba31e40337a2196de16abcfd1cd89e1,,9c828536f26ed43ed8609e4b154418ac,70870b9abdf0a944615e4987e21869b3,Unknown,H20,8,192,LP,offline_inference,genai,true,1.0,102625181696,4.0,0.06111111111111111,0.06935999999999999,43.57077414772727,0.26322904918546364,0.16819582338686342,false,0,-1,0,14
85f912a8ed07997eb4a9eee5cb535a63,,9c0611c55fa714022f1c90c99877a4e4,6d5f55ee85c1bb785b2cba94ef7545b3,Unknown,XPU-E,16,192,LP,offline_inference,genai,true,1.0,102676561920,4.0,1.0,6.1137082347155784,94.856201171875,0.18031527777777787,0.5724220240557634,true,0,9,0,14
94efd4fe06570faf9a0ff3389ed54538,,f47705c59925f38b3fd7dbb69bb799e7,6d5f55ee85c1bb785b2cba94ef7545b3,Unknown,XPU-E,16,192,LP,offline_inference,genai,true,1.0,102676561920,4.0,0.8666666666666667,27.313711689994975,90.37688639322917,0.4032702702702703,0.5559238038052522,false,0,-1,0,14
a06026bf6ae345619e99c097c822aa6b,05ce85355319eb2883889d7f4727ad3d,d599106230a0d3227340f941d2675051,6d5f55ee85c1bb785b2cba94ef7545b3,Unknown,XPU-A,8,192,LP,offline_inference,genai,true,1.0,206141652992,8.0,0.8777777777777778,,192.3102033957457,0.06733979430379741,0.12407051567818708,false,19788,-1,0,14
af3f37b4a01df3ae4aaabf4943889b51,74c59ecfd1991e1f0a36ac51e2c1bd11,6b88f51644b005be7a27e09bc9b7403d,6d5f55ee85c1bb785b2cba94ef7545b3,Unknown,XPU-E,16,192,LP,offline_inference,genai,true,1.0,102676561920,23.0,1.0,41.84398471230158,13.348388671875,0.06051533816425127,0.06602400679976854,true,0,19,0,14
ba30c3d0d49de977431cc5c9e856ece3,,6c22cda75f295f2bf23ae4dab18cae90,9089d80baea5f56a3c169801052daa1f,Unknown,XPU-C,2,192,LP,offline_inference,genai,true,1.0,51539607552,4.0,0.5666666666666667,18.542367575757577,41.363234641335225,0.37853625,0.23869923632530493,false,169,-1,0,14
c7c007b0fde64f70bd66ca89027aef45,,ca1a74da3ed043f90bb62efc4ee173a5,1f28e063c4e5e1bc48ff55269617dd2f,Unknown,XPU-E,16,192,LP,offline_inference,genai,true,1.0,102676561920,4.0,0.22777777777777777,0.051622682926829255,59.743427258003045,0.11463461538461536,0.45868424206245223,true,120,6,0,14
df2930a44b77fdab86e5bd71e108b08d,,b77237a0d48887a765e17eb0a7abd40e,9089d80baea5f56a3c169801052daa1f,Unknown,XPU-E,16,192,LP,offline_inference,genai,true,1.0,103079215104,4.0,1.0,36.072462862103166,95.232421875,0.25231944444444443,0.6741261157283078,true,221,7,0,14
e5549047a9b1bbc7c35f7105417c9ec1,,e49267be7669da328a59c89bcbf2eef2,6d5f55ee85c1bb785b2cba94ef7545b3,Unknown,XPU-E,16,192,LP,offline_inference,genai,true,1.0,102676561920,4.0,1.0,28.17999114197531,91.8427734375,0.4182145833333333,0.5597374280293785,false,0,-1,0,14
fed0d881c6a3b639ae786b8b16f5cb61,,1f95e0c5dbdc9be520243d19209fe5f1,9089d80baea5f56a3c169801052daa1f,Unknown,XPU-E,16,192,LP,offline_inference,genai,true,1.0,103079215104,4.0,1.0,5.998143314814816,95.23095703125,0.17779652777777752,0.7130596245659718,true,1,157,0,14
07de8182c5cdb5678dda99beacff73f9,,95d5fb3f818c54a18d397442b28aedde,9089d80baea5f56a3c169801052daa1f,Unknown,XPU-E,16,192,LP,offline_inference,genai,true,1.0,103079215104,4.0,1.0,16.794113380648586,86.46256944444445,0.6271624999999997,0.3664072962160463,true,0,5,0,15
2ad0d5cbfcaaa92e694780f71b08f7a6,f78559abd481eedd5fc6a916dff74866,e9aa567aba0b4463c3afc0424b54ca37,2f9611355f71fe804da2606899ddfb36,Unknown,XPU-B,8,192,Other,offline_inference,unknown,false,1.0,51136954368,5.75,0.20555555555555555,0.0,0.0,1.0870946291560104,0.5520042837945919,false,0,-1,0,15
3165678f95e11b8b94e2ba64c7b4f38e,,9e0a15af56f935b8f4495c1a083c6cd6,9089d80baea5f56a3c169801052daa1f,Unknown,XPU-C,2,192,LP,offline_inference,genai,true,1.0,51539607552,4.0,1.0,20.14624052840624,44.8408203125,0.6173361111111114,0.3613757458439581,false,200,-1,0,15
326138221e3d9088e15aa641a5afa01d,2e03617e59f6e617058f8d5554f64175,422064a055ed1058fa4fab96e2398dc8,6d5f55ee85c1bb785b2cba94ef7545b3,Unknown,XPU-A,8,192,HP,offline_inference,genai,true,8.0,1649133223936,32.0,8.0,,1485.9116789076063,0.2649760416667495,0.2090328604005308,true,1,-1,0,15
40d7e0bcd845d168236a8b3eef23dd70,,91ba62af2a2d9c9848e8db1aabb8b5e6,9089d80baea5f56a3c169801052daa1f,Unknown,XPU-C,2,192,LP,offline_inference,genai,true,1.0,51539607552,4.0,1.0,20.29177633950619,43.9228515625,0.6187937500000003,0.36123524559868714,false,179,-1,0,15
5311efbe29b4ee9c65718b13ab106b99,,61d712f4998b83140afb6f462eb2308c,9089d80baea5f56a3c169801052daa1f,Unknown,XPU-C,2,192,LP,offline_inference,genai,true,1.0,51539607552,4.0,1.0,19.84534663580246,43.97878472222222,0.6179000000000001,0.3617080201043024,false,163,-1,0,15
ab19ddbbc390ed162b998588b3e6efb1,,f1354bd1214b64ee809bc00c863457c9,1f28e063c4e5e1bc48ff55269617dd2f,Unknown,XPU-E,16,192,LP,offline_inference,genai,true,1.0,102676561920,4.0,1.0,0.0,94.86083984375,0.002181239557226381,0.5354520105432575,true,0,5,0,15
b8edf406f7a64e64e1c2728a1c291583,,f9d1cc6a2404465be3c02eb273f6980a,6d5f55ee85c1bb785b2cba94ef7545b3,Unknown,XPU-E,16,192,LP,offline_inference,genai,true,1.0,102676561920,4.0,1.0,35.27438625942685,94.857666015625,0.252534027777778,0.5350926060146756,true,0,10,0,15
c2b0c4064f167620ff0243e210705179,33c1aec5c47b0ce72b57541d5d86d087,1b123664f59dafc9e8b25e0dc1afc2b7,70870b9abdf0a944615e4987e21869b3,Unknown,XPU-C,2,192,Other,offline_inference,unknown,false,1.0,51539607552,5.5,1.0,0.0,0.0,0.9239765095398411,0.659669030849268,true,0,24,0,15
c2e7a21de1dc9c10d1026fca1f2b1cd4,8264c43b9aaa7329714f4d58e73921ef,9187cbf45717f89e02edec85151dbdbb,6d5f55ee85c1bb785b2cba94ef7545b3,Unknown,XPU-E,16,192,LP,offline_inference,genai,true,1.0,102676561920,23.0,1.0,59.22830661802229,63.51614583333333,0.04355591787439613,0.02377570909288195,true,74,20,0,15
c8220dbd2df6a4b12c1f5fd31c900d74,,b517bb683d7a9cfc4b1484ca45fd5c9f,2f9611355f71fe804da2606899ddfb36,Unknown,A100,8,128,LP,offline_inference,genai,true,1.0,85899345920,4.0,0.022222222222222223,0.03193750000000001,1.0912109375,0.25112499999999993,0.07025674184163412,false,0,-1,0,15
ceefa2efc601b2d9957013d863138c6e,,9680236fd39c82091edb1017105a75bb,1f28e063c4e5e1bc48ff55269617dd2f,Unknown,XPU-E,16,192,LP,offline_inference,genai,true,1.0,102676561920,4.0,0.07222222222222222,0.21450846153846156,66.40228740985577,0.13215000000000002,0.5143209515195903,true,163,5,0,15
d1dbd58421b60b15d7fecf71f835ace7,,7c41ffa83a170ca9ae9a0542e2e8233b,70870b9abdf0a944615e4987e21869b3,Unknown,H20,8,192,LP,offline_inference,genai,true,1.0,102625181696,4.0,0.016666666666666666,0.0,0.11315104166666667,,0.0,true,116,9,0,15
d58dca32ce73bd91bcea814b1286c923,,c39bdcb21ae81668612616560572c122,6d5f55ee85c1bb785b2cba94ef7545b3,Unknown,XPU-A,8,192,LP,offline_inference,genai,true,1.0,206141652992,8.0,1.0,,190.94586944580078,0.05874201388888884,0.12146188219388326,true,58,5,0,15
e359c05666a3b6ddfb992f9b4451d160,,42664afc0143a120ac7d39ebcf032eec,2f9611355f71fe804da2606899ddfb36,Unknown,H800,8,192,LP,offline_inference,genai,true,1.0,85520809984,4.0,0.027777777777777776,0.0,0.0,,0.014489237467447917,false,2973,-1,0,15
53ddfd93b239af7b3e1d47a513512a9f,,00f509cd67a95b901927d5b44114c267,2f9611355f71fe804da2606899ddfb36,Unknown,A100,8,128,LP,offline_inference,genai,true,1.0,85899345920,4.0,0.03888888888888889,0.19037916666666668,51.96598307291667,0.017333333333333343,0.07468213399251303,false,0,-1,0,16
57dd44ffb69c26e02f2c3c127077b6c3,,8c3f84dbf97184336685ccc35d8b5f56,27dc4b08122b037562bbd50b17eaf138,Unknown,XPU-E,16,192,LP,offline_inference,genai,true,1.0,103079215104,4.0,0.022222222222222223,,,0.0,0.0,false,0,-1,0,16
5c3541e6272f16d86ae47a6917260912,,70ba0d56f6b8792496a4c8a1bcc5f6d7,4d6f06d02df4e9de96966a73d9e8a4dd,Unknown,XPU-B,1,192,LP,offline_inference,genai,true,1.0,51136954368,4.0,0.03333333333333333,,,,2.072652180989583e-05,false,0,-1,0,16
5d073012deb8ace84a74dd3e97e56d84,,4e31eccdf16218dacff95748d6f7f5cd,27dc4b08122b037562bbd50b17eaf138,Unknown,XPU-E,16,192,LP,offline_inference,genai,true,1.0,103079215104,4.0,0.19444444444444445,0.07746787878787878,19.68982007575757,0.11184090909090912,0.2696755380341501,true,0,51,0,16
6615ea8626b477798376f5a8c3bcf567,,9da47f02c321032095d326c9aa8a0ccb,da8d7fb8796ea962e14eef38624d8059,Unknown,A10,2,192,LP,offline_inference,genai,true,1.0,24146608128,4.0,0.03888888888888889,0.0,0.2687174479166667,,0.02440649668375651,false,105,-1,0,16
6636b0497f814f9b3fec0526f4ad1c89,,bedbbd3a2695b5e09c5d1c45cd3af686,9089d80baea5f56a3c169801052daa1f,Unknown,XPU-C,2,192,LP,offline_inference,genai,true,1.0,51539607552,4.0,1.0,5.832441734126985,43.5205078125,0.18239166666666676,0.3616977677521882,false,167,-1,0,16
79a2c6c7963e7df5f139ab372a54a763,,18c7a8032a945da80f2ec067994f966d,1f28e063c4e5e1bc48ff55269617dd2f,Unknown,H20,8,192,LP,offline_inference,genai,true,1.0,102625181696,4.0,1.0,61.16826921130953,75.119140625,0.5387666666666668,0.10174186300348344,true,15,102,0,16
80abb5ca35b8e84e5b7b5c9aefa8ddf8,,050f1c32bea640a8cb4bc2f7a7b6ffae,9089d80baea5f56a3c169801052daa1f,Unknown,XPU-E,16,192,LP,offline_inference,genai,true,1.0,103079215104,4.0,1.0,29.243785317901235,95.23583984375,0.2540838711361736,0.6715761707447191,false,117,-1,0,16
913388a44b378006337afd89330ce734,,20b6ca026680fcc2cbed3f8b18131cb6,1f28e063c4e5e1bc48ff55269617dd2f,Unknown,XPU-E,16,192,LP,offline_inference,genai,true,1.0,102676561920,4.0,0.21666666666666667,31.93355846153846,83.88990635016025,0.3039425675675675,0.5636916913484272,false,134,-1,0,16
ab53df08a333da7095def702913c353e,,ee06e09ac05ceb6e6c1e39cc40e34036,2f9611355f71fe804da2606899ddfb36,Unknown,XPU-D,8,192,LP,offline_inference,unknown,false,1.0,102676561920,12.0,1.0,36.22416607315234,46.152466769748266,0.05296203703703701,0.047477308246824466,false,90,-1,0,16
c92181d818037bfed5a60ffbf96e363a,,394ae4f4333fd72913455419fc6381c9,2f9611355f71fe804da2606899ddfb36,Unknown,H800,8,192,LP,offline_inference,genai,true,1.0,85520809984,4.0,0.08333333333333333,0.2772325,53.76513671875,0.13349999999999998,0.23195028759184336,true,4609,7,0,16
f203559cbf7acc57111c288a6eee0268,,1b24b47aa88da071048e7a0d7fc63379,6d5f55ee85c1bb785b2cba94ef7545b3,Unknown,XPU-E,16,192,LP,offline_inference,genai,true,1.0,102676561920,20.0,1.0,39.126523095274,91.915771484375,0.09373583333333352,0.25723624865214045,false,58,-1,0,16
01ee7d89a91b528186362b78b53eaa87,,ec2822f49e84cb4b3338a345bede37b5,27dc4b08122b037562bbd50b17eaf138,Unknown,XPU-E,16,192,LP,offline_inference,genai,true,1.0,103079215104,4.0,0.027777777777777776,0.029874,0.877958984375,0.1749166666666667,0.1419587877061632,true,0,5,0,17
0704f937a36a0bee2de153bc2e05b1e1,,f3f673f659d6e1841b9eab547b148b4e,27dc4b08122b037562bbd50b17eaf138,Unknown,XPU-E,16,192,LP,offline_inference,genai,true,1.0,103079215104,4.0,0.6833333333333333,35.03522112965342,89.99717233549288,0.2547239583333333,0.6590110309788438,false,42,-1,0,17
0d6d0488c877f5675d1df49095e7eed5,,2d374a69087fa90955aa76068ef8b203,1f28e063c4e5e1bc48ff55269617dd2f,Unknown,H20,8,192,LP,offline_inference,genai,true,2.0,205250363392,4.0,2.0,144.87833604938265,168.55749457465276,0.7741770833333329,0.42510097609625885,true,57,82737,0,17
3197dcc8310a81f3b97be7e7b9fa9566,,0372ba7a5d02dc42fdf34aec4eb9aad2,2f9611355f71fe804da2606899ddfb36,Unknown,XPU-D,8,192,LP,offline_inference,genai,true,1.0,102676561920,4.0,0.12777777777777777,0.31533435897435896,17.870467748397434,0.37781547619047606,0.29910795847574867,true,0,510,0,17
401e42e04c117aca121fe8822d1fcf75,afa62d5ba57a0d775a412f48c7c5f6c5,ef7a5fc0d8a0595bc3152cffe0f780b3,6d5f55ee85c1bb785b2cba94ef7545b3,Unknown,XPU-A,8,192,LP,offline_inference,genai,true,1.0,206141652992,8.0,0.49444444444444446,,14.32721057192268,0.32572126436781623,0.11030563102527098,true,9838,-1,0,17
4aec0523578197107144c79e31773722,f78559abd481eedd5fc6a916dff74866,57a7d7c3e70f862dbe1b6ccd05825053,2f9611355f71fe804da2606899ddfb36,Unknown,A100,8,128,Other,offline_inference,unknown,false,1.0,85899345920,5.0,0.35,0.9718905555555559,2.2261555989583335,0.24469344262295087,0.6358989134654733,true,0,117,0,17
728d4a24236ae95c1cef564f26fe3fc1,,5cbdc181013e5177fde6a5acfdc5b9de,9089d80baea5f56a3c169801052daa1f,Unknown,XPU-E,16,192,LP,offline_inference,genai,true,2.0,206158430208,4.0,2.0,7.989339222222223,190.19189453125,0.2729013888888888,0.403758751904523,true,522,16,0,17
88b6d878b7aa930a8f82d67bff03fbf7,,d7ee37043d4e11e7aee6bb479a269c26,27dc4b08122b037562bbd50b17eaf138,Unknown,XPU-E,16,192,LP,offline_inference,genai,true,1.0,103079215104,4.0,0.06111111111111111,,,0.0,0.0,false,0,-1,0,17
a0853a5cf4459d98315d00227ab80fa2,,b6da7e0ccdb72406b7590b86caef34c9,6d5f55ee85c1bb785b2cba94ef7545b3,Unknown,XPU-E,16,192,LP,offline_inference,genai,true,1.0,102676561920,4.0,0.45,29.088954197530867,92.66316832240227,0.2545253164556962,0.5460805654525757,false,73,-1,0,17
a99a37e96bb2edd702d0d3416455552a,3ebfdf142b8f19466399a16ff5f67f8b,8f4cb4dba406cfeddf97b7794b4b7266,6d5f55ee85c1bb785b2cba94ef7545b3,Unknown,XPU-E,16,192,LP,offline_inference,genai,true,1.0,102676561920,12.0,1.0,20.05944714814814,9.23876953125,0.48448935185185177,0.08136222601996528,true,1455,14,0,17
b3a2eee14894b1027ddad341c4dcfd8c,,599dd191bb94610f1be40ff612c67257,2f9611355f71fe804da2606899ddfb36,Unknown,H800,8,192,LP,offline_inference,genai,true,1.0,85520809984,4.0,0.03333333333333333,0.036096,6.8455859375,0.2548,0.1837189229329427,false,5273,-1,0,17
df10d92c33e9d11f174722abc8ac3592,,7d0436bfea5f2690ff2d5797b3c4c7d1,27dc4b08122b037562bbd50b17eaf138,Unknown,XPU-E,16,192,LP,offline_inference,genai,true,1.0,103079215104,4.0,0.06111111111111111,0.029759666666666667,0.07602864583333332,0.09664062500000001,0.041801509150752314,true,0,196,0,17
e87f4448aa00b85a7a908d234a70b04d,,5679fe0130348c6bbd0df264b06fba4b,27dc4b08122b037562bbd50b17eaf138,Unknown,XPU-E,16,192,LP,offline_inference,genai,true,1.0,103079215104,4.0,0.5444444444444444,,,0.0,0.0,false,0,-1,0,17
f0ba6afc86c8c09c095d7f62855bf176,,8045331a80622ffe6d75ec5faa4f2ccf,27dc4b08122b037562bbd50b17eaf138,Unknown,XPU-C,2,192,LP,offline_inference,genai,true,1.0,51539607552,4.0,1.0,19.191023691358033,43.7294921875,0.5880430555555557,0.3683534403200502,false,0,-1,0,17
098a28dbf61d315898d148d6ec6235f5,,c8a522053aad95bd810a66758ed5f46f,6d5f55ee85c1bb785b2cba94ef7545b3,Unknown,XPU-A,8,192,LP,offline_inference,genai,true,1.0,206141652992,8.0,0.011111111111111112,,,,,true,27,6,0,18
0a666adae89900076dbcc9c5f08a750e,,7c6e4566f1579fee6b8602737878111f,6d5f55ee85c1bb785b2cba94ef7545b3,Unknown,XPU-E,16,192,LP,offline_inference,genai,true,1.0,102676561920,4.0,0.17777777777777778,10.759285312499998,88.04548492431641,0.12138793103448274,0.18865898556179472,false,0,-1,0,18
0df1f9143f13cacb640a75cc4e519524,,f3f673f659d6e1841b9eab547b148b4e,27dc4b08122b037562bbd50b17eaf138,Unknown,XPU-E,16,192,LP,offline_inference,genai,true,1.0,103079215104,20.0,1.0,39.10944631532429,92.290771484375,0.09363680555555556,0.46391969892713747,false,0,-1,0,18
15d84d2200383ca73e5620f612a1063d,,75549445ec5e71d28e5f5067fe440977,9089d80baea5f56a3c169801052daa1f,Unknown,XPU-E,16,192,LP,offline_inference,genai,true,1.0,103079215104,4.0,0.3388888888888889,6.982990526315789,95.236572265625,0.06550440685045938,0.6683259788600879,false,74,-1,0,18
1ee584c3dc94e30a8fca7b012aa12046,,03427b6e0e1020d5c1eff1f9f2f03206,27dc4b08122b037562bbd50b17eaf138,Unknown,XPU-E,16,192,LP,offline_inference,genai,true,2.0,206158430208,4.0,0.14444444444444443,7.665436153846154,128.4535625751202,0.43881818181818183,0.21034815576341417,true,13,12,0,18
2152dcf2bbdd632e9a673fcb7a1a6770,b0862533f10dd24888453c0466c2bbbb,8ed9c8331a7b42cada61f3137ad78a59,6d5f55ee85c1bb785b2cba94ef7545b3,Unknown,XPU-E,16,192,LP,offline_inference,genai,true,1.0,102676561920,12.0,1.0,82.76955383597884,50.622305230034726,0.07600625000000003,0.07436252115885415,true,0,-1,0,18
2ddf8e4439ac3391081ddd8876006ba8,,28c1b8baa85af2c1387513e00c2412a1,9089d80baea5f56a3c169801052daa1f,Unknown,XPU-E,16,192,LP,offline_inference,genai,true,1.0,103079215104,4.0,0.6,14.0137535289191,91.19072724196015,0.14422716346153844,0.2605156292705415,false,0,-1,0,18
326afca168f76573f00e8ce0a1f18baf,,70c26189bd9a6b3c86b18d266b28dfe7,9089d80baea5f56a3c169801052daa1f,Unknown,XPU-E,16,192,LP,offline_inference,genai,true,1.0,103079215104,4.0,0.26666666666666666,30.716614999999994,87.00174560546877,0.23714673913043485,0.6562153484804408,true,118,6,0,18
33f84b00f7ecf132c4f65786d41a33f0,,6972b5f159ca7044944ba91353349360,1f28e063c4e5e1bc48ff55269617dd2f,Unknown,XPU-E,16,192,LP,offline_inference,genai,true,1.0,102676561920,4.0,0.08888888888888889,0.0,84.926513671875,0.0010999999999999825,0.1802102951776414,false,134,-1,0,18
5516ed23e725cf6319bfc49cbe7593b1,,583e4aa3cae81530973ff9b8c13cf6fb,6d5f55ee85c1bb785b2cba94ef7545b3,Unknown,XPU-E,16,192,LP,offline_inference,genai,true,1.0,102676561920,4.0,0.15555555555555556,0.0,0.0,0.060355,0.02681479820838341,true,0,315,0,18
58ef3a575d930157ebc51e8876cbcef3,,f410ead9923a2d46b93f90f9445e91bd,1f28e063c4e5e1bc48ff55269617dd2f,Unknown,H20,8,192,LP,offline_inference,genai,true,1.0,102625181696,8.0,1.0,18.000821163690468,79.78515625,0.23779236111111116,0.033692872789171005,true,103,533,0,18
6106a63ca7049e1e62126a39071c4996,,54eb064af8885141377b70dfbfceab63,6d5f55ee85c1bb785b2cba94ef7545b3,Unknown,XPU-E,16,192,LP,offline_inference,genai,true,1.0,102676561920,4.0,0.06111111111111111,32.23900636363636,94.861572265625,0.2569204545454547,0.5345246170506333,true,147,5,0,18
a48c7d5078224bbb9b86679978ac2a09,,beed7c1b5fc7c6f550a75ab534aa5c45,9089d80baea5f56a3c169801052daa1f,Unknown,XPU-E,16,192,LP,offline_inference,genai,true,1.0,103079215104,4.0,1.0,32.32464892592592,95.237548828125,0.2551833333333334,0.6778123325771757,true,45,4,0,18
c20f0ffa6c05223cdeb4d95c0a4100d2,,3f98c666b5634289a1a1489df48dc8b2,2f9611355f71fe804da2606899ddfb36,Unknown,A800,8,128,LP,offline_inference,genai,true,1.0,85899345920,4.0,0.027777777777777776,0.0,0.0,,,true,118,6,0,18
d3e0f6e5ba59121ec072e2e263aba411,,27b742ef7a567006f0ed572a4da38106,6d5f55ee85c1bb785b2cba94ef7545b3,Unknown,XPU-E,16,192,LP,offline_inference,genai,true,1.0,102676561920,4.0,1.0,43.0593473148148,94.85888671875,0.24814167014759125,0.5330919428224914,true,0,9,0,18
f8369b54cbbda0e5b3df4f79fcb008fb,,2bfd3b4a06f341603028b4d8a612689a,da8d7fb8796ea962e14eef38624d8059,Unknown,A10,2,192,LP,offline_inference,genai,false,1.0,24146608128,8.0,0.4222222222222222,0.0,0.0,0.003330729166666666,0.011950582265853882,false,0,-1,0,18
fe91aefa8fb0449a6d8a9a20c69f34b8,,64c79c0eb325dc48e99f0d209b5d99f5,27dc4b08122b037562bbd50b17eaf138,Unknown,XPU-E,16,192,LP,offline_inference,genai,true,1.0,103079215104,4.0,0.6722222222222223,6.688709933093554,88.0927734375,0.26099894957983116,0.3642297348065931,false,0,-1,0,18
13e560c167853284d3443ecd1c9b1181,,1c6af4201c594f774afe363b0e3377c2,2f9611355f71fe804da2606899ddfb36,Unknown,A100,8,128,LP,offline_inference,genai,true,1.0,85899345920,4.0,0.1388888888888889,18.789221999999995,69.7204140625,0.13835869565217393,0.17227477497524687,false,0,-1,0,19
217e2c66ec686ca3175ef8ea74fb3021,,25a7ff9645383aa64d6716abd083eee3,6d5f55ee85c1bb785b2cba94ef7545b3,Unknown,XPU-E,16,192,LP,offline_inference,genai,true,1.0,102676561920,4.0,0.6333333333333333,14.65493115044248,94.77884359444138,0.11284539473684203,0.5353206422593861,false,0,-1,0,19
320bb26053da97cb0624da6b483457e7,67368e8f6a5c0260625e4c1898e6036c,dd3a7e69342aa2dc116a068cb132d959,6d5f55ee85c1bb785b2cba94ef7545b3,Unknown,XPU-A,8,192,LP,offline_inference,genai,true,1.0,206141652992,8.0,1.0,,190.9578094482422,0.03037297236145923,0.12239919801553091,true,1634,8,0,19
49c29313678ee728d8e33a52547dfdbb,,25c3a3b43160184859665002973c56b8,2f9611355f71fe804da2606899ddfb36,Unknown,XPU-D,8,192,LP,offline_inference,genai,true,1.0,102676561920,4.0,0.03333333333333333,65.49578,94.890869140625,0.25197499999999995,0.26659088134765624,false,1,-1,0,19
5dfd1f142d0772b634776743cefb38dd,,ef90cd9928e14c598f7b6015245fda24,6d5f55ee85c1bb785b2cba94ef7545b3,Unknown,XPU-A,8,192,LP,offline_inference,genai,true,1.0,206141652992,8.0,0.10555555555555556,,102.28322718484061,0.004441964285714291,0.08867087108748299,false,11,-1,0,19
847415dfc681ce54e08f31f3d176bfa1,,1d4701298ed56ee41d20915972d64203,9089d80baea5f56a3c169801052daa1f,Unknown,XPU-E,16,192,LP,offline_inference,genai,true,1.0,103079215104,20.0,1.0,39.14209528395063,92.290771484375,0.09371069444444438,0.5484799808926051,false,210,-1,0,19
90393219da02f178dd56081216aa58fd,2c9b93ce3b177814ab895ea7ef239acc,62a66b09291fa49d42b09fade512876b,70870b9abdf0a944615e4987e21869b3,Unknown,H20,8,192,LP,offline_inference,genai,true,1.0,102625181696,4.0,0.12777777777777777,0.13955545454545454,66.09137961647728,0.25246875,0.09586280868166969,false,179,-1,0,19
9b10b4dcb7cf353327aa89fd6b42b08a,,8c6fe7a220c8cf63b483be508152dd5a,9089d80baea5f56a3c169801052daa1f,Unknown,XPU-C,2,192,LP,offline_inference,genai,true,1.0,51539607552,4.0,0.18333333333333332,2.034848666666667,44.8564453125,0.04532812500000035,0.3669507098454301,false,199,-1,0,19
b753f00aad8fd85325a5da9b52edd4b5,,11fc698d88d1caa1cd4a4389c57c41ae,70870b9abdf0a944615e4987e21869b3,Unknown,H20,8,192,LP,offline_inference,genai,true,1.0,102625181696,4.0,0.05,0.03500888888888889,2.699580439814815,0.28127500000000005,0.12948311699761283,true,163,11,0,19
b788cddc805dc330187695f5449139ca,,1c6af4201c594f774afe363b0e3377c2,2f9611355f71fe804da2606899ddfb36,Unknown,A100,8,128,LP,offline_inference,genai,true,1.0,85899345920,4.0,0.03888888888888889,0.0,0.16328125,,0.03759841918945313,false,0,-1,0,19
d49c1914a3490ef588652a305caf8d47,,e741a3e52f4f1a6e676c43c9c6b2bd7a,6d5f55ee85c1bb785b2cba94ef7545b3,Unknown,XPU-A,8,192,LP,offline_inference,genai,true,1.0,206141652992,8.0,1.0,,191.09014511108398,0.022401041666666677,0.11912934349642859,false,0,-1,0,19
de6343d6dcf1f3d43db0a8089cf76e6a,,c2ba9d8cfe0a4fed048fa1b19d08a47d,6d5f55ee85c1bb785b2cba94ef7545b3,Unknown,XPU-E,16,192,LP,offline_inference,genai,true,1.0,102676561920,4.0,0.42777777777777776,0.0,91.258056640625,0.0013700657894736353,0.49884498765733504,true,0,5,0,19
f06bedee1998a18128db4d6b15ddb54f,,2e150f9f837a5516f4ecec24c8c554f3,9089d80baea5f56a3c169801052daa1f,Unknown,XPU-E,16,192,LP,offline_inference,genai,true,1.0,103079215104,4.0,1.0,36.19333152182541,92.217529296875,0.38066805555555533,0.6843084681475604,,,,0,19
028f458ea7fcff35f15105db363e772f,,79affc153fa0c7ccf6ca083534c95735,1f28e063c4e5e1bc48ff55269617dd2f,Unknown,H20,8,192,LP,offline_inference,genai,true,1.0,102625181696,4.0,0.06666666666666667,0.04429916666666667,4.572249348958333,0.2731,0.14218669082179214,false,0,-1,0,20
0ac672879fa9e6c35990b6736f29e7a4,,bc17362a1dd85d60021d9bd94074bf9b,2f9611355f71fe804da2606899ddfb36,Unknown,H800,8,192,LP,offline_inference,unknown,false,1.0,85520809984,8.0,0.03888888888888889,,,,0.0,false,510,-1,0,20
5db9c2e05dda06a3a5a56dab6ffb68e7,c6a96ff015b5c928aa79a1960d6eb1ff,198f73d7f8d4ad2dae1f9ee4284bc90c,6d5f55ee85c1bb785b2cba94ef7545b3,Unknown,XPU-A,8,192,LP,offline_inference,genai,true,1.0,206141652992,8.0,0.044444444444444446,,28.060432733808245,0.36249999999999993,0.10141695539156596,true,4364,7,0,20
e261b7b7ee7011a69b23591268665946,,a71d76fd6e07a74147d8762295c606c2,9089d80baea5f56a3c169801052daa1f,Unknown,XPU-E,16,192,LP,offline_inference,genai,true,1.0,103079215104,4.0,0.8722222222222222,21.50393046730055,95.12744140625,0.2090490497741169,0.254201953846921,false,28,-1,0,20
e46c936acb34ae7c99e868f1c9f16bd5,,5007ca438242aa6e6a4444814087be93,da8d7fb8796ea962e14eef38624d8059,Unknown,A10,2,192,Other,offline_inference,unknown,false,1.0,24146608128,1.25,1.0,2.96545201705653,2.193359375,1.294068888888888,0.7042088692635871,,,,0,20
435d6e84d71401545c2f9251cb79aafa,,3da17a1e59b3aefcbb8f14251b91a7a4,6d5f55ee85c1bb785b2cba94ef7545b3,Unknown,XPU-E,16,192,LP,offline_inference,genai,true,1.0,102676561920,4.0,0.027777777777777776,0.05319,45.898544921875,0.36533333333333334,0.334977912902832,true,134,5,0,21
535699c863cd278fe7745a81316da01e,,70263afe1b122b128131e8c418b973ba,9089d80baea5f56a3c169801052daa1f,Unknown,XPU-E,16,192,LP,offline_inference,genai,true,1.0,103079215104,4.0,1.0,28.357271902463587,95.24951171875,0.25553402777777795,0.6727711592780222,false,0,-1,0,21
66c098315378442eac99759fb9ef7974,,49c023da4f339573becd04cc381bad5e,70870b9abdf0a944615e4987e21869b3,Unknown,XPU-C,2,192,Other,offline_inference,unknown,false,1.0,51539607552,3.75,1.0,0.0,0.0,0.8509831210546895,0.6494403991749422,,,,0,21
778e31f68a1e7ae5560c4a46a8bed668,33c1aec5c47b0ce72b57541d5d86d087,257bb20bbe9ebc3dcc0a0c3c51e94cba,70870b9abdf0a944615e4987e21869b3,Unknown,XPU-C,2,192,Other,offline_inference,unknown,false,1.0,51539607552,3.25,1.0,0.0,0.0,1.2241169336866506,0.6579540093127084,true,0,37,0,21
8d1c74b12c5262c8c31697ea0987d6a8,,e993609b9a9eec51f47840ec8eccf06d,6d5f55ee85c1bb785b2cba94ef7545b3,Unknown,XPU-E,16,192,LP,offline_inference,genai,true,1.0,102676561920,4.0,1.0,41.138968018518526,94.87089992947048,0.1706868055555556,0.5393588136743618,false,0,-1,0,21
9d47ef1a2b7c4abfcf4e4b32d919e4d6,,4724fea196b6abc558dbae09b5655ba9,1f28e063c4e5e1bc48ff55269617dd2f,Unknown,H20,8,192,LP,offline_inference,genai,true,1.0,102625181696,4.0,0.027777777777777776,2.289842,11.109101562500001,0.32025,0.10282825893825955,false,102,-1,0,21
ee00c3419cf83bbbbae954f5b93a6186,,705174390dc5ac1a624f18166eefd16e,1f28e063c4e5e1bc48ff55269617dd2f,Unknown,H20,8,192,LP,offline_inference,rec,false,1.0,102625181696,6.0,0.31666666666666665,1.5497132093253965,3.515625,0.02121052631578947,0.03149472286826685,false,72,-1,0,21
fc3043d3f0d9f58ace6a12b67d41bba1,,03c847153c66f769fe288ca856204b5c,4d6f06d02df4e9de96966a73d9e8a4dd,Unknown,A100,8,128,LP,offline_inference,genai,true,1.0,85899345920,4.0,0.1111111111111111,0.0,3.7581582754629625,0.14063055207463102,0.1396576329281456,true,164,360,0,21
fdb3134eee1139f159335e9ff9365bab,,f78a37f4c2dede8f1a1f05cb788f8225,4d6f06d02df4e9de96966a73d9e8a4dd,Unknown,XPU-B,8,192,LP,offline_inference,genai,true,1.0,51136954368,2.0,1.0,59.817866870538,44.86474609375,0.6699180555555763,0.6051714613172745,true,825,85490,0,21
0c8ff86d9a64bbdf9f337d13b738e962,,aeb2d16b56893a483bcb1298eee64dbd,2f9611355f71fe804da2606899ddfb36,Unknown,H800,8,192,LP,offline_inference,genai,true,1.0,85520809984,4.0,0.07777777777777778,71.85529769230769,75.5878155048077,0.2561696428571429,0.15014984494163877,false,4042,-1,0,22
22b08525c7174a402b3abb2fbb2398d5,640658ede43a95e142cad261a79ba42a,785824656b9355229ba3253099d87b4c,6d5f55ee85c1bb785b2cba94ef7545b3,Unknown,XPU-E,16,192,LP,offline_inference,genai,true,1.0,102676561920,23.0,1.0,42.78391685813493,13.4404296875,0.059649879227053185,0.06827872504340274,true,103,18,0,22
32c6e66b8029aab5957aaba8b703bab7,,f1c5341018312097c18493c6be052e83,6d5f55ee85c1bb785b2cba94ef7545b3,Unknown,XPU-E,16,192,LP,offline_inference,genai,true,1.0,102676561920,4.0,1.0,0.02159866666666667,91.849609375,0.0032548611111111107,0.5991124089558922,true,57,5,0,22
3350a4f5405d404abb56a30853d9e41c,,5f760876f7946d0824bbe73f1cb1d305,6d5f55ee85c1bb785b2cba94ef7545b3,Unknown,XPU-E,16,192,LP,offline_inference,genai,true,1.0,102676561920,4.0,1.0,28.26208929629631,94.874755859375,0.25488888888888894,0.5384802055358886,true,0,6,0,22
71da1f8fc55b671a344d117e4f23dce7,33c1aec5c47b0ce72b57541d5d86d087,6c58ba59987472080bc51d7062ddee59,70870b9abdf0a944615e4987e21869b3,Unknown,XPU-C,2,192,Other,offline_inference,unknown,false,1.0,51539607552,4.5,1.0,0.0,0.0,0.8721717955144335,0.6476433506610969,true,0,39,0,22
8b2ae531b6fc0a27cb468f67d6b44473,,f6335d8ef85db4a3c418a1b085330601,2f9611355f71fe804da2606899ddfb36,Unknown,H800,8,192,LP,offline_inference,genai,true,1.0,85520809984,4.0,0.31666666666666665,25.885534035087716,57.71996984649123,0.3507704545454547,0.21621651195344485,true,1128,8,0,22
8d477b21a32ce828069ce8b6a47bb752,,a29f64f0aca42614ceb9fb45772d31c8,6d5f55ee85c1bb785b2cba94ef7545b3,Unknown,XPU-E,16,192,LP,offline_inference,genai,true,1.0,102676561920,4.0,0.6111111111111112,27.508606018518524,94.86376953125,0.16447272727272727,0.5315096525712444,false,0,-1,0,22
907e3c8be767a4f116f81fa0eced78c0,,535df86c8562b7504b4032e6f9058fe5,6d5f55ee85c1bb785b2cba94ef7545b3,Unknown,XPU-A,8,192,LP,offline_inference,genai,true,1.0,206141652992,8.0,1.0,,190.95343780517578,0.02483402777777782,0.12534367574585809,true,0,7,0,22
ddd522e2b4d2eb1cf899f7beb8f3bb0a,,1b18fb3c933705a69c78dbcf0d186401,87532e3737169e035fad3c9f3ab7f85e,Unknown,H20,8,192,LP,offline_inference,cv,false,1.0,102625181696,8.0,1.0,2.908712821266967,3.359375,0.17181701388888737,0.09729624565972224,true,74,37,0,22
205512ff1681897e7ca4513b402f4461,,c47882fd02f15cbded0fdeeeac5a3a35,6d5f55ee85c1bb785b2cba94ef7545b3,Unknown,XPU-A,8,192,LP,offline_inference,genai,true,1.0,206141652992,8.0,0.5611111111111111,,190.9531637663888,0.0021562499999999997,0.12404489159584045,false,59,-1,0,23
50252d257550481be620cc9162909815,,74e19e0dc2be2f36199d4ea987b3c1b0,6d5f55ee85c1bb785b2cba94ef7545b3,Unknown,XPU-E,16,192,LP,offline_inference,genai,true,2.0,205353123840,4.0,2.0,1.5625,189.44189453125,0.25141666666666634,0.342529319833826,true,56,5,0,23
1c8549fbdd3bd0d9fb75009c5e0fb553,,1df3dc0fb80ecc4d2a211013c1bba877,1f28e063c4e5e1bc48ff55269617dd2f,Unknown,XPU-A,8,192,HP,online_inference,rec,false,1.0,206141652992,8.0,1.0,,18.331565856933594,0.04949687499999223,0.30801397747463644,true,1707,-1,0,00
2c706394784b1093859097c37bc3bef8,,5ddcc4ec08179d019690747bc5921ce3,87532e3737169e035fad3c9f3ab7f85e,Unknown,L20,2,192,HP,online_inference,cv,false,0.07,3760000000,2.0,0.06922222222222223,,2.3128255208333335,0.2342812499999127,0.355755616,true,15,39647,0,00
501d7be56857872a4e1b03bbe1631e2c,e4afa893ed2c5fbacfdb05adc834c4c7,ff54196def0104825d1333ab6c96d3dc,da8d7fb8796ea962e14eef38624d8059,Unknown,XPU-B,1,192,HP,online_inference,rec,false,1.0,51136954368,48.0,1.0,24.196550541998935,28.1630859375,0.14487077546297317,0.5182581590281592,true,0,-1,0,00
69d2c34bc898d2911268ec80d5c2c156,c59d65814d40226266c32e6a8a5e4031,90db9f1a5b8f485994733cc596d00b4d,2f9611355f71fe804da2606899ddfb36,Unknown,A100,8,128,HP,online_inference,genai,true,2.0,171798691840,8.0,2.0,0.9110811111111098,157.25390625,0.128206944444444,0.15053337273774325,true,410,6,0,00
6ad60711c2110d98d28a8b342aeeeb70,fb3ceadafa6fd2047545c1c733d0e066,ac19d48dd95f211733dfa245216798a9,6d5f55ee85c1bb785b2cba94ef7545b3,Unknown,XPU-A,8,192,HP,online_inference,rec,false,1.0,206141652992,8.0,1.0,,5.172279357910156,0.039277810846557876,0.49700170040130637,true,658,-1,0,00
7e7c21f48c83573e0ac192c779cf7e3f,39e065eb3addb9326124456a83a974d4,0ae2796429dfe9858a31f1980189ff16,87532e3737169e035fad3c9f3ab7f85e,Unknown,L20,2,192,HP,online_inference,rec,false,1.0,48305799168,48.0,1.0,0.0,6.634765625,0.003271643518517655,0.5206398875845805,true,0,-1,0,00
c2044e9fe92a4c0b5fe40b40375cc721,,649ab829895e1d115dc5d1ca8aa6b4e9,1f28e063c4e5e1bc48ff55269617dd2f,Unknown,XPU-A,8,192,HP,online_inference,rec,false,1.0,206141652992,8.0,1.0,,13.780864715576172,0.05062916666663822,0.24568809827168797,true,6643,-1,0,00
e6a13a9dc6958ed62b57d0f70fd97bc8,,927ba0827cb95ff48062f6829c2767a6,9089d80baea5f56a3c169801052daa1f,Unknown,XPU-E,16,192,HP,online_inference,rec,false,1.0,103079215104,12.0,1.0,1.3868399074074074,9.67578125,0.0620069444444447,0.2499715488928335,true,28,-1,0,00
f3ef9b2a77fc39c6c6f3e43c6555edbf,,66230871956e68c9abe91fbb23c7bfe5,1f28e063c4e5e1bc48ff55269617dd2f,Unknown,XPU-E,16,192,HP,online_inference,rec,false,1.0,102676561920,12.0,1.0,4.994875518518522,35.6435546875,0.10276944444445822,0.09959300041198738,true,0,-1,0,00
0e69dff38a76686ab52e3097bc34798c,,79d237df408dbd442c6e93634ab0ef63,3f39b4b673832cdb370477e6042ec0a7,Unknown,L20,2,192,HP,online_inference,rec,false,1.0,48305799168,96.0,1.0,1.2647059067460318,10.85943603515625,0.052679716435226544,0.8259391014222749,true,15,526,0,01
8958a50dacecd9855f68750c170ff681,,ca4bdcb8325f81266adcdfa0a4515d6e,6d5f55ee85c1bb785b2cba94ef7545b3,Unknown,XPU-A,8,192,HP,online_inference,rec,false,1.0,206141652992,16.0,1.0,,19.650168387095132,0.042185662506975016,0.055622367560863493,true,0,-1,0,01
94e45a342e280b58bf84e6b9f2a663b0,609916e58375dc8505a5ec1f270c9691,fe148527386dd5f32ee0b952af366cdd,70870b9abdf0a944615e4987e21869b3,Unknown,L20,2,192,HP,online_inference,rec,false,1.0,48305799168,48.0,1.0,7.069484666827003,10.110550401475695,0.07276458333332644,0.07237462923261857,true,326,-1,0,01
17a74c42b035f840657af98654e5dab2,,337d03bd0759fb4447b95575dde42f49,da8d7fb8796ea962e14eef38624d8059,Unknown,A10,1,128,LP,online_inference,cv,false,0.11,2820000000,4.0,0.035444444444444445,,0.7013911732456141,0.47100237985314153,0.28150153431578945,false,0,-1,0,02
272139c947f7a2265002f504cf663726,10373249ae3bd0bfeb38d14b7811d2bf,85b3d7cec23680560895d898b515725f,4d6f06d02df4e9de96966a73d9e8a4dd,Unknown,A10,1,128,HP,online_inference,rec,false,1.0,24146608128,8.0,1.0,0.5224620555555555,17.017578125,0.01511666666667022,0.24027989672289954,true,28,-1,0,02
2c40cfb67e965f5c922f2be14d180632,,afc25b0bede680d860ff71b9993250e6,87532e3737169e035fad3c9f3ab7f85e,Unknown,L20,2,192,HP,online_inference,cv,false,0.07,3760000000,2.0,0.07,,,,,true,1,72819,0,02
34c9296d6fae08ac42566661940e9677,56fe4821cc0709c55b8f69ed283a850e,da3f6c010b52cf196a79ec0a08ef8589,4d6f06d02df4e9de96966a73d9e8a4dd,Unknown,A10,1,128,HP,online_inference,rec,false,1.0,24146608128,64.0,1.0,62.169786951178395,0.0,0.0005248697916653733,0.0005900592097529658,true,28,-1,0,02
472d23daba4aa0a616136673a808022f,bc23ca836d044beef355d3d51c7e296c,436e854a287be563485f3e2b16514d00,6d5f55ee85c1bb785b2cba94ef7545b3,Unknown,XPU-E,16,192,HP,online_inference,rec,false,1.0,102676561920,12.0,1.0,33.16990427777776,50.497314453125,0.10805856481481224,0.2622968988065366,true,119,-1,0,02
5f3ab61099da6bc48a6d4021577d55ba,,7d9352bcad57d5b84f8d4c90a291e40c,1f28e063c4e5e1bc48ff55269617dd2f,Unknown,XPU-E,16,192,HP,online_inference,rec,false,1.0,102676561920,8.0,1.0,0.0,0.0,0.0013059027777777967,0.0035038126839531812,true,42,-1,0,02
7067b719acf9fc36fbfb5abced6a0429,bed7c30919c79d15f289a94a9e36e75b,861af26f517a2cf6a078521360db9436,6d5f55ee85c1bb785b2cba94ef7545b3,Unknown,XPU-E,16,192,HP,online_inference,genai,true,1.0,102676561920,4.0,1.0,0.0,94.714111328125,0.003939578111946538,0.09670993804931638,true,128,66,0,02
80c8b25e61bd9fd0e48b14c6462984e3,,d64b456e06a94b67d04f5afb471bd0f1,1f28e063c4e5e1bc48ff55269617dd2f,Unknown,XPU-E,16,192,HP,online_inference,rec,false,1.0,102676561920,12.0,1.0,0.0,0.015625,0.010484490740741249,0.045562742374561455,true,30,-1,0,02
8bf4ac7cf138755f3d9d417468f23dfb,263e5165404380f19b5c6cadd09f7de8,d1ef0106b867f8e5fea4b47fcdabcf97,70870b9abdf0a944615e4987e21869b3,Unknown,L20,2,192,HP,online_inference,rec,false,1.0,48305799168,48.0,1.0,2.015582400462964,38.15435791015625,0.03427019675926271,0.035550063362828024,true,42,19,0,02
8d79bdf4d9b23acd6ddf63c32bba1c45,,552d75ab8a09e83ed243b94eaca71247,9089d80baea5f56a3c169801052daa1f,Unknown,XPU-E,16,192,HP,online_inference,rec,false,1.0,103079215104,24.0,1.0,10.462564444444439,10.544136691623265,0.1606756944444431,0.11435623681103739,true,0,417,0,02
a33f4456c8df46b73d5dfd5be9adf2a1,,77a6f783fad2eba6908cfca97a96300d,4d6f06d02df4e9de96966a73d9e8a4dd,Unknown,A10,1,128,HP,online_inference,rec,false,1.0,24146608128,96.0,1.0,2.831821907407407,6.04302978515625,0.018239467592588716,0.7492033359297998,true,43,421,0,02
ad95789418c961e7919b3fb7c2c83835,bb20e84c7bc9afb920263a4f4cd0562e,76abed629ffba24682a1db9d22d2c005,2f9611355f71fe804da2606899ddfb36,Unknown,A800,8,128,HP,online_inference,genai,true,1.0,85899345920,4.0,1.0,0.3460015000000001,78.955078125,0.0067349745892493025,0.04967775768703886,true,974,-1,0,02
af9d56513ef7c94eee2e4cc910454f21,bc23ca836d044beef355d3d51c7e296c,0fa4a9f9d439dd2f9bcfd7d5cd9a8f16,6d5f55ee85c1bb785b2cba94ef7545b3,Unknown,XPU-E,16,192,HP,online_inference,rec,false,1.0,102676561920,12.0,1.0,33.1995354691358,50.369140625,0.1103912037036908,0.26419162220425074,true,165,-1,0,02
b292f78d6552d392b710dda0eb2f8d61,16a8093e1a1aa11f9a7c93985e0b78e5,25eb7446162491c017925799e14eaadf,6d5f55ee85c1bb785b2cba94ef7545b3,Unknown,XPU-E,16,192,HP,online_inference,rec,false,1.0,102676561920,8.0,1.0,29.02862174074075,0.0,0.0012618055555556858,0.0035417138205634234,true,0,-1,0,02
b5b39cde73d2cfd11a421ee5ffa15090,ff26176c08a2571977cd060688e096bc,3051f4396a81f574dada2ed0c2c276e0,6d5f55ee85c1bb785b2cba94ef7545b3,Unknown,XPU-A,8,192,HP,online_inference,genai,true,1.0,206141652992,8.0,1.0,,191.00743865966797,0.012513328460038808,0.18729086882538265,true,60,25,0,02
c5e984e24241fee59a7a2f5e011514c5,,c65b1a3505fe8cd1ca79f0ac4359f214,87532e3737169e035fad3c9f3ab7f85e,Unknown,L20,2,192,HP,online_inference,rec,false,1.0,48305799168,64.0,1.0,4.805976905753969,5.27740478515625,0.1365701822916485,0.5412764776017934,true,0,-1,0,02
cc25cd84369affa3efeb89492406a7e3,,db4c3a322ef9ee98dc4bcda2b7f02d06,1f28e063c4e5e1bc48ff55269617dd2f,Unknown,XPU-A,8,192,HP,online_inference,rec,false,1.0,206141652992,8.0,1.0,,22.259384155273438,0.03866493055558142,0.3092909712261623,true,5924,-1,0,02
de1dc4b3bab2a6b97f27142c2f4726a8,5ff71b4b257974a4019453b689bd4ca8,fc0fd9b5366c9a635e8b8f67d713a4f7,2f9611355f71fe804da2606899ddfb36,Unknown,XPU-B,8,192,HP,online_inference,genai,true,1.0,51136954368,4.0,1.0,4.999647259259259,45.28955078125,0.053831250000002925,0.06683301431161384,true,908,13,0,02
1650365156da6e797230229e59c49def,44a3ff48d781ddc261aa2004f86eded4,22cfc59f50321842e13ed7dc18f2397d,6d5f55ee85c1bb785b2cba94ef7545b3,Unknown,XPU-E,16,192,HP,online_inference,rec,false,1.0,102676561920,8.0,1.0,46.557944111111134,0.0,0.0012364583333126374,0.007826228141784668,true,1,-1,0,03
33c7cd46b80136aa4add50e07892a1a2,,386a786e55355190baa66e11a0ec5433,87532e3737169e035fad3c9f3ab7f85e,Unknown,L20,2,192,HP,online_inference,rec,false,1.0,48305799168,96.0,1.0,1.7367984444444444,0.0,0.00033191550926184635,0.0006820460160573322,true,26,-1,0,03
3c4aea4557929d4ad5826c2e953c4db6,,99d79e1849e964195cf50f27d3ebceba,9089d80baea5f56a3c169801052daa1f,Unknown,XPU-E,16,192,HP,online_inference,rec,false,1.0,103079215104,12.0,1.0,33.26942236607142,54.345703125,0.10180787037036983,0.28340389905152485,true,0,-1,0,03
5c711d31f2afa4e2a4bd18b6a20e1b7c,,954360051d3cf44956511b6997cbc10f,1f28e063c4e5e1bc48ff55269617dd2f,Unknown,XPU-E,16,192,HP,online_inference,rec,false,1.0,102676561920,12.0,1.0,37.55687100617284,77.5107421875,0.14660879629629625,0.1328829094215675,true,0,-1,0,03
6056f044b434fc924fb035c95711c552,,194474c4b0671b27883742ee1730f5b3,87532e3737169e035fad3c9f3ab7f85e,Unknown,L20,2,192,HP,online_inference,rec,false,1.0,48305799168,80.0,1.0,4.257346117283952,3.86724853515625,0.23735479166666562,0.3480592334005568,true,55,565,0,03
99fc7213d9db973ef5bfd0a0d7665c16,,91e179708a30a851126b253ca01ca036,87532e3737169e035fad3c9f3ab7f85e,Unknown,L20,2,192,HP,online_inference,genai,true,1.0,48305799168,4.0,1.0,0.2525907222222221,44.314453125,0.013773611111230112,0.4088620581450283,true,60,28419,0,03
be14eb5d5578689fa749aa433698015d,,ab01bd6d7505ee066db21f80bca17f2f,87532e3737169e035fad3c9f3ab7f85e,Unknown,L20,2,192,HP,online_inference,cv,false,0.07,3760000000,2.0,0.07,,1.767578125,0.41142638888887517,0.32486921386666673,true,0,23,0,03
e64298e335f253d8bdd9d3917c7f03b7,3f45dfee957d42b38adf1c3bb13ccfb5,c67f06d0e7c09cccf8bb50276a39bb34,6d5f55ee85c1bb785b2cba94ef7545b3,Unknown,XPU-A,8,192,HP,online_inference,rec,false,1.0,206141652992,8.0,1.0,,0.8327369689941406,0.08384395015316327,0.32092700163523374,true,178,5,0,03
14424fe417f8116e1292ad5eef76fe93,,343d7fee6f98a48c36fc4a22791183ca,87532e3737169e035fad3c9f3ab7f85e,Unknown,L20,2,192,HP,online_inference,cv,false,0.07,3760000000,2.0,0.07,,,,,true,0,83716,0,04
2fa93a5c84653f90c55d3ce9f66d0835,,2f9cca69aaa5a1c5d7c28d609a418e05,da8d7fb8796ea962e14eef38624d8059,Unknown,A10,2,192,HP,online_inference,cv,false,0.11,2820000000,4.0,0.11,,0.8533159722222224,0.5809270833333334,0.3986003029333334,false,0,-1,0,04
4263b2fe8d9f38cb0e803f6c26831f02,,48f7d29ea09da43f133b63a232b3fa94,1f28e063c4e5e1bc48ff55269617dd2f,Unknown,XPU-E,16,192,HP,online_inference,rec,false,1.0,102676561920,8.0,1.0,35.8759270925926,0.0,0.0014256944444443636,0.0044801288180881076,true,930,-1,0,04
591af6d6b13f4400935b0c143161439b,,f5c39069ac55d68ce2d74944e217f7db,4d6f06d02df4e9de96966a73d9e8a4dd,Unknown,A10,1,128,HP,online_inference,cv,false,0.46,11280000000,2.0,0.45999999999999996,,,,,true,1,5204,0,04
68b3467c3e858c074266c1f6a2b0c8d0,,68f3dd26bf668308258b169d4894a5d8,da8d7fb8796ea962e14eef38624d8059,Unknown,A10,2,192,LP,online_inference,cv,false,0.11,2820000000,4.0,0.11,,0.6713747829861112,0.5072450031328319,0.32236714097777774,false,0,-1,0,04
710a3f4e5e5d18d26a896e0f83dfa437,4eab2c7a5918eb4204e71875faba6a3a,da8588ed22321099b8ed7a9cd1047331,4d6f06d02df4e9de96966a73d9e8a4dd,Unknown,A10,1,128,HP,online_inference,rec,false,1.0,24146608128,48.0,1.0,0.5755048672839507,14.218427704234179,0.01931811342592549,0.05652208964029949,true,0,-1,0,04
760b96ad349e2730c3c07a7e015916a8,e724fe7c8733a44f134070fbd7cf488f,30085af55cff326a88903326c68de4f6,2f9611355f71fe804da2606899ddfb36,Unknown,A10,1,128,HP,online_inference,rec,false,1.0,23836098560,80.0,1.0,17.43141087134503,0.0,0.00032329861111227533,0.0007085007031758625,true,45614,-1,0,04
ab0ecc65c90eccb84199512291f631d8,b241b9606eeb1aaec5639e0a1f10782e,592ae8b6d5a21078ad626b724cbfa102,70870b9abdf0a944615e4987e21869b3,Unknown,L20,2,192,HP,online_inference,genai,true,1.0,48305799168,10.0,1.0,1.7994467222222224,28.35576388888889,0.031835744221664276,0.22706250614590107,true,478,52,0,04
fb6e43333ff589ac93db44eacef85c1e,70a4faa7f82420ff50ccf7f5ed0506fa,32b0673ec84bd919dff9eb5c20710dd9,4d6f06d02df4e9de96966a73d9e8a4dd,Unknown,XPU-B,1,192,HP,online_inference,rec,false,1.0,51136954368,48.0,1.0,9.477785691358028,5.28125,0.07461591435184577,0.49299630103287845,true,2685,-1,0,04
22125f088e7f6672957b84a918c1e1dd,4ff4a59edaa7a6bcb42b66864b6db1fc,a990d3553837dd5124aa44c7b2dae40b,2f9611355f71fe804da2606899ddfb36,Unknown,A10,1,128,HP,online_inference,rec,false,1.0,23836098560,8.0,1.0,0.02064559876543209,9.837890625,0.020180208333331385,0.40098447071181403,true,28,235,0,05
3f187c6ed9fbdc907ddff779769bfcea,,592ef71945a5daeb571e450e7fcbf207,87532e3737169e035fad3c9f3ab7f85e,Unknown,L20,2,192,HP,online_inference,cv,false,1.0,48305799168,96.0,1.0,0.0,0.0,0.0018872974537037037,0.06358275223703704,true,33166,72862,0,05
3f18a8013f2e9fe6724cf83ff77ca7cd,e421ebadf520d5812686e292d439a115,8b78431dfdaf242fb768bfb14ae76144,6d5f55ee85c1bb785b2cba94ef7545b3,Unknown,XPU-A,8,192,HP,online_inference,genai,true,1.0,206141652992,8.0,1.0,,190.76933670043945,0.010682086292119251,0.1618935184346305,true,13683,46,0,05
4988cc400eb93ecefe13d7ecc72fe9be,,99f318e0a3f76fcdb42098c70fbf5d9e,87532e3737169e035fad3c9f3ab7f85e,Unknown,H20,8,192,HP,online_inference,unknown,false,0.21,22528000000,3.0,0.21,,8.0703125,0.013820864661654017,0.22824781333333316,true,0,24,0,05
4a25154f9fd98ed04148a4f0f1312add,,fef04f71bbff26932d17bfd1b4a148c6,87532e3737169e035fad3c9f3ab7f85e,Unknown,L20,2,192,HP,online_inference,cv,false,0.07,3760000000,2.0,0.07,,2.4140625,0.3338569444444471,0.3679780579555555,true,0,17,0,05
4e8cccadeab6e725383853089cd3cd9f,,54eade05b32cd4382016d329350b18d3,4d6f06d02df4e9de96966a73d9e8a4dd,Unknown,A10,1,128,HP,online_inference,cv,false,0.23,5640000000,2.0,0.22999999999999998,,4.3828125,0.479527777777726,0.19430508515555553,true,0,84532,0,05
4efea814341c1ec1c719c03b62191039,8a86dc0476436b928617730ebd4ff1a1,85e94156ee8981966c5a7a821fe8c111,2f9611355f71fe804da2606899ddfb36,Unknown,A10,1,128,HP,online_inference,rec,false,1.0,23836098560,32.0,1.0,3.0579971924603195,22.18072509765625,0.030529340277773567,0.2992275107489692,true,328,671,0,05
5a35e197ce686504bceb09fd034d539e,f46de1143e89878b9bfe63cd3bbc1f56,ae3a807716d6f6dc177c098c04d4d1c9,6d5f55ee85c1bb785b2cba94ef7545b3,Unknown,XPU-A,8,192,HP,online_inference,rec,false,1.0,206141652992,8.0,1.0,,,0.0022600694444473548,0.0016523059871461656,true,3177,-1,0,05
6a82d73af7bde2c1e3bbbf1f8147cabd,f46de1143e89878b9bfe63cd3bbc1f56,e63e5ffaf3eb4c1b0c8cac1283e7835e,6d5f55ee85c1bb785b2cba94ef7545b3,Unknown,XPU-A,8,192,HP,online_inference,rec,false,1.0,206141652992,8.0,1.0,,,0.002262152777774544,0.00043261084291670057,true,2667,-1,0,05
6c633bf8b1da0991a79acdabbe8205ec,93bc4ce240c484437fbafb32370ed8af,a322eeaecbd195c13010921037de1aa9,70870b9abdf0a944615e4987e21869b3,Unknown,H20,8,192,HP,online_inference,genai,true,1.0,102625181696,8.0,0.9722222222222222,0.4336938714285716,17.984315499441962,0.023210715040615695,0.11606738149315868,true,39767,-1,0,05
720bc9c99af7f44ae597ffd27b2b4946,af266f7464006ceb6e556a8b6e5f18c3,0c246076253beb3bbc8cbc0aa1d54d6b,6d5f55ee85c1bb785b2cba94ef7545b3,Unknown,XPU-E,16,192,HP,online_inference,rec,false,1.0,102676561920,12.0,1.0,0.8964405000000009,42.6953125,0.021823478835972493,0.11012967604177964,true,1,-1,0,05
9f9a509a511671c14aedddddbcfcbfc8,d7d1a957fd7dc84696f300fe6081a09e,9a33619679cec27fb703122027a36801,6d5f55ee85c1bb785b2cba94ef7545b3,Unknown,XPU-A,8,192,HP,online_inference,rec,false,1.0,206141652992,24.0,1.0,,,0.07732824074072095,0.10102221771522799,true,371,12,0,05
c9b64e13c1600769049f794d3e599057,,2ec728bdb6036f1050af35d08b5e6992,87532e3737169e035fad3c9f3ab7f85e,Unknown,L20,2,192,HP,online_inference,cv,false,0.07,3760000000,2.0,0.07,,,,,true,1,69513,0,05
d4d7b40f330c3295698395887aad8609,,7b0620c571eb9b53984bf53a2d15dfcd,27dc4b08122b037562bbd50b17eaf138,Unknown,XPU-E,16,192,HP,online_inference,rec,false,1.0,103079215104,8.0,1.0,0.013819222222222217,1.0732421875,0.021259722222222187,0.1560783190197415,true,51491,14,0,05
f2ebc523739b3f4bc92988d6d3180eb5,,ee47229cb2e9f2950dbe18bb7705dd1f,1f28e063c4e5e1bc48ff55269617dd2f,Unknown,XPU-E,16,192,HP,online_inference,rec,false,1.0,102676561920,8.0,1.0,43.18624329461277,0.0,0.002069097222217049,0.00801957607269287,true,281,-1,0,05
31c893f017648efd155fb69e6c1c091c,bc23ca836d044beef355d3d51c7e296c,22cfc59f50321842e13ed7dc18f2397d,6d5f55ee85c1bb785b2cba94ef7545b3,Unknown,XPU-E,16,192,HP,online_inference,rec,false,1.0,102676561920,12.0,1.0,2.868809901234568,4.986328125,0.10057199074073987,0.16945334787721983,true,0,-1,0,06
358c56cee2e92d502a85d1a764545958,,d8e44334039ef952070410c519ea9110,87532e3737169e035fad3c9f3ab7f85e,Unknown,L20,2,192,HP,online_inference,rec,false,1.0,48305799168,64.0,1.0,7.240465888888889,0.6002759128146701,0.023278472222222676,0.34729722672038615,true,0,-1,0,06
3c48fdf85d80049c5df684ea3f28118c,,552d75ab8a09e83ed243b94eaca71247,9089d80baea5f56a3c169801052daa1f,Unknown,XPU-E,16,192,HP,online_inference,rec,false,1.0,103079215104,8.0,1.0,4.058118154970761,2.4951171875,0.04169513888888914,0.07619458357493082,true,4589,-1,0,06
7b6ccc9d42a92b5130a8719d5f348eed,,664ed613b8e59d941c7fb7c4ddc84052,87532e3737169e035fad3c9f3ab7f85e,Unknown,H20,8,192,HP,online_inference,genai,true,1.0,102625181696,4.0,1.0,0.0,94.509765625,0.01281149227234755,0.19138862327293107,true,0,42,0,06
a294c16d06c691e9515c70b364e97266,c696f61c7538284c32b879c2c981a693,985a5c563c0e725c7109ebcea4d56aeb,4d6f06d02df4e9de96966a73d9e8a4dd,Unknown,A10,1,128,HP,online_inference,genai,true,1.0,24146608128,8.0,1.0,0.0,12.650390625,0.012308680555563315,0.5347939517629628,true,0,-1,0,06
c82504df25dd623c6a583991f0167265,ec2c7c389ce85f53f856fb4e3cfeff57,5cac65a947a1e9aceb33268c60da7152,2f9611355f71fe804da2606899ddfb36,Unknown,A10,1,128,HP,online_inference,genai,true,1.0,23836098560,4.0,1.0,0.0,21.701171875,0.014017361111111515,0.16518844039351857,true,58,-1,0,06
c8ad8ec1cdbe8a3b430803f7a12a9cf2,d03041542b72cdd5d61da596f6d5e839,d3d6343125ac54d9faee9b7814502619,6d5f55ee85c1bb785b2cba94ef7545b3,Unknown,XPU-E,16,192,HP,online_inference,genai,true,1.0,102676561920,4.0,1.0,44.365546865740725,94.864501953125,0.2516270833333289,0.5889762101350008,true,1,30,0,06
cb3c82686cdd378f51cd3e3cd31ce7d5,3ec7e1ee651ce01f43d58b7e6d6a1155,b43589a1a5d4dbb81a766bffc22cb9de,6d5f55ee85c1bb785b2cba94ef7545b3,Unknown,XPU-A,8,192,HP,online_inference,genai,true,1.0,206141652992,8.0,1.0,,191.04607391357422,0.015804579156224637,0.17303687267833287,true,1,19,0,06
cc4a76da0da51ba07f3e3d8cee4a886a,bbe360c0ce39d9845667b56ec6f60e4b,04f912c713edeb4c9d787efd86f2c13a,4d6f06d02df4e9de96966a73d9e8a4dd,Unknown,A10,1,128,HP,online_inference,unknown,false,1.0,24146608128,32.0,1.0,0.9446947222222221,11.90625,0.013754927901350626,0.1354216929939058,true,0,1965,0,06
e429e24459983555ddba5ad2816b9217,,050e3288ee7ee5e5ec7f637e0770ff40,87532e3737169e035fad3c9f3ab7f85e,Unknown,L20,2,192,HP,online_inference,cv,false,0.07,3760000000,2.0,0.07,,1.767578125,0.5291749999999433,0.2625439800888888,true,0,818,0,06
f98fb472aecb433ac318eab725c5e012,,34cc2fe6c14a6d28f78359199909cf1f,87532e3737169e035fad3c9f3ab7f85e,Unknown,L20,2,192,HP,online_inference,cv,false,0.07,3760000000,2.0,0.07,,2.41796875,0.41622784391533313,0.3517740629333334,true,0,65,0,06
fc20d5634a761e99e2f6395c04c03286,27bf2cadec3019fcff2d255ff54107a9,c83d9435b77affbf0141efdaec4d0090,4d6f06d02df4e9de96966a73d9e8a4dd,Unknown,XPU-D,8,192,HP,online_inference,genai,true,1.0,102676561920,4.0,1.0,0.0,94.671875,0.005954861111111116,0.10988107328061703,true,70689,12,0,06
fda80b81156ba162bd2193363e2dcdcf,,1508224baa90bcbcf0d312073e80c534,9089d80baea5f56a3c169801052daa1f,Unknown,XPU-E,16,192,HP,online_inference,rec,false,1.0,103079215104,12.0,1.0,4.05075874074074,2.8515625,0.04830254629629662,0.08717623728292959,true,0,-1,0,06
309fe2b6351d5c9f718f5650948cc937,,8657ac23a1cc9d3f15bf16211ac2ac54,1f28e063c4e5e1bc48ff55269617dd2f,Unknown,XPU-A,8,192,HP,online_inference,rec,false,1.0,206141652992,8.0,1.0,,0.4359550476074219,0.11291770833334246,0.10403011216057675,true,42,-1,0,07
3930f04135738531b6907877467b011b,,d2852bc93dbed52be16c12573572a053,1f28e063c4e5e1bc48ff55269617dd2f,Unknown,H20,8,192,HP,online_inference,genai,false,1.0,102625181696,8.0,1.0,1.559255800267634,14.36590521918403,0.0620579861111279,0.13923742859451865,true,15,-1,0,07
47b793b65752d4bfe60e737168db4ae1,fb9f924e852d3e49c811475eeec60305,c7f204a5df51d4b9d27864c63894b8a4,4d6f06d02df4e9de96966a73d9e8a4dd,Unknown,XPU-B,1,192,HP,online_inference,rec,false,1.0,51136954368,48.0,1.0,23.991473746913567,5.234375,0.21632633101851542,0.1038781143706522,true,270,-1,0,07
69a845642f67d5a33337f087d0b80454,,eb5b22764aaa2698eaa2555caeef6e9f,70870b9abdf0a944615e4987e21869b3,Unknown,L20,2,192,HP,online_inference,genai,true,1.0,48305799168,4.0,1.0,2.395464661822907,42.759765625,0.021418250487328573,0.043305181573938444,true,0,-1,0,07
6fe9b027fab216fb8374de007a61a841,,68e6a58948b64fa7db8acb7feee451fe,da8d7fb8796ea962e14eef38624d8059,Unknown,A10,2,192,HP,online_inference,cv,false,0.11,2820000000,4.0,0.052555555555555564,,0.3228220385174419,0.36717732558139643,0.287303215627907,false,0,-1,0,07
749ba32fd63623f9c8f759375a5ed417,,1ca63b98b9ae8a083caa04eab8552ebb,da8d7fb8796ea962e14eef38624d8059,Unknown,A10,1,128,HP,online_inference,unknown,false,1.0,24146608128,8.0,1.0,0.0,0.0,0.0027288194444443246,0.0018329679617905155,true,0,1212,0,07
778acaa2c1f9d539a39d49ccb3de66ec,,e2e21b01f684ea1a23411daf0a8b99ef,87532e3737169e035fad3c9f3ab7f85e,Unknown,L20,2,192,HP,online_inference,cv,false,0.07,3760000000,2.0,0.07,,1.767578125,0.4251499999999782,0.33450642204444436,false,2,-1,0,07
8756a5554be479c3f0b421996a8f7628,,6d8cb56d1c8d5e209c879b2b06ff04b9,70870b9abdf0a944615e4987e21869b3,Unknown,L20,2,192,HP,online_inference,rec,false,1.0,48305799168,48.0,1.0,11.491883918552043,10.87890625,0.16110619212962646,0.4836167183187271,true,0,-1,0,07
8a813fde8974b6c6563538e97fb38f2d,,6bc9fcc011df8d7cda8b3992fc813736,da8d7fb8796ea962e14eef38624d8059,Unknown,A10,2,192,LP,online_inference,cv,false,0.11,2820000000,4.0,0.03788888888888889,,0.5571477521929824,0.633809322033898,0.2724329557333333,false,0,-1,0,07
92546506d6474144cf5acb57e64e2349,,c26542ccf4d3569c1bd6616ad740dc50,87532e3737169e035fad3c9f3ab7f85e,Unknown,L20,2,192,HP,online_inference,cv,false,0.07,3760000000,2.0,0.07,,1.720214244631902,0.4422203125000033,0.24905112019753103,true,0,75549,0,07
95de766199695f8ab0fb840296ce81cd,c1f1edff41a4596446ae7a59813e470e,282724692c291f9bea068fa87c8d02eb,6d5f55ee85c1bb785b2cba94ef7545b3,Unknown,XPU-A,8,192,HP,online_inference,rec,false,1.0,206141652992,8.0,1.0,,3.1244125366210938,0.05164965277777812,0.08599715232849121,true,0,-1,0,07
a50a063cd05ab207d208aa07ed6f6335,,ec799eef737e3194d537f83da2d25d16,3f39b4b673832cdb370477e6042ec0a7,Unknown,L20,2,192,HP,online_inference,rec,false,1.0,48305799168,64.0,1.0,11.05996336777275,9.111328125,0.16521158854166668,0.25169507217407244,true,0,-1,0,07
a9c5016722cf651f148eb450d8563cc1,41d8511c70ea9777b8fa352cb9dca7a2,c26173e3f19db57b6d2f2d14d0fd09b3,4d6f06d02df4e9de96966a73d9e8a4dd,Unknown,A10,1,128,HP,online_inference,rec,false,1.0,24146608128,32.0,1.0,6.804266015873016,2.6836002604166667,0.0769962673611169,0.0946274795532227,true,0,-1,0,07
aca2b3140f02d026b6cebadcc32dd36e,,d367edcded936f51c8e3ac675f426aa2,4d6f06d02df4e9de96966a73d9e8a4dd,Unknown,A10,1,128,HP,online_inference,cv,false,0.31,7520000000,2.0,0.31,,,,,true,1,-1,0,07
c19fc7df1fc55be484b5e13378f4cf5c,1b6f3bf40afa1f3a55a91becf6be2210,8f5e063a4dff9b41982ef837dc146367,6d5f55ee85c1bb785b2cba94ef7545b3,Unknown,XPU-A,8,192,HP,online_inference,rec,false,1.0,206141652992,8.0,1.0,,9.250778198242188,0.05298819444444235,0.09570967992146816,true,510,-1,0,07
1de9d30a7e0417cf25f57859d10492df,f46de1143e89878b9bfe63cd3bbc1f56,be3778caa81e2e63a2e89be0f61727a7,6d5f55ee85c1bb785b2cba94ef7545b3,Unknown,XPU-A,8,192,HP,online_inference,rec,false,1.0,206141652992,8.0,1.0,,2.7936614312065973,0.13199270833333335,0.12257519198788537,true,0,-1,0,08
1e1d84ab6b8112e75151d3ddbd0518b4,,bf71014f1da31cb85332e8bd184d9656,87532e3737169e035fad3c9f3ab7f85e,Unknown,L20,2,192,HP,online_inference,rec,false,1.0,48305799168,48.0,1.0,3.814259185273788,11.534956868489584,0.1565679976851808,0.7192914175104215,true,1092,-1,0,08
1ee0f27698140fa61f41bea02efb81b1,4e1ba40bc97ce54458e35287985d569d,1280b6d21de83e3f240226b091f159d3,4d6f06d02df4e9de96966a73d9e8a4dd,Unknown,A10,1,128,HP,online_inference,rec,false,1.0,24146608128,64.0,1.0,10.801261748538018,16.6640625,0.10609014756944415,0.7503851625654431,true,26,271,0,08
52b08b3a8bafa7adda874d68c75dc18d,a9fe97902262164094c857eb9912df4c,95dd9eb852b604023b7116bd4f304bfb,2f9611355f71fe804da2606899ddfb36,Unknown,A10,1,128,HP,online_inference,rec,false,1.0,24146608128,16.0,1.0,27.230110817916007,16.02349853515625,0.1951730902777792,0.5518566608428955,true,0,34,0,08
818269b0ff06327ddd71483a1fdc7837,e4271198ad48fabff096f691b1c028a3,92c0fc23a07d18679938676a8ad9fd97,6d5f55ee85c1bb785b2cba94ef7545b3,Unknown,XPU-E,16,192,HP,online_inference,genai,true,1.0,102676561920,4.0,1.0,44.429273483253596,94.864501953125,0.28629375000000035,0.32316798881248215,true,123,17,0,08
93ca9c6e466b975b4fbce8bd79392e66,e1f42ece4b4232f316e2c85b26d866e8,1c5f6d64f6b043bf37cac9167979aaf6,6d5f55ee85c1bb785b2cba94ef7545b3,Unknown,XPU-E,16,192,HP,online_inference,genai,true,1.0,102676561920,4.0,1.0,1.571980510620914,95.576904296875,0.021157638888883713,0.12465142991807729,true,41,-1,0,08
94233f1e8edf2614faa9fcf6acb2b843,c2987715a39df8e2a7dc2c92ef43bfec,d2eda46526e71b1a56fc402cd5c3e745,6d5f55ee85c1bb785b2cba94ef7545b3,Unknown,XPU-A,8,192,HP,online_inference,rec,false,1.0,206141652992,8.0,1.0,,1.7370567321777344,0.10527048611111232,0.08397216373019749,true,136,-1,0,08
9509f5849bcb063a2d2543d2c60967b1,,0a188f13a754a52e29342cfa49f976f4,3f39b4b673832cdb370477e6042ec0a7,Unknown,L20,2,192,HP,online_inference,rec,false,1.0,48305799168,64.0,1.0,15.41454455555556,9.111328125,0.23919730902778816,0.22972570270962178,true,0,-1,0,08
c19302713cfc05c5398df2ca176dffc0,609916e58375dc8505a5ec1f270c9691,a3faa52c18e887d2717cc82f198cf652,70870b9abdf0a944615e4987e21869b3,Unknown,L20,2,192,HP,online_inference,rec,false,1.0,48305799168,48.0,1.0,20.70393744444444,11.808270670572915,0.15734913194444278,0.07755070124732123,true,6926,-1,0,08
0517f50a719acbe3aa57eabdd2a97251,938c10197c71987297fe080d0ba11dfa,088c98d41672c711c8efeed75d085897,4d6f06d02df4e9de96966a73d9e8a4dd,Unknown,XPU-B,1,192,HP,online_inference,rec,false,1.0,51136954368,48.0,1.0,16.13097666993464,4.546875,0.12969803240740907,0.1971576542154948,true,57,803,0,09
8b6a5366ae784533cb3bba05546cc375,5072bfec364713762b1165993511e28d,8cc4cbfb098fd2530e11fa1a27729800,4d6f06d02df4e9de96966a73d9e8a4dd,Unknown,XPU-B,8,192,HP,online_inference,rec,false,1.0,51136954368,48.0,1.0,26.6860631314731,5.28125,0.2163626736111044,0.5714862413759586,true,0,-1,0,09
8c02a7afbd007e13603c3e7a6d27cddb,94954f7e180556e3d8ab1a343958d802,a585681c2c6eaaca0ce2afe5e43b5026,6d5f55ee85c1bb785b2cba94ef7545b3,Unknown,XPU-A,8,192,HP,online_inference,genai,true,1.0,206141652992,8.0,1.0,,190.84320068359375,0.030203472222222263,0.1641914212041431,true,80824,42,0,09
9f2675443392255d19ecac5ebe0d68d9,,65d205e20a285362579a4ea75c92cb39,3f39b4b673832cdb370477e6042ec0a7,Unknown,L20,2,192,HP,online_inference,unknown,false,0.06,3000000000,1.0,0.05999999999999999,,1.091796875,0.028599999999997728,0.5086854030222222,true,0,28,0,09
dacde944927279f281cf10598dea1591,80260ae9ef2647b77f7a69e3715eb260,4f442c8b14e3c9706391164b19aee6bc,4d6f06d02df4e9de96966a73d9e8a4dd,Unknown,XPU-B,1,192,HP,online_inference,rec,false,1.0,51136954368,48.0,1.0,16.240971349206344,14.549258897569445,0.21556857638888888,0.5011737834082708,true,0,914,0,09
e3fb74396772287c5179ac0ac70b87b1,4db91095f76781492f6a6ecc3ddf3553,96e0ba5349337efa1b847c52727ee2c3,da8d7fb8796ea962e14eef38624d8059,Unknown,A10,1,128,HP,online_inference,rec,false,1.0,24146608128,64.0,1.0,37.24319200925925,9.167567274305556,0.2732005354635067,0.19017412271392495,true,186,-1,0,09
e5db68c89a82734a68eaa5737d027d2a,0e5fe12ceae63e622e7de12b03afc376,db1da5213ddb847c82214508e4387693,2f9611355f71fe804da2606899ddfb36,Unknown,XPU-B,8,192,HP,online_inference,rec,false,1.0,51136954368,48.0,1.0,20.254753666666673,6.4140625,0.34083281249997915,0.9336027252526926,true,18,-1,0,09
37c07ebc27a9c8f09561a3566a30ecf1,ac96968ceec343e86211c5c5d5b2cb94,76678346eebc688322c794b0f386fd0e,4d6f06d02df4e9de96966a73d9e8a4dd,Unknown,A10,1,128,HP,online_inference,rec,false,1.0,24146608128,4.0,1.0,,,0.1422819444444031,0.39746234946780745,true,12164,-1,0,10
5daebd37b4b39bfea10f96809a101680,aaf17e197dd7a1149880b102c4d73792,d80b2fabd54e5405c3e6d669322df808,da8d7fb8796ea962e14eef38624d8059,Unknown,XPU-B,8,192,HP,online_inference,rec,false,1.0,51136954368,8.0,1.0,0.0,4.93359375,0.011486458333333251,0.3981771581702762,true,735,4,0,10
625974b408babb4304e825e3905de8c4,28ad8439b0c66f037742a86f3e54da86,910b92275df39ccedb77d045f3d273ef,6d5f55ee85c1bb785b2cba94ef7545b3,Unknown,XPU-A,8,192,HP,online_inference,rec,false,1.0,206141652992,8.0,1.0,,13.62567138671875,0.08215312500000028,0.16466532336341014,true,7606,-1,0,10
677dcadfd6d5b51c382a7ef3fa939d6b,,afd2f203a54a1ff3a18e1505328ea618,87532e3737169e035fad3c9f3ab7f85e,Unknown,L20,2,192,HP,online_inference,cv,false,0.07,3760000000,2.0,0.07,,2.379777560763889,0.4576958333333319,0.32975073848888875,true,0,42149,0,10
687f6e004e7489fdce8d13a58a48b72d,,204882699d8926b59111ea68ae092c50,87532e3737169e035fad3c9f3ab7f85e,Unknown,L20,2,192,HP,online_inference,embedding,false,1.0,48305799168,4.0,1.0,13.280835537037039,38.611328125,0.09991736111111102,0.07579933736059401,true,11,25,0,10
9d3a1ffa38be142ca33832ce7965413d,,cba0f54f6974e98a29f66f8190100cbb,87532e3737169e035fad3c9f3ab7f85e,Unknown,L20,2,192,HP,online_inference,cv,false,0.07,3760000000,2.0,0.07,,1.767578125,0.5482583333333343,0.2809849856,true,0,84011,0,10
b3b47f784d6825fd739d319a40fc2320,2fe6ab4029f68d33d89a61749afdb874,c13c83a74e11c00270b86db73f2ae313,70870b9abdf0a944615e4987e21869b3,Unknown,L20,2,192,HP,online_inference,rec,false,1.0,48305799168,48.0,1.0,13.312353038690475,11.090177137586805,0.0975113792873386,0.05185227998097741,true,0,-1,0,10
e265d7cbe7247524ab82d045560a5271,,7f22a55e07aabd1ab691f1e9a3dd18ab,70870b9abdf0a944615e4987e21869b3,Unknown,L20,2,192,HP,online_inference,rec,false,1.0,48305799168,64.0,1.0,2.3149945555555558,1.44732666015625,0.11796817336309497,0.2606756603717804,true,9644,-1,0,10
e7b39a6b13ab531bb1e0d5d69058a0ee,0495efbd8ff09cff803a1d8f5a010e00,0998e30cebc5e70171cf218848b41881,4d6f06d02df4e9de96966a73d9e8a4dd,Unknown,A10,1,128,HP,online_inference,rec,false,1.0,24146608128,32.0,1.0,7.277362007597341,17.43154758029514,0.055565711805554883,0.3827098115285238,true,41,779,0,10
11634f6c2e1db4e2ef1931c332fa0ff8,2eec73d8da9e07b114818e2c2c330bf2,9211ffa24e15d0f6b9145cbc59989da7,70870b9abdf0a944615e4987e21869b3,Unknown,L20,2,192,HP,online_inference,rec,false,1.0,48305799168,48.0,1.0,6.692663435897432,7.54693603515625,0.188475465138542,0.12035255188412142,true,1,-1,0,11
32f2667fe738282cbe81d91aa72116b4,,eb1b86a8b600adebce7f770c98728c64,1f28e063c4e5e1bc48ff55269617dd2f,Unknown,XPU-E,16,192,HP,online_inference,rec,false,1.0,102676561920,8.0,1.0,0.2773595,4.062686631944444,0.017045138888888898,0.7413516586091785,true,0,-1,0,11
42b3e3d1a47fa019e5c25b6caa7eed97,,ae6c7839ea3ebb4bd97a891a62891157,3f39b4b673832cdb370477e6042ec0a7,Unknown,L20,2,192,HP,online_inference,unknown,false,0.06,3000000000,2.0,0.05999999999999999,,1.852202981615824,0.05179775132275023,0.39265705984000004,true,2,231,0,11
469564faaab028fe46a0d1d9f47a8736,,88f4b25261d28f3920488254a1a1863f,9089d80baea5f56a3c169801052daa1f,Unknown,XPU-E,16,192,HP,online_inference,genai,true,1.0,103079215104,4.0,1.0,3.605601104166667,95.089111328125,0.034252777777778146,0.22600559729116923,true,0,12,0,11
694dc7e242dd7b7e23fbe5ce37ed21c9,,7618149319f2f67688e3b60ad1887d3d,9089d80baea5f56a3c169801052daa1f,Unknown,XPU-E,16,192,HP,online_inference,rec,false,1.0,103079215104,12.0,1.0,2.161711469135802,9.69140625,0.0838408660540236,0.2547924682829116,true,0,117,0,11
9e2fd990c5c8fbf18a0e2bdde49ab3bc,,a57aa90f4a77377000a3c1d37d643a3d,da8d7fb8796ea962e14eef38624d8059,Unknown,A10,1,128,HP,online_inference,cv,false,0.12,2897592975,2.0,0.11999999999999998,,1.2950292034240425,0.269263888888889,0.3288855125333333,true,0,-1,0,11
a23b7efa20b6c04f12815ab9f19075d0,4eab2c7a5918eb4204e71875faba6a3a,6418a9dba8d0484e43c45e12f3c5c37a,4d6f06d02df4e9de96966a73d9e8a4dd,Unknown,A10,1,128,HP,online_inference,rec,false,1.0,24146608128,48.0,1.0,9.43970089261031,15.282980957031251,0.1616067129629637,0.06487303945753312,true,14858,-1,0,11
a523fd70d038fe742978052f4c05503e,895a2bd8cbfd6715c54f35f9ca318471,6fd24260dc7a27c3ea1abeaea90096a2,4d6f06d02df4e9de96966a73d9e8a4dd,Unknown,A10,1,128,HP,online_inference,rec,false,1.0,24146608128,48.0,1.0,22.88134722222222,5.271484375,0.32151817129629545,0.1708632524278429,true,1,-1,0,11
b22771133a5d7cba374229c9b6eb6f83,,d1fc540ee74a2cbaa0c5ec6f2b56d669,1f28e063c4e5e1bc48ff55269617dd2f,Unknown,XPU-A,8,192,HP,online_inference,rec,false,1.0,206141652992,8.0,1.0,,13.812065124511719,0.09412326388888892,0.32521624194251175,true,43,-1,0,11
c5461dbfa805cc330ed72a0be7f63804,cc018bb3b685160ddc70a982c86b3d79,3025e0460ef8ea87b2807fda91bed156,6d5f55ee85c1bb785b2cba94ef7545b3,Unknown,XPU-A,8,192,HP,online_inference,rec,false,1.0,206141652992,8.0,1.0,,3.652050018310547,0.13523061473127038,0.09558095137278241,true,42,-1,0,11
eb81271e25cd1252826da3e7d9abee9f,75e1273d5edf5d3858fa63b41915f006,d8ed0d472f5e6bd2164be0327caba162,2f9611355f71fe804da2606899ddfb36,Unknown,A100,8,128,HP,online_inference,genai,true,1.0,85899345920,4.0,1.0,7.2109876847662155,78.90625,0.06008611111111046,0.37241373132776334,true,74,26,0,11
f37a8bc6bc6fae1ba84d43ac362e8557,,d394337decaa213a3a6750181b671b8e,9089d80baea5f56a3c169801052daa1f,Unknown,XPU-E,16,192,HP,online_inference,rec,false,1.0,103079215104,12.0,1.0,10.216451870370369,32.6435546875,0.21782662037036998,0.11071585761176227,true,0,6,0,11
033f41da989895643cdd21ecb19442ce,8a86dc0476436b928617730ebd4ff1a1,79b8c565e35488f3638d4285b6717372,2f9611355f71fe804da2606899ddfb36,Unknown,A10,1,128,HP,online_inference,rec,false,1.0,23836098560,32.0,1.0,9.994312925925929,20.837323043258102,0.10937404513889401,0.3300004796346029,true,0,-1,0,12
0439db6166a363aa967bd7a49da242f8,,e5848d194c6b8ae724453a4fcd763135,9089d80baea5f56a3c169801052daa1f,Unknown,XPU-E,16,192,HP,online_inference,rec,false,1.0,103079215104,24.0,1.0,1.7279005802469145,24.9765625,0.03411122685185176,0.11168505227124254,true,0,-1,0,12
51b6ca6fc44bba8e5118231730260b1b,,b6ec074aba7b1d8adc62136dba7f2082,9089d80baea5f56a3c169801052daa1f,Unknown,XPU-E,16,192,HP,online_inference,genai,false,1.0,103079215104,8.0,1.0,18.044636796626985,4.71875,0.2593173611111099,0.39727962652444443,true,0,666,0,12
6b0a2ea598e7253d2b54ffab0637ce4f,e1a360780012d09b8c4707ae5d5c8344,e26d19226ce7f9e56ef3c9cbdb0cad3a,6d5f55ee85c1bb785b2cba94ef7545b3,Unknown,XPU-A,8,192,HP,online_inference,rec,false,1.0,206141652992,24.0,1.0,,,0.07488067129629564,0.04921987056732176,true,87,636,0,12
70d3ff747ac2ad06549f9af91e5ab820,,37481b4aa5fb640e5436da6c48a669ee,9089d80baea5f56a3c169801052daa1f,Unknown,XPU-C,2,192,HP,online_inference,rec,false,1.0,51539607552,8.0,1.0,0.0,0.0,0.036398958333333106,0.009971071614159478,true,0,-1,0,12
a4c965aac6b51d2419cfd9aade067253,,7e6e09d81594e08a754c493a82b7548b,1f28e063c4e5e1bc48ff55269617dd2f,Unknown,XPU-A,8,192,HP,online_inference,rec,false,1.0,206141652992,8.0,1.0,,26.446279737684463,0.07992951388887987,0.23022509415944417,true,7499,-1,0,12
c25504a04bdb3a82e812d28f349fc078,,8baf31deaeac437302196c2df5d539f8,1f28e063c4e5e1bc48ff55269617dd2f,Unknown,XPU-E,16,192,HP,online_inference,rec,false,1.0,102676561920,8.0,1.0,3.54392213888889,7.306640625,0.0854920138888883,0.4364594268798826,true,14,-1,0,12
20a3781af0c32550434ac879b3f312cf,9222a1ecee0079b7e801805960d74569,e2ed9f7e512a960c79f6f1577525fe88,da8d7fb8796ea962e14eef38624d8059,Unknown,XPU-B,1,192,HP,online_inference,rec,false,1.0,51136954368,192.0,1.0,6.828634291101057,5.0107421875,0.2790009259259225,0.8728961524327598,true,71,-1,0,13
2c736eb5afb12f91f9d7d8e2ecca7f56,f30836a07f129b9e7182609e1364c714,20f2d1d11f588408a4d7691ab381a95c,6d5f55ee85c1bb785b2cba94ef7545b3,Unknown,XPU-A,8,192,HP,online_inference,genai,true,1.0,206141652992,8.0,1.0,,116.54887008666992,0.0038458333333333435,0.10258573757277595,true,6222,10,0,13
35dd8767c48190cd97142f8af9572504,,4e3cfd87c14003fce30f593762dbbd14,1f28e063c4e5e1bc48ff55269617dd2f,Unknown,XPU-E,16,192,HP,online_inference,genai,true,1.0,102676561920,8.0,1.0,5.792689724484664,93.80126953125,0.025049652777777532,0.05057000848982069,true,14,-1,0,13
43f414925afda2895dd0ee2f063c7c88,d1191add0ae138e4c57f11736334a313,865f3f7a4165304829364a780ee7acca,2f9611355f71fe804da2606899ddfb36,Unknown,XPU-B,1,192,HP,online_inference,rec,false,1.0,51136954368,192.0,1.0,8.294286007756131,8.033203125,0.24205201099540483,0.6752880232705015,true,0,-1,0,13
69ef9a2087dcc741180bff58fbd017b9,f1cb667bc89dea8f494852b5e4c8e84e,883e3288372d4b15469aea3bb5636bc4,da8d7fb8796ea962e14eef38624d8059,Unknown,A10,2,192,HP,online_inference,rec,false,1.0,24146608128,48.0,1.0,23.01727967901234,15.246224410445604,0.33305081018518334,0.06261627391532618,true,5323,-1,0,13
8260e67ca6553b62a0a29f475ad1c524,93bc4ce240c484437fbafb32370ed8af,1e7decc4fb301b17882bdceaf261486f,70870b9abdf0a944615e4987e21869b3,Unknown,H20,8,192,HP,online_inference,genai,true,1.0,102625181696,8.0,1.0,2.5426174660493817,16.706497667100695,0.07529409722222126,0.13333968851301406,true,26085,-1,0,13
a2a484a9698975aeb8395d17dba4a323,36d4e9133658f73caf61b43a106551e6,76868e7a0da0f53374e8c051cef61cab,da8d7fb8796ea962e14eef38624d8059,Unknown,XPU-B,1,192,HP,online_inference,rec,false,1.0,51136954368,48.0,1.0,13.057369117898443,13.440914171006943,0.18568076600645075,0.19741952825475623,true,0,19,0,13
a4c2bd4156f722b45a53097eb5ec1441,,042e7031a22a35f5e663bfcf1752afe6,87532e3737169e035fad3c9f3ab7f85e,Unknown,L20,2,192,HP,online_inference,cv,false,0.07,3760000000,2.0,0.07,,1.767578125,0.5058249999999921,0.2892085105777778,true,0,4010,0,13
ae620524dea19883bccdf18203053c45,,1508224baa90bcbcf0d312073e80c534,9089d80baea5f56a3c169801052daa1f,Unknown,XPU-E,16,192,HP,online_inference,rec,false,1.0,103079215104,8.0,1.0,1.2575155740740742,2.5263671875,0.019046875000000102,0.07108638445536299,true,0,-1,0,13
bfbab5b22d4698fecf19e7e638be381d,,9c1b11f28f957a67d3ae3ebe10fd09bb,1f28e063c4e5e1bc48ff55269617dd2f,Unknown,XPU-E,16,192,HP,online_inference,genai,true,1.0,102676561920,8.0,1.0,5.827423425925925,93.801513671875,0.025199305555555565,0.050092009041044445,true,0,18,0,13
e567fea326954bff95c76c74e6f27d95,4398a3c92f2ef599071d444791120c19,5cda40dcf3275a14a47382607119d652,4d6f06d02df4e9de96966a73d9e8a4dd,Unknown,A10,1,128,HP,online_inference,rec,false,1.0,24146608128,24.0,1.0,0.0,6.59946316189236,0.005487318411770131,0.07168574968973798,true,0,-1,0,13
e9ace08147edf01a2e6b8c081b9dc551,39bd398afba0c38200ddbb654abcc1eb,abc6c4d816a6d1261c4b84d7c1fd50de,6d5f55ee85c1bb785b2cba94ef7545b3,Unknown,XPU-A,8,192,HP,online_inference,rec,false,1.0,206141652992,8.0,1.0,,13.89023208618164,0.07005243055555589,0.2207039303249783,true,15063,-1,0,13
049644bc992c67f63a2d80ceeb71946a,,b09c4148b3b280d2e4dc7590c0a52d4b,da8d7fb8796ea962e14eef38624d8059,Unknown,A10,1,128,HP,online_inference,rec,false,1.0,24146608128,80.0,1.0,19.70638708035714,8.97857666015625,0.1532070138888796,0.7215741285159266,true,26,-1,0,14
26d44b7098df88bb7bf5f48a162b2584,e3fe3d88fea3ce622235a349228f663f,2e8ee16a63c62a370932c1a172adcd37,6d5f55ee85c1bb785b2cba94ef7545b3,Unknown,XPU-E,16,192,HP,online_inference,genai,true,1.0,102676561920,4.0,1.0,43.74726961111112,94.864501953125,0.3004993055555517,0.4388961841441968,true,0,-1,0,14
4d54a1d61e6daf86f76a825a6fa2484a,12da171f6a4f34e8fd9cbf70669c9f3b,304ff76d812c1ee158d87ed85f2abb04,4d6f06d02df4e9de96966a73d9e8a4dd,Unknown,XPU-D,8,192,LP,online_inference,genai,true,2.0,205353123840,4.0,2.0,153.63749850284907,183.70361328125,0.5209368055555548,0.21184211821424148,true,75,7,0,14
67ffcb3eb2a698f270a52a1d7f8e055b,6d6cd57bf8aa90e0c30b61375be3d07d,656b452c2f9402f1f57ee5efea51ee16,2f9611355f71fe804da2606899ddfb36,Unknown,XPU-B,1,192,HP,online_inference,rec,false,1.0,51136954368,60.0,1.0,14.168387061868682,4.224365234375,0.30636680555555756,0.39104878167311374,true,43,-1,0,14
832ae0fa325c07a8f56f12af942f0e70,2145782c0ef19a58c30fa70daf87eb81,4581afd81b1231b074571673c7e85711,2f9611355f71fe804da2606899ddfb36,Unknown,A10,1,128,HP,online_inference,rec,false,1.0,23836098560,64.0,1.0,8.468459945449972,12.74517822265625,0.17012491319444964,0.6535311267640858,true,0,-1,0,14
92a5cc92b42836a803262367b5a4cd9c,29cc2f28f13dd88a3439a5f433194241,12c51bd2d861c73ca1a1c144df29539a,6d5f55ee85c1bb785b2cba94ef7545b3,Unknown,XPU-A,8,192,HP,online_inference,rec,false,1.0,206141652992,8.0,1.0,,3.027427965799968,0.019732872981089822,0.12380889998541939,true,418,-1,0,14
98f4aa9066c48453bb73233f697dbd21,,6b25a79e70961a92cb578d279ed1dcc0,1f28e063c4e5e1bc48ff55269617dd2f,Unknown,H20,8,192,HP,online_inference,genai,true,1.0,102625181696,4.0,1.0,44.75131235802469,94.509765625,0.27995959690894023,0.17038115678010154,false,71,-1,0,14
a12c9d726b507161c03329d3740aca8d,da0f25fcce17cd43e481049f33b61b5b,bdfdf635cfe62cfd4b2dfbedb39e9e01,6d5f55ee85c1bb785b2cba94ef7545b3,Unknown,XPU-A,8,192,HP,online_inference,genai,true,1.0,206141652992,10.0,1.0,,56.39516067504883,0.0987020600111762,0.2390104791853164,true,2083,6,0,14
ab19c6a549dcd69231d768b1000b90a1,81250a013869291b83b9832377e512ca,8c04165265800e83cea06a0e73f70e01,6d5f55ee85c1bb785b2cba94ef7545b3,Unknown,XPU-A,8,192,HP,online_inference,rec,false,1.0,206141652992,8.0,1.0,,3.5367164611816406,0.06617777777777521,0.1586289385954539,true,0,-1,0,14
ada76410b7e3e6920638e72bde05e11a,8a0badf61ed41bcd62e298ed93c3ee26,a7c2e95ddbfc2b8ca6aeef8842582d36,2f9611355f71fe804da2606899ddfb36,Unknown,A800,8,128,HP,online_inference,genai,true,1.0,85198045184,4.0,1.0,1.3092076111111113,70.94921875,0.011671527777778261,0.07340530748720522,true,167,-1,0,14
bd271fc208209ebd0ba0c6bcd66afb0a,3b055ac3088b341d3c43d0b4fe6c08d8,d90af8d9c128bb94a985a6dc8af2e3a2,6d5f55ee85c1bb785b2cba94ef7545b3,Unknown,XPU-A,8,192,HP,online_inference,genai,true,1.0,206141652992,8.0,1.0,,115.59716796875,0.08148194444444215,0.10610205332438151,true,0,29,0,14
c0067eedf7992d4149dea3b91369c64e,,bd1dfa9ab629e01c97d0465fa2582a13,3f39b4b673832cdb370477e6042ec0a7,Unknown,L20,2,192,HP,online_inference,rec,false,1.0,48305799168,32.0,1.0,16.48793692592593,9.77740478515625,0.1198774525288903,0.7534499038590324,true,0,-1,0,14
dad1935ae0dff27d622b94b9ba79e064,8179d2fccde04d981ff54a5a67b29319,74c2f933338cd91e8e4eba925d5aa707,6d5f55ee85c1bb785b2cba94ef7545b3,Unknown,XPU-A,8,192,HP,online_inference,rec,false,1.0,206141652992,8.0,1.0,,2.58453369140625,0.015551736111111105,0.0967783424589369,true,6186,23,0,14
ff7a272b37cad2460289c037f9d8001d,,19855183e307ee97c4f53256c00f5aeb,27dc4b08122b037562bbd50b17eaf138,Unknown,XPU-E,16,192,HP,online_inference,genai,true,1.0,103079215104,4.0,1.0,3.6743545475113124,95.089111328125,0.035565277777777744,0.2358424433955439,true,1,223,0,14
0c7dab12411e0bce78c30bc6c16fc206,73afca0cda6dd1a1e885c1f4333348f2,390be90e0da92bb048700968b568df59,3f39b4b673832cdb370477e6042ec0a7,Unknown,L20,2,192,HP,online_inference,genai,true,1.0,48305799168,12.0,1.0,49.25107993650794,41.05078125,0.12170740740740767,0.07288135245994282,true,12,68,0,15
1bd3ed6412ad2cf994246f42cb8dbc1f,3135f81c92c6a4823754ff4591ba3de6,f284ed7d2e54c71af644f86a236e7774,2f9611355f71fe804da2606899ddfb36,Unknown,XPU-B,8,192,HP,online_inference,rec,false,1.0,51136954368,24.0,1.0,12.467556907407406,8.234375,0.2156414351852059,0.13781521514610007,true,2508,315,0,15
296b90c388d66233b012ae681c105845,8da0bd74f75f41b77b2d33830d8593ec,42291076c6870c6a79a612bf5d0c73aa,4d6f06d02df4e9de96966a73d9e8a4dd,Unknown,XPU-B,8,192,HP,online_inference,genai,true,1.0,51136954368,4.0,1.0,0.0,46.91552734375,0.007007638888887108,0.17657213988127532,true,31,27,0,15
41163b68816109a91e8fdfc1409f6442,,7a1186b9182cd37d4a0f7c96e50cc703,87532e3737169e035fad3c9f3ab7f85e,Unknown,L20,2,192,HP,online_inference,rec,false,1.0,48305799168,96.0,1.0,6.091903842902716,7.19927978515625,0.09623802083333163,0.8300303972208937,true,2,-1,0,15
415e9c2109abeb69cf78032fba190f9e,4387a31b893023c06c90c9ceafa0a6eb,3e2c6d4b8ff91ea8bcb110aad7033fe5,6d5f55ee85c1bb785b2cba94ef7545b3,Unknown,XPU-A,8,192,HP,online_inference,genai,true,1.0,206141652992,4.0,1.0,,,0.005407233361181384,0.007733553647994995,true,0,-1,0,15
7e9568f757d61ade235837e3ae7106b7,8cd4820a50c0e208bba0735406938dd6,aadbdb2429f295a02312e73c8dde1494,da8d7fb8796ea962e14eef38624d8059,Unknown,A10,2,192,HP,online_inference,rec,false,1.0,24146608128,32.0,1.0,0.0,20.84381103515625,0.0034512152777779193,0.037995025634765624,true,0,585,0,15
938d48f3abe0a454a8c7d60bf1da3383,,f80aacfb0bb63f5972e534560e12ffa3,3f39b4b673832cdb370477e6042ec0a7,Unknown,L20,2,192,HP,online_inference,unknown,false,0.08,4000000000,2.0,0.08,,0.27734375,0.3991347222222246,0.09532171377777776,true,0,281,0,15
962df29053df4fff8fb2cdb9cf272c24,1e2668f6c3fcf86ae77cbcabb84839a7,6bef6738e492da254b3a80b10465efd8,4d6f06d02df4e9de96966a73d9e8a4dd,Unknown,A10,1,128,HP,online_inference,rec,false,1.0,24146608128,64.0,1.0,0.020971314814814825,0.693359375,0.013414062499998384,0.5568937625885007,true,7092,-1,0,15
9cd7ea6a94e16dd294bbf0d62f2cb7c5,,70a59c1a81745b965e2e67bb90ab4cf1,87532e3737169e035fad3c9f3ab7f85e,Unknown,L20,2,192,HP,online_inference,cv,false,0.07,3760000000,2.0,0.07,,2.361328125,0.4148789682539658,0.34548498773333336,true,135,79742,0,15
9d35ee1190df7727c0c6a0179e76ee19,0e20372e6d8ad1acfe3c00333985f4c9,f5bcba9425f5ffd8a77ee267fabacb13,4d6f06d02df4e9de96966a73d9e8a4dd,Unknown,A10,1,128,HP,online_inference,rec,false,1.0,24146608128,32.0,1.0,10.879135504873297,16.908108995225696,0.10394982638888496,0.7017510786321427,true,0,705,0,15
a084e5950f13234fa122a27218f2a385,,9894e404eb92c872141ac7b0ff16b185,87532e3737169e035fad3c9f3ab7f85e,Unknown,L20,2,192,HP,online_inference,cv,false,0.07,3760000000,2.0,0.07,,2.3610557725694443,0.5022805555555615,0.3357747256888889,true,0,59359,0,15
cb5afd603db6d2ba09b41672959a6148,8b595bcafe51daef0096ec60a1778f87,f508ef775cf2384aac9e16e0ab1b5e06,2f9611355f71fe804da2606899ddfb36,Unknown,A10,1,128,HP,online_inference,rec,false,1.0,24146608128,48.0,1.0,11.72616040575397,2.43756103515625,0.07413234953703675,0.028391632327326995,true,1,520,0,15
d6cc15054de71ec9f1bb8b62d59a7a70,a00fbf6db0c2c12f1fa06ce2cebe14be,2ce6c8dbdbd52333af1341f8765b7d49,87532e3737169e035fad3c9f3ab7f85e,Unknown,L20,2,192,HP,online_inference,genai,true,1.0,48305799168,12.0,1.0,0.13225688194444443,42.48046875,0.011821990740739878,0.5180650326940747,true,1,37,0,15
1a71985d108116bf0eb6254604355e97,,2889e7463f36662992eaa9331e669e36,1f28e063c4e5e1bc48ff55269617dd2f,Unknown,XPU-E,16,192,HP,online_inference,rec,false,1.0,102676561920,12.0,1.0,7.5613513055555535,42.6875,0.1554398148148148,0.1114538233368486,true,0,262,0,16
1afe57daecfab6ce311c549ff7410cf3,f939b3ee77b19d3a72b789d96087089c,18c262cba3bc414b71656b8515e52e24,4d6f06d02df4e9de96966a73d9e8a4dd,Unknown,XPU-B,1,192,HP,online_inference,rec,false,1.0,51136954368,192.0,1.0,7.99161677777778,7.978515625,0.23435633680554704,0.6298462162441678,true,0,24,0,16
1b03273c99ddf78c29c953634591aa5c,3deaff553c8e86c16c39bf471d07d546,9354d76ad6a56478f4fdaec36c8f066d,4d6f06d02df4e9de96966a73d9e8a4dd,Unknown,A10,1,128,HP,online_inference,rec,false,1.0,24146608128,32.0,1.0,0.0,0.96881103515625,0.0033551215277777767,0.005394731495115494,false,0,-1,0,16
1cbdd1c1302b36ac1dfe43b201b5cc81,,c920e5d33d913e9a7c8495fb9b1ed173,9089d80baea5f56a3c169801052daa1f,Unknown,XPU-E,16,192,HP,online_inference,genai,true,1.0,103079215104,4.0,1.0,3.259922299382713,95.089111328125,0.03504236111111015,0.2259303453233508,true,40,95,0,16
247949e82195a86963c71123b073aa06,,a34ce3701c7b47b295e2169d8926910e,87532e3737169e035fad3c9f3ab7f85e,Unknown,L20,2,192,HP,online_inference,cv,false,0.07,3760000000,2.0,0.07,,1.767578125,0.5132541666666577,0.3253719921777776,true,0,560,0,16
3559797f57036276af9b18ec79c4e142,,db4c3a322ef9ee98dc4bcda2b7f02d06,1f28e063c4e5e1bc48ff55269617dd2f,Unknown,XPU-A,8,192,HP,online_inference,rec,false,1.0,206141652992,8.0,1.0,,22.433208465576172,0.06645763888887204,0.34547550943162697,true,6418,-1,0,16
3f1db4e3b059e96f46b88d7c8b9c2c1d,,bd43b84f7535b571180d8bff1a6e53d2,87532e3737169e035fad3c9f3ab7f85e,Unknown,L20,2,192,HP,online_inference,cv,false,0.07,3760000000,2.0,0.07,,2.392578125,0.41993472222222616,0.3801611235555556,true,0,77600,0,16
62958f8a68ce800b0950bc3e7ae96b77,39bd398afba0c38200ddbb654abcc1eb,ac9aa6b67e37e6c52cbde5a7bc103e23,6d5f55ee85c1bb785b2cba94ef7545b3,Unknown,XPU-A,8,192,HP,online_inference,rec,false,1.0,206141652992,8.0,1.0,,26.357032775878906,0.07364548611111887,0.25920250574747705,true,14,-1,0,16
8dbe14467a977b8ebef3416f9119c550,,706a712f78a2f112af43e1c253054b90,87532e3737169e035fad3c9f3ab7f85e,Unknown,L20,2,192,HP,online_inference,genai,true,1.0,48305799168,4.0,1.0,0.16197227160493827,43.396484375,0.010054861111111672,0.07712990310457017,true,12,517,0,16
a8c75799b494aef3a950bdfde3d60e28,9174729e5ace3c24347732b603da44c6,c5dabd484789610ec6113b168d844cff,4d6f06d02df4e9de96966a73d9e8a4dd,Unknown,A10,1,128,HP,online_inference,rec,false,1.0,24146608128,48.0,1.0,4.8039513950617305,2.70318603515625,0.17129363425925406,0.419637176513672,true,0,-1,0,16
cdad8cf3d90a1da03e99b7a124da0cfe,,afeed89ac476977965d1d6228ba09e4c,87532e3737169e035fad3c9f3ab7f85e,Unknown,L20,2,192,HP,online_inference,cv,false,0.46,22560000000,4.0,0.06644444444444444,,10.902267323369562,0.51843,0.2770614933333333,false,0,-1,0,16
26a2d8d2f0930b7b648dfeec0e9466eb,50a52b14ec85ddf7ac6282dff838467d,50ee47daa011e5029c0802d150adde57,70870b9abdf0a944615e4987e21869b3,Unknown,L20,2,192,HP,online_inference,rec,false,1.0,48305799168,48.0,1.0,2.1297530654761907,4.66998291015625,0.1468150982200872,0.09218271917766996,true,1577,445,0,17
3a517681af1b7c2c0295ef3a92d3655e,,7d9b971d7187ffb559a10b4f9547fdb1,3f39b4b673832cdb370477e6042ec0a7,Unknown,L20,2,192,HP,online_inference,unknown,false,0.08,4000000000,2.0,0.08,,0.27734375,0.6385128968253936,0.18839200805925926,true,0,35,0,17
3d621d7a049b2fee1c1d09c3e044bd9c,,2084ee71f1ca00bfc26154d941945de1,87532e3737169e035fad3c9f3ab7f85e,Unknown,H20,8,192,HP,online_inference,rec,false,1.0,102625181696,24.0,1.0,0.0,9.93756103515625,0.0025300348672610403,0.015245653964855057,true,0,-1,0,17
6eee6381efce1cc8d661a4fcae016784,,eddc0493a2e8724819ff1b5d2283c37e,87532e3737169e035fad3c9f3ab7f85e,Unknown,H20,8,192,HP,online_inference,genai,true,2.0,205250363392,4.0,2.0,11.091341086080572,189.58203125,0.27652152777776384,0.15705027792188866,true,11,23,0,17
a1817819b2c42ae3f7f3efbac5335af7,85b12c716681422f4fcfebf05da17aa9,aa9580b6fc8a67c00017c13fc138d193,2f9611355f71fe804da2606899ddfb36,Unknown,XPU-B,8,192,HP,online_inference,rec,false,1.0,51136954368,24.0,1.0,12.239535557063862,9.2919921875,0.12351030092592599,0.05055042143221256,true,43980,570,0,17
a99f2e0e40e660bb2eb263fa722098b9,5e9ed262a03d6eaaac987d97d6d5fa7b,23739bf5cc57009c82c11a2b24b2059a,4d6f06d02df4e9de96966a73d9e8a4dd,Unknown,XPU-B,1,192,HP,online_inference,rec,false,1.0,51136954368,24.0,1.0,2.670551981481483,8.8671875,0.05886296296296036,0.069291913067853,true,0,-1,0,17
bcdeff559961124738dac35cde4214d7,,9bcf9dc30965238c3f7de6d480bfac70,2f9611355f71fe804da2606899ddfb36,Unknown,A100,8,128,HP,online_inference,genai,true,2.0,171798691840,8.0,2.0,0.0,108.0078125,0.03153125000000019,0.037898735752812156,true,0,545,0,17
1ffdb9d00029d58eab545e6b425b202a,eb9359ad54d5a793889e745710228d68,6bf1badfc23c7a6af660e4deb3111e0b,2f9611355f71fe804da2606899ddfb36,Unknown,A10,1,128,HP,online_inference,rec,false,1.0,24146608128,12.0,1.0,12.874990957735251,3.3651847330729163,0.17393726851851513,0.4686296039157444,true,0,66,0,18
64da494288b5484edbe4d8929e2c4d8a,8e14df44cbb027de195e4612b1478ee8,09652cc97246470520994366a44ae88e,6d5f55ee85c1bb785b2cba94ef7545b3,Unknown,XPU-E,16,192,HP,online_inference,rec,false,1.0,102676561920,24.0,1.0,14.793183656565654,10.807347547743056,0.13361342592592812,0.08812601389708341,true,59113,6,0,18
65b03fbc2cf0eb24cbad9921dd2bd6b4,0495efbd8ff09cff803a1d8f5a010e00,41a3411894cd9508d766e6e7cd8411eb,4d6f06d02df4e9de96966a73d9e8a4dd,Unknown,A10,1,128,HP,online_inference,rec,false,1.0,24146608128,32.0,1.0,7.260105490196077,17.392871365017356,0.0727102430555533,0.5248420121934682,true,0,623,0,18
80a2a22281a22c06280fe57e746f1b50,da0f25fcce17cd43e481049f33b61b5b,91e4d3b3335f84d3da165ed7cd964b9f,6d5f55ee85c1bb785b2cba94ef7545b3,Unknown,XPU-A,8,192,HP,online_inference,genai,true,1.0,206141652992,10.0,1.0,,56.4722785949707,0.12533138888889356,0.23202194319831015,true,268,25,0,18
e675ddf2b962b009eca6268b1e9f8f70,,71d149b7c4aeec7c62bccf911e564668,27dc4b08122b037562bbd50b17eaf138,Unknown,XPU-E,16,192,HP,online_inference,genai,true,1.0,103079215104,8.0,1.0,5.846139283950618,94.176513671875,0.02459756944444457,0.1132953812678655,true,0,9,0,18
fa05d6d3f1612ba48536fdf23c7fb2e6,,7a1186b9182cd37d4a0f7c96e50cc703,87532e3737169e035fad3c9f3ab7f85e,Unknown,L20,2,192,HP,online_inference,cv,false,0.07,3760000000,2.0,0.07,,1.767578125,0.3606449700640576,0.3202061112888889,true,0,40881,0,18
0b1a0183222fff8a1309183b44537587,,66b276e2899985bc7b1a7e4e1287856f,87532e3737169e035fad3c9f3ab7f85e,Unknown,L20,2,192,HP,online_inference,cv,false,0.07,3760000000,2.0,0.07,,1.767578125,0.4282749999999942,0.2953994183111111,true,0,43477,0,19
16adf3041f1e355c9541a5116c8fce0c,,d32bbca0a8fbb75aa15f810364e220dd,1f28e063c4e5e1bc48ff55269617dd2f,Unknown,XPU-E,16,192,HP,online_inference,genai,true,1.0,102676561920,4.0,1.0,5.396811972222223,94.8671875,0.04470625000000129,0.09787830988566078,true,42,21,0,19
1ff36cf2ac74a007a0cd677d748d0664,,c7356ceadd51ec9c7da69d3015d85310,87532e3737169e035fad3c9f3ab7f85e,Unknown,L20,2,192,HP,online_inference,cv,false,0.07,3760000000,2.0,0.07,,1.767578125,0.5068333333333346,0.29813988977777794,true,0,23837,0,19
30bc0e4959402e2e4234b2569cf13eaf,42254d4db10b0d68e4f92f9fe3460498,40661f5b0dcc3b6594e3f03af1e478dd,3f39b4b673832cdb370477e6042ec0a7,Unknown,L20,2,192,HP,online_inference,rec,false,1.0,48305799168,48.0,1.0,3.3103984814814833,6.85552978515625,0.041239120370371,0.02557933780882092,true,1061,-1,0,19
856377e1766c4576351e938f81e85644,7ef23964c7b0c71d118280eb3a49ef8b,7028c296200b885427aa3e8c79fc62b6,6d5f55ee85c1bb785b2cba94ef7545b3,Unknown,XPU-E,16,192,HP,online_inference,genai,true,1.0,102676561920,4.0,1.0,50.076058117224896,94.864501953125,0.3073312500000003,0.12113327662150067,true,409,22,0,19
bc30ce736a3927c2d48fe35e31f07ae1,,aad35a3caf2d609066073dc8b27c5f15,1f28e063c4e5e1bc48ff55269617dd2f,Unknown,XPU-E,16,192,HP,online_inference,rec,false,1.0,102676561920,96.0,0.8611111111111112,0.43112290841855105,0.37157883986928103,0.039105823863636376,0.5843405917838768,true,0,22,0,19
d8d827ba2461ff54177e97b6c9b43c21,275ae15730244971d5502b134cabda7e,ef13bab3c29ae8b5b4538df6f5338528,2f9611355f71fe804da2606899ddfb36,Unknown,XPU-B,1,192,HP,online_inference,rec,false,1.0,51136954368,32.0,1.0,13.501414652777774,6.191162109375,0.5382395289439124,0.7502739525503592,true,170,-1,0,19
dca9f8a71cb86b33700cda0c09a9e17a,73c4acadbf6e4718b96b7dd5e1413368,7880864f13246632796d1be34cffa6e9,da8d7fb8796ea962e14eef38624d8059,Unknown,XPU-B,1,192,HP,online_inference,rec,false,1.0,51136954368,48.0,1.0,21.481916234126995,6.4140625,0.3219986689815092,0.14895664665434097,true,30,-1,0,19
f4ef60efd5110039a69e74a631818e89,,a77ea0344fff2b8f9b386fa1d2cbeb54,70870b9abdf0a944615e4987e21869b3,Unknown,L20,2,192,HP,online_inference,rec,false,1.0,48305799168,48.0,1.0,19.315785553960666,22.77740478515625,0.16234589120369888,0.6398077821290046,true,1,-1,0,19
2273a7a1eef5955f9ba2411b2163060c,,b3affbc2852a793a5c8cbdfeb53d9a59,3f39b4b673832cdb370477e6042ec0a7,Unknown,L20,2,192,HP,online_inference,rec,false,1.0,48305799168,48.0,1.0,21.55780371296296,11.181640625,0.3165674768518523,0.49238777006113976,true,71,325,0,20
5b3bb3a696a6edb79017dd7e1e39bd3e,,9cc5d718b3669a25b1a1e00ac036de52,87532e3737169e035fad3c9f3ab7f85e,Unknown,L20,2,192,HP,online_inference,cv,false,0.07,3760000000,2.0,0.07,,2.390625,0.5161791666666655,0.3463087786666667,true,0,36040,0,20
95394ccc273d6bb62468616f3ed0cc36,,830e8f97080275945177173d655731fe,4d6f06d02df4e9de96966a73d9e8a4dd,Unknown,A10,1,128,HP,online_inference,cv,false,0.23,5640000000,2.0,0.05494444444444445,,0.0,0.17503048780487807,0.07455677814634143,false,0,-1,0,20
9beece36fccc7cf75698d221fa90719b,,51899b4ced2c353508ba05f281abf717,9089d80baea5f56a3c169801052daa1f,Unknown,XPU-E,16,192,HP,online_inference,genai,true,1.0,103079215104,4.0,1.0,3.48322509567901,95.089111328125,0.038091666666666975,0.22601156517311397,true,0,5,0,20
ce09c4e3231b66b61fe66e8d8bb4bfb5,,f46047c573df7911c265639d1e484bf9,87532e3737169e035fad3c9f3ab7f85e,Unknown,L20,2,192,HP,online_inference,cv,false,0.07,3760000000,2.0,0.07,,1.7332398897058825,0.49813153074994754,0.2466099836213019,true,0,19596,0,20
da31e870f9ca9f46137a9d607dfcac8b,a01101fe41a6f6fe8644600c025fb91c,aad6b75b90bc6287e8acd23bfe05459c,2f9611355f71fe804da2606899ddfb36,Unknown,A10,1,128,HP,online_inference,rec,false,1.0,23836098560,48.0,1.0,28.36161628395063,5.5,0.42813807043650787,0.1846126810709636,true,0,-1,0,20
0829ba57bd8db88d68a472754dce4c5a,,7d7d60056ac41cc07250ee4e93074e63,4d6f06d02df4e9de96966a73d9e8a4dd,Unknown,A10,1,128,HP,online_inference,cv,false,0.23,5640000000,2.0,0.22999999999999998,,,,,true,0,8274,0,21
0cc370a35cedb80c5d23a0bcca3f724b,4db91095f76781492f6a6ecc3ddf3553,69d153dd15ddae15539cc1101e6b8e7a,da8d7fb8796ea962e14eef38624d8059,Unknown,A10,2,192,HP,online_inference,rec,false,1.0,24146608128,64.0,1.0,45.80317780501088,9.447265625,0.3237882378472324,0.27155676693386493,true,79461,-1,0,21
0d218cbd2a1f586e89b35506ad8a94bc,da0f25fcce17cd43e481049f33b61b5b,ce3a3e3efcfc39a774fd8a3eea2f2ebe,6d5f55ee85c1bb785b2cba94ef7545b3,Unknown,XPU-A,8,192,HP,online_inference,genai,true,1.0,206141652992,10.0,1.0,,56.46810531616211,0.11791138888889045,0.24993742095099553,true,2,1003,0,21
3848f6622f00764a466800cf95a77bba,,710efed5622d7dc04242a02fc68e3124,87532e3737169e035fad3c9f3ab7f85e,Unknown,L20,2,192,HP,online_inference,cv,false,0.07,3760000000,2.0,0.07,,1.767578125,0.5045722222222283,0.3291017642666667,true,0,12,0,21
47ec0a22cd2bde11094f9b15245089e3,,f783cb0d37c234bc512f11f829d7967b,1f28e063c4e5e1bc48ff55269617dd2f,Unknown,XPU-E,16,192,HP,online_inference,rec,false,1.0,102676561920,8.0,1.0,6.8552438194444445,1.337890625,0.2132833333333352,0.2769166003333196,true,1,253,0,21
48f7c8e60700725c04283711494ef3a6,,8967eab41c0d344537923a8d860997e1,1f28e063c4e5e1bc48ff55269617dd2f,Unknown,XPU-E,16,192,HP,online_inference,rec,false,1.0,102676561920,8.0,1.0,7.99966962962963,1.650390625,0.2429468750000362,0.4865927447213068,true,0,-1,0,21
4bfe26b5e84c02dd80fbf9cc7d7b0245,3dc94b2e047c3f52ac81ef9b0a916711,07e8106a8380cc50079756ae2d10e223,2f9611355f71fe804da2606899ddfb36,Unknown,XPU-B,8,192,HP,online_inference,rec,false,1.0,51136954368,16.0,1.0,7.185158868983954,11.212890625,0.04947986111111109,0.4881642924414741,true,8901,11,0,21
56e008b736ce41ecf0362d83043bb191,,b3ee2fcb9a2bc41efca9860730bf5f0f,70870b9abdf0a944615e4987e21869b3,Unknown,L20,2,192,HP,online_inference,rec,false,1.0,48305799168,48.0,1.0,20.896151046296303,11.18108181423611,0.3320289351851831,0.49800396274637293,true,0,-1,0,21
6175e65b87d608d38bbaf3859788775e,,89bb0ed5ff9282601540ebe435fe61bb,70870b9abdf0a944615e4987e21869b3,Unknown,L20,2,192,HP,online_inference,rec,false,1.0,48305799168,64.0,1.0,16.299928055555558,11.953125,0.13513528645840575,0.5573457825978594,true,4705,-1,0,21
63fe185755a8c8f2cd66e65209339e70,,3a90572732419b57d908d7c8e25afa38,9089d80baea5f56a3c169801052daa1f,Unknown,XPU-E,16,192,HP,online_inference,rec,false,1.0,103079215104,8.0,1.0,4.635639283950618,14.694730902777776,0.04204131944444472,0.18972829712761774,true,0,98,0,21
82cf7f87fcf8b9577847f94baeb088b8,8d4566ab4ad1b4a4de1bdcd99a11c18a,8ff6fdba0e629cf82cde46d650228975,2f9611355f71fe804da2606899ddfb36,Unknown,XPU-B,8,192,HP,online_inference,rec,false,1.0,51136954368,8.0,1.0,0.3443233979266347,1.2060546875,0.029006944444444255,0.06443031522962785,true,12984,-1,0,21
9b533b68ad96d8bbb9c6019230de7914,6c764df5b9a74c0e6a35a311f239c0f6,f54cf0024f53e55b5f0a7ab62e12fd8e,da8d7fb8796ea962e14eef38624d8059,Unknown,XPU-B,8,192,HP,online_inference,rec,false,1.0,51136954368,8.0,1.0,14.579876654995328,3.635986328125,0.11503626514203517,0.15691963103082446,true,131,-1,0,21
abdd6c6ca15708ac6e4f0cbf4d737980,,61fc5754ad638a76b5bbbd758ebaeb46,3f39b4b673832cdb370477e6042ec0a7,Unknown,L20,2,192,HP,online_inference,rec,false,1.0,48305799168,96.0,1.0,8.766865373015877,10.80670166015625,0.09683197337962933,0.7520609477714258,true,103,18,0,21
d89f68c7bd80a9f3057e3b3ae6f02206,,a467c4d779ad20fab95ef4b9c7f5d022,87532e3737169e035fad3c9f3ab7f85e,Unknown,L20,2,192,HP,online_inference,cv,false,0.07,3760000000,2.0,0.07,,1.767578125,0.6604736111111157,0.27117550933333334,true,0,17800,0,21
ea261836d8adbefeb5326334378f2030,4eff15b020140d68f9c0f87b378958d1,baaa80dc87ff9b1fdd21cebdb255126c,2f9611355f71fe804da2606899ddfb36,Unknown,A10,1,128,HP,online_inference,rec,false,1.0,24146608128,80.0,1.0,0.42786191101055815,0.90826416015625,0.007703194444446127,0.3894749324586657,true,47741,-1,0,21
06338fdf6c19434845b502a158a454ed,,3fbf237e265097da8aa5ba6e0a412076,2f9611355f71fe804da2606899ddfb36,Unknown,A100,8,128,HP,online_inference,genai,true,4.0,343597383680,8.0,4.0,0.9730403333333334,259.376953125,0.060554861111126644,0.04851352359630444,true,14,-1,0,22
2fdac8fe98d30deae766b9ba0fd53bd3,,d9a52e7e0f7b662fc678b8e5f3d4a414,27dc4b08122b037562bbd50b17eaf138,Unknown,XPU-E,16,192,HP,online_inference,rec,false,1.0,103079215104,8.0,1.0,9.786825540404037,6.76171875,0.06777395833333329,0.2165511276986864,true,0,212,0,22
3d07e260cb94f4d6fdcbd4831011e9dd,,8c06255bf7a0f06cb26d967a597a3442,1f28e063c4e5e1bc48ff55269617dd2f,Unknown,H20,8,192,HP,online_inference,genai,false,1.0,102625181696,8.0,1.0,4.216272907407409,15.824627007378472,0.1384406389236798,0.12338564616662483,true,0,-1,0,22
6111a21ab669ecd334d56d124b389aae,,6186acbb81c83e5b0961ceba137e1873,2f9611355f71fe804da2606899ddfb36,Unknown,A100,8,128,HP,online_inference,genai,true,1.0,85899345920,8.0,1.0,22.80515838813475,68.724609375,0.12305520833334117,0.08041767720822939,true,0,-1,0,22
6e85806addd8947e8565772dc87cdb76,340739e03d05c43f87536499b3432e82,c4f10f606b9cb1d0c3845923ed0ec86d,da8d7fb8796ea962e14eef38624d8059,Unknown,XPU-B,1,192,HP,online_inference,rec,false,1.0,51136954368,192.0,1.0,10.53112588862307,10.970703125,0.3028323061342559,0.6466766522513498,true,23109,334,0,22
a043d2d0b9bc63fe24122f7aabcbcd84,,2d2508be143c9779392aeb2950abeed6,1f28e063c4e5e1bc48ff55269617dd2f,Unknown,XPU-E,16,192,HP,online_inference,rec,false,1.0,102676561920,8.0,1.0,16.85471675892857,9.2021484375,0.19196562500001157,0.3231997834311591,true,13,35,0,22
ad32f0e89f1704c847df707fae3ce9fb,,f9568c300c2c88d4ad835ddfbb45084c,2f9611355f71fe804da2606899ddfb36,Unknown,XPU-B,8,192,HP,online_inference,rec,false,1.0,51136954368,16.0,1.0,4.827276716049383,2.94384765625,0.05567118055555816,0.2633909013536243,true,13,-1,0,22
ee1fac5d621a8a8d05c07e13273fa757,,028b3fd6acbcb6f0da599f982732d4de,9089d80baea5f56a3c169801052daa1f,Unknown,XPU-E,16,192,HP,online_inference,genai,false,1.0,103079215104,8.0,1.0,11.88514600653595,4.72265625,0.07550937499999741,0.39683863608888925,true,0,672,0,22
027849df4fd76f7469fa1d0c0b396845,da0f25fcce17cd43e481049f33b61b5b,e9809ef27db411507f3525654ec5256b,6d5f55ee85c1bb785b2cba94ef7545b3,Unknown,XPU-A,8,192,HP,online_inference,genai,true,1.0,206141652992,10.0,1.0,,56.3974609375,0.14498555555555503,0.23308831285547324,true,193,8,0,23
03b0b97d940d2adb2470d08839a5e3ed,,1ec5099faf9355996f972efaa1e1322f,6d5f55ee85c1bb785b2cba94ef7545b3,Unknown,XPU-A,8,192,HP,online_inference,rec,false,1.0,206141652992,16.0,1.0,,21.780975341796875,0.053732118055555035,0.06474820839034187,true,0,-1,0,23
05f6d0d6bce717ea9de8e34bae5c405f,,6e711ea7e116d7c3225cb66871dfe45c,da8d7fb8796ea962e14eef38624d8059,Unknown,A10,1,128,HP,online_inference,cv,false,0.25,6036652032,4.0,0.25,,2.5234375,0.05186736111111613,0.7522268131555562,true,0,8,0,23
0c05a751492b83e6ce67e8543717414b,4b4c74ccc3bd16c3aa2dbc19e63df4c1,4f78af50d91daf2ed8d3ba5636c558e1,87532e3737169e035fad3c9f3ab7f85e,Unknown,H20,8,192,HP,online_inference,unknown,false,1.0,102625181696,32.0,1.0,0.0,78.984375,0.0032492187500000047,0.07399169620540406,true,131,32,0,23
16076b08d5e197e5f841e4631ee34e8a,,1522f58fbd01819ccf906ac421cdbdbb,1f28e063c4e5e1bc48ff55269617dd2f,Unknown,H20,8,192,HP,online_inference,genai,false,1.0,102625181696,8.0,1.0,3.1931417962962954,15.80865478515625,0.10943051030353466,0.14742923489323367,true,0,-1,0,23
2304e94409869da9f2797f8ea4cd9eb9,4d4d86504a9a704c4e81d5cdcce90924,75e87e987aace22d1322614fa769b8f6,4d6f06d02df4e9de96966a73d9e8a4dd,Unknown,XPU-B,1,192,HP,online_inference,rec,false,1.0,51136954368,24.0,1.0,18.884008404572032,9.022705078125,0.04094872685185419,0.08535543212184202,true,122,-1,0,23
43ed0b780bb342e9c3896147145e5e5f,57890330a4f0f6875c8d764d644a340c,28fd821e5bea27ce0cb21c497cb80175,4d6f06d02df4e9de96966a73d9e8a4dd,Unknown,XPU-D,8,192,HP,online_inference,genai,true,1.0,102676561920,4.0,1.0,2.9268299519859227,94.070556640625,0.024988888888890656,0.18682467566596148,true,14,16,0,23
6033552fa60d4f4c9217a7ffedbd6ffd,7ade0706a30d592bfb3837037fad9c26,08a92824ccfe28f67c46e5cd33a26f05,6d5f55ee85c1bb785b2cba94ef7545b3,Unknown,XPU-E,16,192,HP,online_inference,genai,true,1.0,102676561920,4.0,1.0,38.84523177546299,94.894287109375,0.2569381944444448,0.15218933105468754,true,124,15,0,23
69536686f027c0e96939f9d3cac427c3,,9d193cbe36c139b2394989f6d0f053b4,70870b9abdf0a944615e4987e21869b3,Unknown,L20,2,192,HP,online_inference,rec,false,1.0,48305799168,80.0,1.0,1.9273286481481477,42.630859375,0.06540666666665737,0.560174970626831,true,0,268,0,23
9c09fb142ed1e56da3875bad578bb077,d433c11dd9bdccf39678715f3ad17b22,f0fa3a7a3386f9ac198cef24f7776fc3,2f9611355f71fe804da2606899ddfb36,Unknown,XPU-B,8,192,HP,online_inference,rec,false,1.0,51136954368,48.0,1.0,14.740353267410946,4.28125,0.12960422453703896,0.05433642034177429,true,70,16,0,23
9fd9d0f2559d0826bc0895f6fb01831c,,68e43827cb9d1d4b2de646a00351fb3c,70870b9abdf0a944615e4987e21869b3,Unknown,L20,2,192,HP,online_inference,rec,false,1.0,48305799168,48.0,1.0,0.010326851851851851,8.576171875,0.04759050925925733,0.29412087579568236,true,0,-1,0,23
bab13e21b8deb4712d37d19e79c706eb,,03a5ed299a1424a490c4b7b85ea8f4a3,3f39b4b673832cdb370477e6042ec0a7,Unknown,L20,2,192,HP,online_inference,unknown,false,0.08,4000000000,1.0,0.08,,1.9296875,0.04502499999999094,0.22061872545185182,true,0,-1,0,23
c56f40de4aefddcc3f104670f130cd2b,58beb858ad9e7cb9e8f922eb0f147ec0,10fb2f28e985e9ce9add45ca4b396edd,2f9611355f71fe804da2606899ddfb36,Unknown,A800,8,128,HP,online_inference,genai,true,1.0,85899345920,4.0,1.0,3.012590499999999,79.12109375,0.022204166666666022,0.10792456662213361,true,150,45,0,23
d1f1a504f1ed38a79a60b4482f58cf11,d4541e394ac5d1f985985e025781345e,2c6aa56d640a432efce9172959867e52,2f9611355f71fe804da2606899ddfb36,Unknown,XPU-B,1,192,HP,online_inference,rec,false,1.0,51136954368,52.0,1.0,4.861633244284951,10.8193359375,0.08071100427350227,0.5570788846871793,true,1155,-1,0,23
ee54566a7a14f63c464790b0c790b188,befcc0dafa932acb509ef5a827d4f3bd,08455af6b607f1e3791b7c08c903bce4,6d5f55ee85c1bb785b2cba94ef7545b3,Unknown,XPU-E,16,192,HP,online_inference,rec,false,1.0,102676561920,12.0,1.0,5.287184699404763,28.59375,0.12150532407408018,0.0975928852293226,true,1,-1,0,23
eebfb41947b32fae9b1d8cf4ad69efe2,5df4150c2de553b3c69af7c985bca5e0,0cf7a66b27a2f987f9992474152c4350,2f9611355f71fe804da2606899ddfb36,Unknown,A100,8,128,Other,other,unknown,false,1.0,85899345920,12.0,0.2222222222222222,0.0,0.0,0.02151388888888889,0.0007592500784458262,true,0,418,0,09
1489aa5021f0aa0d51ab03830f6ace2a,4cb1b03baa49dcc1f2d196c4d81289d0,4341326a5554d43904903d19d7d263ac,87532e3737169e035fad3c9f3ab7f85e,Unknown,L20,2,192,Other,other,unknown,false,1.0,48305799168,12.0,0.4444444444444444,0.0,0.0,0.051035173160173156,0.00033706579452905897,true,176,1127,0,10
2dbcd35e5471f421ecb5ee0634f6c238,3657e214cd0b993c6b4f54dce95b0db9,428f8e25515baf5b335ea420e609aa99,2f9611355f71fe804da2606899ddfb36,Unknown,A10,1,128,Other,other,unknown,false,1.0,23836098560,12.0,0.07777777777777778,0.9753223076923079,1.1325120192307694,0.19118181818181815,0.040970499316851296,true,0,10,0,10
31459eb78c085b2a067c0f125c391b60,b21593ede0a868183844cadaf1782b1d,428f8e25515baf5b335ea420e609aa99,2f9611355f71fe804da2606899ddfb36,Unknown,A10,1,128,Other,other,unknown,false,1.0,23836098560,12.0,0.5333333333333333,0.0,0.05248972039473685,0.02851792114695341,0.009097350540981498,true,0,6,0,10
605d68fd903c1a31a5806eba5828d79f,8a406f105c749d812d9080725ab164b8,ef3bf390163529f4c4d5f90cb65354fb,87532e3737169e035fad3c9f3ab7f85e,Unknown,L20,2,192,Other,other,unknown,false,1.0,48305799168,12.0,0.9277777777777778,0.0,0.0,0.0039368686868686865,0.0009317007845271372,true,59,19,0,10
b83f13c7346b19e00746887af4c04bb2,486f5f4586a45398a5d1c1f5c1ee9573,fbdc538b7b5d5369ff860f90277418a1,2f9611355f71fe804da2606899ddfb36,Unknown,A100,8,128,Other,other,unknown,false,1.0,85899345920,12.0,0.7944444444444444,1.0319843356643357,1.5878346263111887,0.06402718676122934,0.004231319560871258,true,0,17,0,10
eebfb41947b32fae9b1d8cf4ad69efe2,5df4150c2de553b3c69af7c985bca5e0,0cf7a66b27a2f987f9992474152c4350,2f9611355f71fe804da2606899ddfb36,Unknown,A100,8,128,Other,other,unknown,false,1.0,85899345920,12.0,0.2,24.527226250000002,45.135107421875,0.17179398148148145,0.00713169464358577,true,0,418,0,10
00e6c69353ae71a4c59781e7307d6cdf,ec57610ab444d14bbd4ced4f3b4c5271,2605eb6be4dee95ebc51de0fed8fe265,2f9611355f71fe804da2606899ddfb36,Unknown,A10,1,128,Other,other,unknown,false,1.0,23836098560,12.0,0.12777777777777777,0.0,0.0,4.166666666666667e-05,1.72421552132869e-06,true,1,355,0,11
1489aa5021f0aa0d51ab03830f6ace2a,4cb1b03baa49dcc1f2d196c4d81289d0,4341326a5554d43904903d19d7d263ac,87532e3737169e035fad3c9f3ab7f85e,Unknown,L20,2,192,Other,other,unknown,false,1.0,48305799168,12.0,0.12777777777777777,3.5005049999999995,4.189345703124999,0.4786467391304347,0.008757743282594542,true,176,1127,0,11
5c4390d9f2bd2180ece36870ad08ce26,8a07050bb81f894b55262e3141eddac1,2774aa234c9100522580059c04471a1a,87532e3737169e035fad3c9f3ab7f85e,Unknown,L20,2,192,Other,other,unknown,false,1.0,48305799168,12.0,0.6333333333333333,0.0,0.0,0.014507132132132132,0.0017403832503727504,true,30,11,0,11
605d68fd903c1a31a5806eba5828d79f,8a406f105c749d812d9080725ab164b8,ef3bf390163529f4c4d5f90cb65354fb,87532e3737169e035fad3c9f3ab7f85e,Unknown,L20,2,192,Other,other,unknown,false,1.0,48305799168,12.0,0.17777777777777778,0.0,0.0,0.00012634408602150507,0.0006417433420817058,true,59,19,0,11
6da3421d97357a3554afde85436cb8cd,8dff22d93368434b72386d0666dc5273,428f8e25515baf5b335ea420e609aa99,2f9611355f71fe804da2606899ddfb36,Unknown,A10,1,128,Other,other,unknown,false,1.0,23836098560,12.0,0.48333333333333334,0.0017263095238095234,0.1949497767857143,0.07332800387596898,0.009117581816606744,true,0,10,0,11
ad34c0783d49c9b2209c410c7f09b560,e9b792a3446f3bdd383646135c380313,de5115b54019e0753e69c27e7fac59d4,2f9611355f71fe804da2606899ddfb36,Unknown,A10,1,128,Other,other,unknown,false,1.0,23836098560,12.0,0.11666666666666667,,,5.263157894736842e-05,1.25567118326823e-06,true,0,356,0,11
b83f13c7346b19e00746887af4c04bb2,486f5f4586a45398a5d1c1f5c1ee9573,fbdc538b7b5d5369ff860f90277418a1,2f9611355f71fe804da2606899ddfb36,Unknown,A100,8,128,Other,other,unknown,false,1.0,85899345920,12.0,1.0,0.0,0.0,2.1296296296298e-05,0.0006463744022228114,true,0,17,0,11
d829086ac5d233cbafdb978724dcda63,47be3122b6ee3697a9c9e1c7f7bf5d32,428f8e25515baf5b335ea420e609aa99,2f9611355f71fe804da2606899ddfb36,Unknown,A10,1,128,Other,other,unknown,false,1.0,23836098560,12.0,0.11666666666666667,,,4.583333333333334e-05,1.03314717610677e-06,true,0,335,0,11
fa1290a3cd46e5e019953469c0fd343c,3fbd1e3b7d76cae0f5bd2a156125b8c7,428f8e25515baf5b335ea420e609aa99,2f9611355f71fe804da2606899ddfb36,Unknown,A10,1,128,Other,other,unknown,false,1.0,23836098560,12.0,0.022222222222222223,,,0.0,1.03314717610677e-06,true,191,6,0,11
0b494e336696c11ba3e400f9d5f467f9,,8a6a839e3b34d995919738fee4f2a512,87532e3737169e035fad3c9f3ab7f85e,Unknown,L20,2,192,Other,other,unknown,false,1.0,48305799168,12.0,0.13333333333333333,,,1.630434782608696e-05,1.27156575520833e-06,true,1511,414,0,12
1cb09955fd8cbd4a1584cd58c93e1631,d06d13f52683f7dfd570f2c16668c515,db699925d93157817e03c04fa8fcda57,87532e3737169e035fad3c9f3ab7f85e,Unknown,L20,2,192,Other,other,unknown,false,1.0,48305799168,12.0,0.1,,,1.5625e-05,1.58945719401042e-06,true,1378,243,0,12
2439b54d187fc2636fb572f61889de0d,847a1f2058eaa99873bfeb165f0957b2,e3901941535dd14a141e54e2b9c5e6ac,87532e3737169e035fad3c9f3ab7f85e,Unknown,L20,2,192,Other,other,unknown,false,1.0,48305799168,12.0,0.1,0.0,0.0,0.0,9.5367431640625e-07,true,1511,336,0,12
4950426bbf51d2d90237a45b957bca62,,2ad750585825cf6538fd7af9cbbe9dd6,87532e3737169e035fad3c9f3ab7f85e,Unknown,L20,2,192,Other,other,unknown,false,1.0,48305799168,12.0,0.1,,,2.696078431372549e-05,9.8458042851201e-07,true,1512,269,0,12
5c4390d9f2bd2180ece36870ad08ce26,8a07050bb81f894b55262e3141eddac1,2774aa234c9100522580059c04471a1a,87532e3737169e035fad3c9f3ab7f85e,Unknown,L20,2,192,Other,other,unknown,false,1.0,48305799168,12.0,0.43333333333333335,0.0,0.0,0.00011805555555555445,0.0007254190934010041,true,30,11,0,12
87858f87a99b1bca77bf7b80f00d1e3a,4630a9b0c59600c0e0b667ae3910be28,428f8e25515baf5b335ea420e609aa99,2f9611355f71fe804da2606899ddfb36,Unknown,A10,1,128,Other,other,unknown,false,1.0,23836098560,12.0,0.05555555555555555,0.0,0.0,0.0364702380952381,0.0025430992245674133,true,1,7,0,12
a0d040fb6d2e48a7bb69dfb37cf8a83e,,4c6f0c1da6377829c69b413dbe190d3b,2f9611355f71fe804da2606899ddfb36,Unknown,A10,1,128,Other,other,unknown,false,1.0,23836098560,12.0,0.5,0.0022423076923076923,0.08740234375,0.0015308988764044945,0.00014265467611591467,true,0,1560,0,12
b83f13c7346b19e00746887af4c04bb2,486f5f4586a45398a5d1c1f5c1ee9573,fbdc538b7b5d5369ff860f90277418a1,2f9611355f71fe804da2606899ddfb36,Unknown,A100,8,128,Other,other,unknown,false,1.0,85899345920,12.0,0.5166666666666667,0.0,0.0,2.553763440860947e-05,0.0006330389275773022,true,0,17,0,12
a0d040fb6d2e48a7bb69dfb37cf8a83e,,4c6f0c1da6377829c69b413dbe190d3b,2f9611355f71fe804da2606899ddfb36,Unknown,A10,1,128,Other,other,unknown,false,1.0,23836098560,12.0,0.45555555555555555,0.0,0.0,3.555255007437267e-05,0.00035131486450753563,true,0,1560,0,13
b9ae56e86b15217769984dade685a019,d7ada08f884f0b90e9a30340da2b83d3,f58c096fb16104c4f9deee79419dcd50,2f9611355f71fe804da2606899ddfb36,Unknown,A10,1,128,Other,other,unknown,false,1.0,24146608128,12.0,0.34444444444444444,0.0,0.0,0.0,7.7486038208008e-07,true,0,1238,0,13
fae093d1429921235a09da1e5a50cd4d,7bf4a12bca7fd70b2f86a918bc388966,e9f4354a26001a25feaa59b2c9111257,2f9611355f71fe804da2606899ddfb36,Unknown,A100,8,128,Other,other,unknown,false,1.0,85899345920,12.0,0.044444444444444446,0.0,0.0,0.028383333333333333,0.001101129584842258,true,0,9,0,13
fae54461a5a28860973d3aa58b6c371b,,5d7be69e2ce1c19ea762bb91a525ce05,87532e3737169e035fad3c9f3ab7f85e,Unknown,L20,2,192,Other,other,unknown,false,1.0,48305799168,12.0,0.2833333333333333,0.0,0.0,0.07637583333333335,0.0013846681008931078,true,0,13,0,13
094b47e19b173e86869b52ca07b00b9a,9ba931b4a6bbb6456356e3274ddc7738,428f8e25515baf5b335ea420e609aa99,2f9611355f71fe804da2606899ddfb36,Unknown,A10,1,128,Other,other,unknown,false,1.0,23836098560,12.0,0.43333333333333335,3.6400771794871796,1.5121920072115387,0.18292888888888892,0.0058179285965467755,true,0,7,0,14
0c021ac0eddfcc7ca2bf3f948995b2e6,,4048b8079fe8e141e07f5a1a4a2556a7,87532e3737169e035fad3c9f3ab7f85e,Unknown,L20,2,192,Other,other,unknown,false,1.0,48305799168,12.0,0.07777777777777778,24.39447612244898,0.8981026785714287,0.28282196969696977,0.00323950160633434,true,0,11,0,14
44447fbe44ba39647a45b2284911649b,,904482f4dfe2ac228b8c2e511fa1f561,87532e3737169e035fad3c9f3ab7f85e,Unknown,L20,2,192,Other,other,unknown,false,1.0,48305799168,12.0,0.19444444444444445,0.007787058823529412,0.2227194393382353,0.15374088541666664,0.005393428031844323,true,1,12,0,14
528ef93d198cae723acbfc7705c1dbc5,5afad454d98d9d1f499ac90054b5d597,f8ae8d53f03f98544475e8c3d4b7f92d,87532e3737169e035fad3c9f3ab7f85e,Unknown,L20,2,192,Other,other,unknown,false,1.0,48305799168,12.0,0.7444444444444445,0.0,0.0,0.010438762626262619,0.0012067816311255445,true,0,12,0,14
8ca4bd9475202149e28f527f734a94c2,b5d50644436ea32c744af0f9f815b1ea,9e5f73dd72f9bf5d77c2939d2c73fd86,2f9611355f71fe804da2606899ddfb36,Unknown,A10,1,128,Other,other,unknown,false,1.0,23836098560,12.0,0.06666666666666667,0.0,0.0,0.06472083333333334,0.0010593473911285401,true,0,8,0,14
b9ae56e86b15217769984dade685a019,d7ada08f884f0b90e9a30340da2b83d3,f58c096fb16104c4f9deee79419dcd50,2f9611355f71fe804da2606899ddfb36,Unknown,A10,1,128,Other,other,unknown,false,1.0,24146608128,12.0,0.2111111111111111,2.372564117647059,1.2299747242647057,0.29135247747747756,0.002782512042257521,true,0,1238,0,14
e7d863cd5bfec378f8b1dea3dcd683fc,aefe7997c7211c82f928855849fb5dbb,90f8d81582e901714d3a0875041ef4ee,9089d80baea5f56a3c169801052daa1f,Unknown,XPU-C,2,192,Other,other,unknown,false,1.0,51539607552,12.0,0.9222222222222223,,,0.0,0.0,false,0,-1,0,14
fae54461a5a28860973d3aa58b6c371b,,5d7be69e2ce1c19ea762bb91a525ce05,87532e3737169e035fad3c9f3ab7f85e,Unknown,L20,2,192,Other,other,unknown,false,1.0,48305799168,12.0,0.7833333333333333,0.4252169852941176,0.4179831112132353,0.025048463356973975,0.002589455733062527,true,0,13,0,14
528ef93d198cae723acbfc7705c1dbc5,5afad454d98d9d1f499ac90054b5d597,f8ae8d53f03f98544475e8c3d4b7f92d,87532e3737169e035fad3c9f3ab7f85e,Unknown,L20,2,192,Other,other,unknown,false,1.0,48305799168,12.0,0.35555555555555557,0.0,0.0,0.0001809895833333316,0.0006251223385334015,true,0,12,0,15
80ad9606f9d47c40b07bdb5ac86a5531,66fc180f4f8f186926860adc5f5e12be,7edd65ed80143f804d2c9a43c7ce03f6,87532e3737169e035fad3c9f3ab7f85e,Unknown,L20,2,192,Other,other,unknown,false,1.0,48305799168,12.0,0.03333333333333333,0.0,0.0,0.14565,0.0013139512803819447,true,0,14,0,15
9b527db2473aca9f4a5306832a160cf9,68ad51544e4ce657fbb43438be3606e0,428f8e25515baf5b335ea420e609aa99,2f9611355f71fe804da2606899ddfb36,Unknown,A10,1,128,Other,other,unknown,false,1.0,23836098560,12.0,0.5166666666666667,0.001010967741935484,0.2108240927419355,0.07158935185185182,0.01274947718386248,true,0,7,0,15
c477712f696757948f9a3e531fdc2018,8334e629a87226fbda40a8cfe2e1a23c,0828e0ecd2c22396103db38f6c42f61c,87532e3737169e035fad3c9f3ab7f85e,Unknown,L20,2,192,Other,other,unknown,false,1.0,48305799168,12.0,0.42777777777777776,0.7000326408450703,1.0774101149867958,0.2723344748858449,0.007965605538170618,true,0,13,0,15
c645ca1c347a2291f8336afc57718e24,eba92de8f873b752d7b5eceb103ac47c,70d812660496bd1175d6de3dfb2c8ca3,2f9611355f71fe804da2606899ddfb36,Unknown,A10,1,128,Other,other,unknown,false,1.0,24146608128,12.0,0.1,1.2746875,0.7271484375,0.16446614583333333,0.011768147349357605,true,0,9,0,15
e7d863cd5bfec378f8b1dea3dcd683fc,aefe7997c7211c82f928855849fb5dbb,90f8d81582e901714d3a0875041ef4ee,9089d80baea5f56a3c169801052daa1f,Unknown,XPU-C,2,192,Other,other,unknown,false,1.0,51539607552,12.0,1.0,,,0.0,0.0,false,0,-1,0,15
4e88ceb62bb2187c44c150cda4a655da,,ff93ee470f474fff77f5c20e28fffa33,87532e3737169e035fad3c9f3ab7f85e,Unknown,L20,2,192,Other,other,unknown,false,1.0,48305799168,12.0,0.3611111111111111,0.0,0.0,0.045300925925925925,0.003516357392072677,true,177,14,0,16
5ce5dcc1c0882f0da8535f77ce401748,2c65cb5ff0b814f429d947f02f4d965b,9ab0142d815174c7468c2de0126606b4,87532e3737169e035fad3c9f3ab7f85e,Unknown,L20,2,192,Other,other,unknown,false,1.0,48305799168,12.0,0.2611111111111111,1.354986976744186,0.6850023846293605,0.24763858695652174,0.004836970481319704,true,0,11,0,16
752b0180c97e452fdd503331206c3b7b,de3696991099ed7898a1e6b3f41d182d,f135e9d8354a129093700f7f48c8ef7f,87532e3737169e035fad3c9f3ab7f85e,Unknown,L20,2,192,Other,other,unknown,false,1.0,48305799168,12.0,0.16111111111111112,0.0,0.0,0.12647993827160495,0.005767041728610084,true,0,14,0,16
86c40d7c171a1cdfef411b15c389faba,cfb608726fb623af8d245a22b23d39ad,90f8d81582e901714d3a0875041ef4ee,9089d80baea5f56a3c169801052daa1f,Unknown,XPU-C,2,192,Other,other,unknown,false,1.0,51539607552,12.0,0.2777777777777778,,,0.0,0.0,false,60,-1,0,16
96cb7d013d580dd5beae1275180e91dc,3adaaf1e7dd5bc10c10c38f6774c8f06,1aed9175c43a9323335de33e90f1e76d,9089d80baea5f56a3c169801052daa1f,Unknown,XPU-C,2,192,Other,other,unknown,false,1.0,51539607552,12.0,0.11666666666666667,,,0.0,0.0,false,165,-1,0,16
9dc8bf872ff284ba39744075ad6bc847,,0828e0ecd2c22396103db38f6c42f61c,87532e3737169e035fad3c9f3ab7f85e,Unknown,L20,2,192,Other,other,unknown,false,1.0,48305799168,12.0,0.2,0.576474592760181,0.9876824978789592,0.38276641414141416,0.028563553211735745,true,42,11,0,16
dfbef67d89ef4baf4c75255541ed94ec,5f6d7d6e1d353f0d98c060fc96934c02,68f6f08aee7e3ad2eee45ac4b60e097a,87532e3737169e035fad3c9f3ab7f85e,Unknown,L20,2,192,Other,other,unknown,false,1.0,48305799168,12.0,0.4222222222222222,0.6054431578947369,0.46956512049624805,0.060242680180180176,0.0045455264615583005,true,176,18,0,16
e7d863cd5bfec378f8b1dea3dcd683fc,aefe7997c7211c82f928855849fb5dbb,90f8d81582e901714d3a0875041ef4ee,9089d80baea5f56a3c169801052daa1f,Unknown,XPU-C,2,192,Other,other,unknown,false,1.0,51539607552,12.0,0.5444444444444444,,,0.0,0.0,false,0,-1,0,16
0e259bf0129a023da84a68cc42834e3b,,fd12e9c27841499e738efa8a940f07fd,87532e3737169e035fad3c9f3ab7f85e,Unknown,L20,2,192,Other,other,unknown,false,1.0,48305799168,12.0,0.5,1.242465483870968,1.9367327290196572,0.14218219118532766,0.0022786494457360455,true,0,1111,0,17
203610810a244c91a49c3035e5c1b62c,6baf97ec5bea1ce21192d8bc0edaad68,b7d107338b5fbce63e743969ce98432e,9089d80baea5f56a3c169801052daa1f,Unknown,XPU-C,2,192,Other,other,unknown,false,1.0,51539607552,12.0,0.21666666666666667,,,0.0,0.0,false,120,-1,0,17
4e88ceb62bb2187c44c150cda4a655da,,ff93ee470f474fff77f5c20e28fffa33,87532e3737169e035fad3c9f3ab7f85e,Unknown,L20,2,192,Other,other,unknown,false,1.0,48305799168,12.0,0.7055555555555556,0.0,0.0,0.003141404199475069,0.000817860831113001,true,177,14,0,17
5bbf2e20d33f67eed6c314880c526686,,ec9d68b856aa91590aea71e4b84d5371,87532e3737169e035fad3c9f3ab7f85e,Unknown,L20,2,192,Other,other,unknown,false,1.0,48305799168,12.0,0.2833333333333333,0.8299074509803923,1.034261037789139,0.09583588435374148,0.006143069267272948,true,103,11,0,17
752b0180c97e452fdd503331206c3b7b,de3696991099ed7898a1e6b3f41d182d,f135e9d8354a129093700f7f48c8ef7f,87532e3737169e035fad3c9f3ab7f85e,Unknown,L20,2,192,Other,other,unknown,false,1.0,48305799168,12.0,0.9222222222222223,0.9628898192771084,0.7826708598309254,0.027895833333333293,0.002895550076741295,true,0,14,0,17
954c4d62fb78a3c556e75c965d807dcd,,1aed9175c43a9323335de33e90f1e76d,9089d80baea5f56a3c169801052daa1f,Unknown,XPU-C,2,192,Other,other,unknown,false,1.0,51539607552,12.0,0.08333333333333333,,,0.0,9.5367431640625e-07,,,,0,17
96cb7d013d580dd5beae1275180e91dc,3adaaf1e7dd5bc10c10c38f6774c8f06,1aed9175c43a9323335de33e90f1e76d,9089d80baea5f56a3c169801052daa1f,Unknown,XPU-C,2,192,Other,other,unknown,false,1.0,51539607552,12.0,0.9055555555555556,,,0.0,0.0,false,165,-1,0,17
ccf55f0c355e71e7465b0243db4519c9,3dc000aa8cdf1d0f15e42e68357486a2,66ced8c2cdb383ffc3e7820c4ad311d8,87532e3737169e035fad3c9f3ab7f85e,Unknown,L20,2,192,Other,other,unknown,false,1.0,48305799168,12.0,0.5388888888888889,1.6056061855670103,1.6754022499949663,0.09506810035842293,0.008297379980696006,true,0,14,0,17
dfbef67d89ef4baf4c75255541ed94ec,5f6d7d6e1d353f0d98c060fc96934c02,68f6f08aee7e3ad2eee45ac4b60e097a,87532e3737169e035fad3c9f3ab7f85e,Unknown,L20,2,192,Other,other,unknown,false,1.0,48305799168,12.0,0.4388888888888889,0.5746843421052631,0.5075739609567742,0.24025316455696208,0.006028649173205413,true,176,18,0,17
203610810a244c91a49c3035e5c1b62c,6baf97ec5bea1ce21192d8bc0edaad68,b7d107338b5fbce63e743969ce98432e,9089d80baea5f56a3c169801052daa1f,Unknown,XPU-C,2,192,Other,other,unknown,false,1.0,51539607552,12.0,1.0,,,0.0,0.0,false,120,-1,0,18
3643e8bc2c5f1ac53f38e26aa23670c7,,d12096adfa92a29249122746815a52ad,2f9611355f71fe804da2606899ddfb36,Unknown,XPU-B,1,192,Other,other,unknown,false,1.0,51539607552,12.0,0.5333333333333333,0.0,0.0,0.0012226702508960567,0.0005207965248509457,,,,0,18
5bbf2e20d33f67eed6c314880c526686,,ec9d68b856aa91590aea71e4b84d5371,87532e3737169e035fad3c9f3ab7f85e,Unknown,L20,2,192,Other,other,unknown,false,1.0,48305799168,12.0,0.7888888888888889,0.0,0.0,0.00014730046948356745,0.0007234940506482908,true,103,11,0,18
804c1497f9fa6e56a664747dec360c34,d1bde6af347717d0cf576b593819ac49,07e8106a8380cc50079756ae2d10e223,2f9611355f71fe804da2606899ddfb36,Unknown,XPU-B,8,192,Other,other,unknown,false,1.0,51136954368,12.0,0.005555555555555556,,,,,true,3563,575,0,18
954c4d62fb78a3c556e75c965d807dcd,,1aed9175c43a9323335de33e90f1e76d,9089d80baea5f56a3c169801052daa1f,Unknown,XPU-C,2,192,Other,other,unknown,false,1.0,51539607552,12.0,0.9055555555555556,0.0,0.002058569785276074,0.00301661554192229,0.000905810323960942,,,,0,18
b87d2a2774032033fecca458b790c8eb,2db4a6eb091cbd1b26421b89e5c752df,e6833b74656b80858b7e149c80c4243e,2f9611355f71fe804da2606899ddfb36,Unknown,XPU-B,8,192,Other,other,unknown,false,1.0,51136954368,12.0,0.2111111111111111,0.08251117647058825,0.3598532284007353,0.047732142857142855,0.015881467196676467,true,2317,351,0,18
c0ff8fee1996067c47b5b2b1d5e82930,,c452678584aaed035cc9b7ba1f448432,87532e3737169e035fad3c9f3ab7f85e,Unknown,L20,2,192,Other,other,unknown,false,1.0,48305799168,12.0,0.5722222222222222,2.3833152427184467,1.5763287886832527,0.06598267326732674,0.006263196857926111,true,1,14,0,18
ccf55f0c355e71e7465b0243db4519c9,3dc000aa8cdf1d0f15e42e68357486a2,66ced8c2cdb383ffc3e7820c4ad311d8,87532e3737169e035fad3c9f3ab7f85e,Unknown,L20,2,192,Other,other,unknown,false,1.0,48305799168,12.0,0.17777777777777778,1.393991612903226,1.6926930089150707,0.43278255208333327,0.009718246757984161,true,0,14,0,18
e42032f683bd315c1b3f687b0d63ab8e,46fea1478c5ad95818bd42ba5faf36bc,d12096adfa92a29249122746815a52ad,2f9611355f71fe804da2606899ddfb36,Unknown,XPU-B,1,192,Other,other,unknown,false,1.0,51539607552,12.0,0.3888888888888889,0.006215555555555555,0.26867540147569446,0.021247512437810947,0.0035077578881207634,true,147,1005,0,18
203610810a244c91a49c3035e5c1b62c,6baf97ec5bea1ce21192d8bc0edaad68,b7d107338b5fbce63e743969ce98432e,9089d80baea5f56a3c169801052daa1f,Unknown,XPU-C,2,192,Other,other,unknown,false,1.0,51539607552,12.0,1.0,,,0.0,0.0,false,120,-1,0,19
37f722c45d4dcdd69681e8ae1521bdf3,a0df0e775b15b35455f490b2eeb4e6c3,de5115b54019e0753e69c27e7fac59d4,2f9611355f71fe804da2606899ddfb36,Unknown,A10,1,128,Other,other,unknown,false,1.0,23836098560,12.0,0.17777777777777778,0.11218874999999999,0.057305908203125,0.031338888888888895,0.004092995462746456,false,0,-1,0,19
3d0ca68ce2d9e71d7965cadc8d85dcfc,d92ee43e5aa48c52c80f4065596f5d68,85c6f7b9d7cd61b90de38a04e52673b0,2f9611355f71fe804da2606899ddfb36,Unknown,XPU-B,1,192,Other,other,unknown,false,1.0,51136954368,12.0,0.5333333333333333,0.0,0.0,0.0015981182795698936,0.00029869105226250104,false,542,-1,0,19
41c879e3382faca30c0e2ef878eb12a6,39675bc3002669b05fa29df7b33ee5f5,71500a475786f628add1f88741b7edd1,9089d80baea5f56a3c169801052daa1f,Unknown,XPU-C,2,192,Other,other,unknown,false,1.0,51539607552,12.0,0.10555555555555556,,,2.60416666666667e-06,7.8537884880515e-07,false,0,-1,0,19
429297d181d1852890269ac82d8c4dc8,9bc433ac19cb20a2fca5a04d3d504fda,9ab0142d815174c7468c2de0126606b4,87532e3737169e035fad3c9f3ab7f85e,Unknown,L20,2,192,Other,other,unknown,false,1.0,48305799168,12.0,0.13333333333333333,0.0,0.0,2.976190476190477e-05,1.35826342033617e-06,true,0,434,0,19
5754e997335e713e0ac7e0d675070d86,,428f8e25515baf5b335ea420e609aa99,2f9611355f71fe804da2606899ddfb36,Unknown,A10,1,128,Other,other,unknown,false,1.0,23836098560,12.0,0.044444444444444446,0.034749999999999996,0.0,0.03266666666666666,0.001371463139851888,,,,0,19
762d1d3914f7c5389851e1690731d900,,b26bcbf20d567a3e06c9a81ffff721e9,9089d80baea5f56a3c169801052daa1f,Unknown,XPU-C,2,192,Other,other,unknown,false,1.0,51539607552,12.0,0.3277777777777778,0.0,0.015115017361111113,0.015100146198830407,0.0015808971304642526,,,,0,19
7ed35ae4db36c0528500785d92fb8dd6,d92ee43e5aa48c52c80f4065596f5d68,e6833b74656b80858b7e149c80c4243e,2f9611355f71fe804da2606899ddfb36,Unknown,XPU-B,8,192,Other,other,unknown,false,1.0,51136954368,12.0,0.28888888888888886,0.0,0.0,0.0026166666666666673,0.0005413627624511718,true,309,7,0,19
804c1497f9fa6e56a664747dec360c34,d1bde6af347717d0cf576b593819ac49,07e8106a8380cc50079756ae2d10e223,2f9611355f71fe804da2606899ddfb36,Unknown,XPU-B,8,192,Other,other,unknown,false,1.0,51136954368,12.0,0.2611111111111111,0.080934572036151,0.1980008763623073,0.027752777777777776,0.010418234959892605,true,3563,575,0,19
87bc86044cd7c8940f27837a5390ccd5,29dc063f9ea8bd85bc4c6f8094d274ec,428f8e25515baf5b335ea420e609aa99,2f9611355f71fe804da2606899ddfb36,Unknown,A10,1,128,Other,other,unknown,false,1.0,23836098560,12.0,0.3,0.27133666666666667,0.07472873263888889,0.029589052287581696,0.0036615878343582153,true,0,6,0,19
954c4d62fb78a3c556e75c965d807dcd,,1aed9175c43a9323335de33e90f1e76d,9089d80baea5f56a3c169801052daa1f,Unknown,XPU-C,2,192,Other,other,unknown,false,1.0,51539607552,12.0,0.11666666666666667,0.0,0.021899414062499997,0.03945833333333334,0.001536545299348377,,,,0,19
9f4fab0c2cad1fb35969ab164b5b8ebd,3fe6280fe3fc159f7136da6a87d078a4,5d7be69e2ce1c19ea762bb91a525ce05,87532e3737169e035fad3c9f3ab7f85e,Unknown,L20,2,192,Other,other,unknown,false,1.0,48305799168,12.0,0.16666666666666666,0.5178296666666666,0.2511848958333333,0.07845833333333331,0.008967777093251545,true,0,8,0,19
bcc5bfcfd73ef5a7e4a60f6a4567569c,f6250d0a6cd7ba8819d79e03c17de090,5d7be69e2ce1c19ea762bb91a525ce05,87532e3737169e035fad3c9f3ab7f85e,Unknown,L20,2,192,Other,other,unknown,false,1.0,48305799168,12.0,0.06111111111111111,0.0,0.0,0.033953125,0.002292120898211444,false,0,-1,0,19
c0ff8fee1996067c47b5b2b1d5e82930,,c452678584aaed035cc9b7ba1f448432,87532e3737169e035fad3c9f3ab7f85e,Unknown,L20,2,192,Other,other,unknown,false,1.0,48305799168,12.0,0.2,1.1840196774193548,1.4785356583133822,0.3550416666666665,0.011121092019257723,true,1,14,0,19
c771bdff0db6902a076cd839f5d1ed8f,f91401d7457fcb50cf7b691ffef84a93,c4e46918f68dd28daf4b4dfbce799daa,2f9611355f71fe804da2606899ddfb36,Unknown,A10,1,128,Other,other,unknown,false,1.0,23836098560,12.0,0.12777777777777777,,,2.083333333333333e-05,1.03314717610677e-06,true,0,450,0,19
cc8b2fb89b2b9bea84813a358e64cbcd,30df064b3e463cc4bbdc3b8d8dd30114,bbde2d6c6293fc19406b92da6bf7878c,1f28e063c4e5e1bc48ff55269617dd2f,Unknown,XPU-E,16,192,Other,other,unknown,false,1.0,102676561920,12.0,0.6111111111111112,0.0,0.0,0.0008252314814814815,0.00047396246446382013,true,0,308,0,19
203610810a244c91a49c3035e5c1b62c,6baf97ec5bea1ce21192d8bc0edaad68,b7d107338b5fbce63e743969ce98432e,9089d80baea5f56a3c169801052daa1f,Unknown,XPU-C,2,192,Other,other,unknown,false,1.0,51539607552,12.0,1.0,,,0.0,0.0,false,120,-1,0,20
7ed35ae4db36c0528500785d92fb8dd6,d92ee43e5aa48c52c80f4065596f5d68,e6833b74656b80858b7e149c80c4243e,2f9611355f71fe804da2606899ddfb36,Unknown,XPU-B,8,192,Other,other,unknown,false,1.0,51136954368,12.0,0.25,0.0,0.0,0.00010277777777777806,0.0004479540718926324,true,309,7,0,20
87bc86044cd7c8940f27837a5390ccd5,29dc063f9ea8bd85bc4c6f8094d274ec,428f8e25515baf5b335ea420e609aa99,2f9611355f71fe804da2606899ddfb36,Unknown,A10,1,128,Other,other,unknown,false,1.0,23836098560,12.0,0.7555555555555555,0.23496566176470585,0.055148494944852945,0.0085762867647059,0.0010470546343747307,true,0,6,0,20
9f4fab0c2cad1fb35969ab164b5b8ebd,3fe6280fe3fc159f7136da6a87d078a4,5d7be69e2ce1c19ea762bb91a525ce05,87532e3737169e035fad3c9f3ab7f85e,Unknown,L20,2,192,Other,other,unknown,false,1.0,48305799168,12.0,0.95,0.0,0.0,0.00015789473684210562,0.0006615037341796412,true,0,8,0,20
fbb17bf2c4d6b132552dc31dc763f07e,84069468375a9559e52772dfa5072246,f58c096fb16104c4f9deee79419dcd50,2f9611355f71fe804da2606899ddfb36,Unknown,A10,1,128,Other,other,unknown,false,1.0,24146608128,12.0,0.11666666666666667,0.0,0.0,1.25e-05,1.03314717610677e-06,true,0,402,0,20
203610810a244c91a49c3035e5c1b62c,6baf97ec5bea1ce21192d8bc0edaad68,b7d107338b5fbce63e743969ce98432e,9089d80baea5f56a3c169801052daa1f,Unknown,XPU-C,2,192,Other,other,unknown,false,1.0,51539607552,12.0,1.0,,,0.0,0.0,false,120,-1,0,21
90d7dc38de533c5d92beef2fe1a48f96,0358059abe8fc94a710f759e47359bcb,f58c096fb16104c4f9deee79419dcd50,2f9611355f71fe804da2606899ddfb36,Unknown,A10,1,128,Other,other,unknown,false,1.0,24146608128,12.0,0.08888888888888889,0.19591999999999998,0.2016276041666667,0.17654166666666665,0.01271680990854899,true,0,9,0,21
203610810a244c91a49c3035e5c1b62c,6baf97ec5bea1ce21192d8bc0edaad68,b7d107338b5fbce63e743969ce98432e,9089d80baea5f56a3c169801052daa1f,Unknown,XPU-C,2,192,Other,other,unknown,false,1.0,51539607552,12.0,1.0,,,0.0,0.0,false,120,-1,0,22
6b6db2782e3657009aa380ebb5019425,7c258c1f1d96c209027e690a53684c39,62c3cf66701fdda23a5166cfc328ad4d,2f9611355f71fe804da2606899ddfb36,Unknown,XPU-B,1,192,Other,other,unknown,false,1.0,51136954368,10.0,0.6388888888888888,,,0.0,7.7486038208008e-07,true,5621,2385,0,22
203610810a244c91a49c3035e5c1b62c,6baf97ec5bea1ce21192d8bc0edaad68,b7d107338b5fbce63e743969ce98432e,9089d80baea5f56a3c169801052daa1f,Unknown,XPU-C,2,192,Other,other,unknown,false,1.0,51539607552,12.0,1.0,,,0.0,0.0,false,120,-1,0,23
6b6db2782e3657009aa380ebb5019425,7c258c1f1d96c209027e690a53684c39,62c3cf66701fdda23a5166cfc328ad4d,2f9611355f71fe804da2606899ddfb36,Unknown,XPU-B,1,192,Other,other,unknown,false,1.0,51136954368,10.0,0.5388888888888889,0.0,0.0,7.445436507936503e-05,0.00041908824566713314,true,5621,2385,0,23
56844ebebe8281da6aa117c1f776cd0e,26dfbc9fb904a4059e9178501636955b,c3aea45e51381934ef319afe73f7540d,4d6f06d02df4e9de96966a73d9e8a4dd,Unknown,XPU-D,8,192,HP,training,genai,true,8.0,821412495360,184.0,5.2444444444444445,543.3262200000001,634.5986743592379,0.08234517837235232,0.027659906127581912,true,0,28,0,00
66175a7317ef57ecdccf2aaee2f82bd7,db972ab0d5aa81418aefc27abd6aa13f,66319eb3261e0066db767fa30d3c4af7,27dc4b08122b037562bbd50b17eaf138,Unknown,XPU-E,16,192,HP,training,genai,true,16.0,1649267441664,176.0,16.0,274.2149547219777,454.45782328695816,0.4294626420454547,0.5960291744437269,true,0,17,0,00
6e746d33cdec16b1875969ccf6f6245e,7d4034a904571097e8249386fb11af04,ef86ff9a4e6b906ff91b0668dccf769d,1f28e063c4e5e1bc48ff55269617dd2f,Unknown,H20,8,192,HP,training,unknown,false,8.0,821001453568,192.0,8.0,192.98627512962958,698.162109375,0.03618363675392188,0.08720136302488819,true,31367,1197,0,00
7ece909220b6ce04ed89366d7f4cf3dd,37384b24eff1e39f7a3ffddd16e067b7,98773f89ef9f4540470f4a0bb433ef97,3f39b4b673832cdb370477e6042ec0a7,Unknown,L20,2,192,HP,training,unknown,false,1.0,48305799168,15.0,1.0,43.71624775308641,21.192893156828696,0.34317499999999995,0.02769989296242044,true,0,32,0,00
85f7c2095019ff009ac0379a5e695dc0,cf853577ff8b8cff59775ddde76995bb,60a2250a935cf660cea537cb7e76d74e,1f28e063c4e5e1bc48ff55269617dd2f,Unknown,XPU-E,16,192,HP,training,unknown,false,16.0,1642824990720,176.0,16.0,50.0,1311.000244140625,0.11219458648990237,0.2768163179298685,true,0,46,0,00
8ef5723e29c3ef615ee067f9aac9b17f,0ec805ba2f49c85cf2c78f6bcf590308,c7e507b204d183a61582b212a9c56d2b,6d5f55ee85c1bb785b2cba94ef7545b3,Unknown,XPU-E,16,192,HP,training,rec,false,1.0,102676561920,10.0,1.0,21.01722905627706,89.67975043402778,0.9984177777777791,0.9116693601037705,true,24,-1,0,00
e8096543381140dd60b92705ca6f083f,48a62fb14ec586f90bad17626a16a40a,47f2ced23f99f19e90895bc91ba4d88d,9089d80baea5f56a3c169801052daa1f,Unknown,XPU-E,16,192,HP,training,rec,false,1.0,103079215104,4.0,0.49444444444444446,0.46192157303370784,18.736378050386236,0.04977470930232553,0.1778112681889443,true,262,5,0,00
45af0e41b369fb0808baf406623c33e9,e51668b100994267a70322bc370883d2,1518e437109c89ec8a8c095e6b87ecbf,2f9611355f71fe804da2606899ddfb36,Unknown,A100,8,128,Other,training,genai,true,8.0,687194767360,92.0,8.0,280.7666411448523,525.6389322916667,0.12649749396135274,0.014324438283472879,true,0,17,0,01
63febea2448158a2208a7347088f0b5f,edfa069f50ca1e27881f75aa89f4af74,e04f25c68ce8a6d51ae754e79cd3c45c,6d5f55ee85c1bb785b2cba94ef7545b3,Unknown,XPU-E,16,192,HP,training,rec,false,1.0,102676561920,10.0,1.0,0.73878,54.69330775884935,0.5503083333333328,0.6936092367999631,true,2,-1,0,01
739107a1d66d1475f0c4c6da58a26a64,a741a2d6f2e6a8a8161bcfa0de22e3d7,23aae45e918b3bcacc71f99280ef7d70,6d5f55ee85c1bb785b2cba94ef7545b3,Unknown,XPU-E,16,192,HP,training,genai,true,16.0,1642824990720,176.0,10.311111111111112,520.9243545541827,581.1461372763847,0.18022914174641158,0.04743797547271289,true,1,35,0,01
7b7fb31b5d202eecbaf8d572ccf5ab6b,16b2bce9f84cf68f268641c03bb22845,35ebe5ae7ea5ef8fc217e5d9788b012c,27dc4b08122b037562bbd50b17eaf138,Unknown,XPU-E,16,192,HP,training,rec,false,16.0,1649267441664,176.0,16.0,347.72612359780965,543.889892578125,0.417396784693742,0.537993293778614,true,0,18,0,01
7bfa5514e55252f97c3a3c50f4ae4790,dbf3982c4ea44a54717f13e50a876e7b,f93ba784d686a732b78059654bc8ebbe,6d5f55ee85c1bb785b2cba94ef7545b3,Unknown,XPU-E,16,192,HP,training,genai,true,16.0,1642824990720,176.0,16.0,466.72542681966036,1438.0505284288197,0.3091876578282828,0.638828144067835,true,1,417,0,01
86ab7c574b270ea064385990787c9342,7ebcbefe486e137749dd9d0fc8d99a21,4fc4d6df10c3a622e5780afe50746b9f,27dc4b08122b037562bbd50b17eaf138,Unknown,XPU-E,16,192,HP,training,genai,true,16.0,1649267441664,176.0,16.0,254.4562218279025,457.2080369634622,0.4617446811868684,0.5481916731092666,true,0,40,0,01
8b648a33ae717e443f53a685df0931cd,cee290782400402552f9749cad76ffcb,0395dd9dde6344471eb39213080d1d61,2f9611355f71fe804da2606899ddfb36,Unknown,XPU-D,8,192,LP,training,genai,true,1.0,102676561920,16.0,0.06666666666666667,2.7777999999999996,67.07506815592448,0.1252585227272727,0.26217925548553467,true,244,251,0,01
af125c79ac2de79c132be85d61163249,35a2c315aeea787cf05adaa303cb170b,34459ae1f83f3f0efd922c967de77dd8,2f9611355f71fe804da2606899ddfb36,Unknown,A100,8,128,HP,training,genai,true,8.0,687194767360,112.0,8.0,554.4908234166461,526.6631360651206,0.28327659382832077,0.4305097629801434,false,0,-1,0,01
f2f319f4e67c33c62e430371534b52ba,88c690ca26dbaed55eb1f244e00fdc1c,196bbd98cabd41cd70ca7ebba8d4b771,1f28e063c4e5e1bc48ff55269617dd2f,Unknown,H20,8,192,HP,training,genai,true,8.0,821001453568,192.0,8.0,595.7872264313851,359.50293836805554,0.04500729166666673,0.3801876966600067,true,4365,21,0,01
08161232f04937c2b1874a46590ebb53,8bc2be8e93c4a33785a9afd3b2cfc71e,ca9ce6d3a3e560d484850c89fffa9233,6d5f55ee85c1bb785b2cba94ef7545b3,Unknown,XPU-A,8,192,HP,training,unknown,false,8.0,1649133223936,184.0,8.0,,427.85381243175937,0.039287032004830934,0.06541875440809464,true,16204,26,0,02
291681d2b2caf18ec5b8e9a7bd91a4c2,8bc2be8e93c4a33785a9afd3b2cfc71e,531ff7fe1fbe97b6c3035176a82eaf7f,6d5f55ee85c1bb785b2cba94ef7545b3,Unknown,XPU-A,8,192,HP,training,unknown,false,8.0,1649133223936,184.0,8.0,,415.34088968488925,0.025481174516908216,0.06991917028356483,true,16204,27,0,02
47475a4b8dc6fc8798647db39b6f0b43,572d4be81650263ea1b34788543204e7,6fa8d7e8025b3027561821cff7090515,3f39b4b673832cdb370477e6042ec0a7,Unknown,L20,2,192,LP,training,unknown,false,1.0,48305799168,16.0,1.0,28.73567965231261,36.3671875,0.04712118055555554,0.0981420291794671,true,60,111,0,02
75a6fd11a82ef9b52acb3560cecd44b9,f3b0f73773f05ccb3f141a6207e59c9e,3b8d0bbb1e88c2d670abbbe562b96ac2,1f28e063c4e5e1bc48ff55269617dd2f,Unknown,H20,8,192,HP,training,unknown,false,8.0,821001453568,184.0,8.0,133.61013190432098,266.193359375,0.34670955615942056,0.6628320276104962,true,0,107,0,02
82629ea59cef530ee2de15e3fcab19ab,36738a3287875bbfc2bebbb1db5e8bdd,0c7ea3db91a79fa955b9b9e7417ae09a,2f9611355f71fe804da2606899ddfb36,Unknown,H800,8,192,HP,training,unknown,false,8.0,684166479872,184.0,8.0,204.9431052633678,588.7025434027778,0.15753784722222258,0.4492183153061638,true,2,19,0,02
b1b004e7aa6b0116790b67dfe7086d58,b053531dd0ede0d2899a0973c881ddc6,26effc333b52e50f0d1fe7851a932a20,6d5f55ee85c1bb785b2cba94ef7545b3,Unknown,XPU-E,16,192,HP,training,rec,false,0.5,51338280960,6.0,0.3388888888888889,,1.5275806864754098,0.1747930555555554,0.1608770016626471,true,28,60,0,02
b31102b891afae95129bd575b3a57459,6046ff39aa746d0da9cb27afae993c6c,7f42aceb4c245a93388d0a8910ac08b3,27dc4b08122b037562bbd50b17eaf138,Unknown,XPU-E,16,192,HP,training,rec,false,16.0,1649267441664,176.0,16.0,253.53750017746904,1055.3447265625,0.6078827967171717,0.5012018274669578,false,1,-1,0,02
b593ba896c81fd67a3f7658c6d2ff248,f9c5f78fc3999ec7a363edfe189501dc,522940b761bb91c69c847d915b2a26f8,1f28e063c4e5e1bc48ff55269617dd2f,Unknown,H20,8,192,HP,training,genai,true,8.0,821001453568,20.0,7.022222222222222,1.496815286624204e-05,16.137149183917195,0.009883225806451611,0.08552564680970222,true,1,76,0,02
c542d8812331f720dc59858d2017382f,affb97100f42a21ba748867f7071be3d,5a48035131c5716cdd70b748bc7c2a11,27dc4b08122b037562bbd50b17eaf138,Unknown,XPU-E,16,192,HP,training,rec,false,16.0,1649267441664,176.0,16.0,81.55008533376432,543.6455078125,0.28221234217171737,0.7579314386325413,true,1,17,0,02
f3c49b8c8a77af2e9bdaf1bd2eaff510,b053531dd0ede0d2899a0973c881ddc6,a187895a0d256197c7623a341ccd3510,6d5f55ee85c1bb785b2cba94ef7545b3,Unknown,XPU-E,16,192,HP,training,rec,false,0.5,51338280960,6.0,0.34444444444444444,,1.5096711189516132,0.04319262295081972,0.18885573560128116,true,27,19,0,02
145d291e6e2b48a6f960a6a633a9813a,3383bb553a8d6a39a50270e2eb8cb83d,5c1b9bc142f027bea0871075e916a2ca,2f9611355f71fe804da2606899ddfb36,Unknown,A800,8,128,HP,training,unknown,false,8.0,681584361472,112.0,8.0,685.7037510154425,321.60300238715274,0.08946692885487639,0.15083876274956595,true,0,30,0,03
2b79525104670b909fc85c4a482c45e5,5a21768ea04a975f9d1724bce357dd8c,d87cc013d6da11990c9f32dd0de54712,6d5f55ee85c1bb785b2cba94ef7545b3,Unknown,XPU-A,8,192,LP,training,unknown,false,1.0,206141652992,16.0,1.0,,16.28680419921875,0.05238315972222222,0.03997176422013177,true,104,119,0,03
5686ac196ad0f9cca7710e6dc5037013,227d4571e4a5ad1d8d79f16e622e7f9e,d6fb5d0403efaa8ff9c58a4390634af1,1f28e063c4e5e1bc48ff55269617dd2f,Unknown,H20,8,192,HP,training,unknown,false,8.0,821001453568,192.0,8.0,707.825313290828,454.884765625,0.04578715277777778,0.036332150675632315,false,1107,-1,0,03
8bf07e4f1ca4b6f0be2bca4a21094a5b,3a783edc25ac06d2e5b7baf936163b29,8c8bb562a075d52ba77df8be52b7ab5a,27dc4b08122b037562bbd50b17eaf138,Unknown,XPU-E,16,192,HP,training,rec,false,16.0,1649267441664,176.0,16.0,300.02979602106154,543.896728515625,0.33957619949494944,0.7484964273760397,true,274,18,0,03
8c0c6336925376a38bff9990f1ff2f54,23bae4437ab8678982e8bc549363eb06,2bf218ef2ff06af5e7b0f657dd532e57,70870b9abdf0a944615e4987e21869b3,Unknown,H20,8,192,HP,training,genai,true,1.0,102625181696,23.0,1.0,41.89319762037038,37.66571614583333,0.28712499999999946,0.41579009874131945,true,2,69,0,03
8db8f880c7203b16ed6d1fecfff66907,a3e3bdd6cf6d456274500c654821fc93,45aafcc0f3cba1a5ac55c9164d85a829,6d5f55ee85c1bb785b2cba94ef7545b3,Unknown,XPU-E,16,192,HP,training,genai,true,4.0,410706247680,44.0,0.4444444444444444,70.38965400000001,110.89244140624999,0.08876199494949495,0.033786746328848385,false,35,-1,0,03
9ce9e28140ca2bc33171c2b1df4c752f,3e9f49201413b685324bc1bff2c9c040,4e3e520644830dfae6328114d09b74f1,4d6f06d02df4e9de96966a73d9e8a4dd,Unknown,XPU-B,8,192,HP,training,rec,false,8.0,409095634944,184.0,8.0,275.1494389912281,370.129638671875,0.22358668478260874,0.789409019549335,true,1,90,0,03
a811369553fe55457c871c99b7840ea6,316d1ce325144c7191ab0493b01d3bc9,fac9a2c6459f28ae91331dfa7951533f,6d5f55ee85c1bb785b2cba94ef7545b3,Unknown,XPU-E,16,192,HP,training,genai,true,16.0,1642824990720,176.0,16.0,522.8101242806941,593.3837890625,0.17421172664141416,0.07449225403962312,true,33,59,0,03
b263c0ecd185eb1917ba3f09440b1527,,6f8c10b7868c03e4e7789c5285caf305,87532e3737169e035fad3c9f3ab7f85e,Unknown,L20,2,192,HP,training,genai,true,1.0,48305799168,8.0,1.0,0.0,0.0,4.687499999999678e-05,-0.0002855797608693441,true,86,1574,0,03
ca6d8c2807a7dd9ffef3fd9e3bcda5ac,8aaadfe778a2a6163b40ce91e28a23b8,b73a35fc5d3900722f58a95244c11ea2,70870b9abdf0a944615e4987e21869b3,Unknown,H20,8,192,HP,training,unknown,false,8.0,821001453568,184.0,8.0,638.8567510956321,271.27734375,0.09073115942028984,0.18205047255211834,true,4,51,0,03
d9e5fbc80877aac25217957be4f369a1,75c6b11cb1cb8f2ddc7363d1d070c102,4559ba377e1df6aa927b53a70f112629,6d5f55ee85c1bb785b2cba94ef7545b3,Unknown,XPU-E,16,192,HP,training,unknown,false,16.0,1642824990720,176.0,16.0,609.6392698965751,1382.57421875,0.10425909090909105,0.08945894072356045,true,31,28,0,03
f711bc28601e191ea9b68e4a6f71ed26,439bf8c8869f8f8cf75c7e351d405523,3b3869793b600b2be67de6c11e323210,1f28e063c4e5e1bc48ff55269617dd2f,Unknown,H20,8,192,HP,training,genai,true,8.0,821001453568,192.0,8.0,174.5806921392971,568.0,0.07692439569699241,0.2373764724643144,true,0,696,0,03
1cec306baef9e1ecdfd53c9b55b95cf4,a516b64625ec9133fc365a89ab0a117d,3d3d2c6d534275db8ad7666a1fbccf47,1f28e063c4e5e1bc48ff55269617dd2f,Unknown,H20,8,192,HP,training,genai,true,8.0,821001453568,192.0,8.0,389.92170737103174,312.15760285316156,0.08292093217708635,0.05330318991784695,true,0,51,0,04
2e35ed487d3d394ed62366f64a01817e,14cbb001ac53311ea87fb2624b1d5309,0848c1950bee7c794d5639b3feb99ad9,1f28e063c4e5e1bc48ff55269617dd2f,Unknown,H20,8,192,HP,training,unknown,false,8.0,821001453568,192.0,8.0,60.28675260507172,145.333984375,0.011447294777742966,0.004316542413499631,true,1002,14,0,04
392a4365d8053319246514dec995bd09,970a2dadc2b0f946344ba55d53307c9c,d481865d7ab45762d745b439fcacd173,1f28e063c4e5e1bc48ff55269617dd2f,Unknown,H20,8,192,HP,training,genai,true,8.0,821001453568,192.0,8.0,178.77835511240988,567.927734375,0.0772789062499996,0.2370010183475636,true,0,265,0,04
4393c2d203755d3d30ecd1900d9297d4,cd0f1af53d70787d818adbeb099c7cd4,d4403c92fdd1a2628854643dbee66ba1,2f9611355f71fe804da2606899ddfb36,Unknown,A100,8,128,Other,training,genai,true,4.0,343597383680,40.0,4.0,0.0,0.0,0.00038523148148161764,0.03272619575924344,true,0,-1,0,04
5a6477e10d5692232ffec20d20a00672,cd0333e14a92e9774370de73e7e62678,184c7aad6616712b2b2fcbb57419fd1b,6d5f55ee85c1bb785b2cba94ef7545b3,Unknown,XPU-A,8,192,LP,training,unknown,false,1.0,206141652992,16.0,1.0,,16.442604064941406,0.05259600694444444,0.03989071051279704,true,102,135,0,04
5e2749497b40ac4fa0cbeb0050044094,5cf3e98604ea87e3f8aa03375c693014,09b6acf71d5236147aab80b7f622879b,27dc4b08122b037562bbd50b17eaf138,Unknown,XPU-E,16,192,HP,training,rec,false,16.0,1649267441664,176.0,16.0,0.0,32.515625,0.0909685763888889,0.5772233824480391,false,1,-1,0,04
27cd551f135e98e71f9f766ae0d4d0a4,2f8c8b3eda4fd4de02166dd1858737dd,d0d35e72321b0509dddab6c32f5f94ef,1f28e063c4e5e1bc48ff55269617dd2f,Unknown,XPU-E,16,192,HP,training,rec,false,16.0,1642824990720,176.0,16.0,311.768399910203,1055.555419921875,0.5730921930773908,0.42801188670970747,true,0,-1,0,05
42f03055fe506bb0ab29c64ce6cbd709,ade703e00874607ae5eccb4d0852afb4,59a23a453873cad72f99e56f1a899c38,70870b9abdf0a944615e4987e21869b3,Unknown,H20,8,192,LP,training,rec,false,0.5,51312590848,7.0,0.5,,0.47650306230709877,0.04445555555555556,0.28487111514376623,true,28,-1,0,05
49ccdcabde16d5e9e8c61d16df255c06,95208a528ab0eb7b1ccb969eced0b845,1d998207b2974138cf3b351d6c0513dc,6d5f55ee85c1bb785b2cba94ef7545b3,Unknown,XPU-E,16,192,HP,training,unknown,false,16.0,1642824990720,180.0,16.0,482.4901539464359,557.6111000081057,0.26204283950617285,0.2994589250695205,false,1,-1,0,05
6277d7a6b562d92b760171585f96ee86,ade703e00874607ae5eccb4d0852afb4,1109ad26baf4339a2aa3d6671acdb42d,70870b9abdf0a944615e4987e21869b3,Unknown,H20,8,192,LP,training,rec,false,0.5,51312590848,7.0,0.25833333333333336,,0.5590183423913043,0.012291090629800319,0.4054950552998408,true,21,-1,0,05
a06859468d98890c00c4a9fc876e55a4,8aaadfe778a2a6163b40ce91e28a23b8,65e3192b1a5537c17d1f15504eed39b6,70870b9abdf0a944615e4987e21869b3,Unknown,H20,8,192,HP,training,unknown,false,8.0,821001453568,184.0,8.0,639.9871314461647,271.3046875,0.08593893417874396,0.17480728755390348,true,4,22,0,05
a4990a35cc65a6a206eb4b018e88e3f2,44566c1c8bb4857b55886591b195eb48,ce96e0b1bd00d8a3ee047114333f2d24,2f9611355f71fe804da2606899ddfb36,Unknown,H800,8,192,HP,training,unknown,false,8.0,684166479872,184.0,8.0,225.8063462126112,478.099609375,0.09189461050724655,0.054568709866962765,true,208,67,0,05
4d25db6f21adc92b242496f5e7ed167c,73f4a346bdc2c49ec8feab2cfd2b1a69,79ea6ad5f538410319ab03e63827fccb,2f9611355f71fe804da2606899ddfb36,Unknown,A100,8,128,HP,training,genai,true,1.0,85899345920,12.0,0.24444444444444444,0.0,0.0,0.0024791666666666677,3.847632297249729e-05,true,1,825,0,06
54cbe9a634fbbb877a6daadd64bebe42,ade703e00874607ae5eccb4d0852afb4,16780ff8972e27fcea0444b3066a61fa,70870b9abdf0a944615e4987e21869b3,Unknown,H20,8,192,LP,training,rec,false,0.5,51312590848,7.0,0.26666666666666666,,0.43693847656249996,0.07339209726443768,0.2204927640056974,true,92,-1,0,06
5e5568573dadc07f136e504b822f6a12,ade703e00874607ae5eccb4d0852afb4,33223aa51ca0603b3866d3b148060504,70870b9abdf0a944615e4987e21869b3,Unknown,H20,8,192,LP,training,rec,false,0.5,51312590848,7.0,0.24444444444444444,,0.5482084588353414,0.010672619047619042,0.3996737634193447,true,40,-1,0,06
7832b52dc785d97f494723509ec95fd5,ec16546874f589be214d9b4114ff9986,3d326c06be9ac74aa8d21338b6e3b46a,70870b9abdf0a944615e4987e21869b3,Unknown,L20,2,192,LP,training,genai,true,1.0,48305799168,14.0,1.0,30.6303986794872,40.51368431156516,0.22486269841269815,0.1791945410156251,true,121,23,0,06
def6dac42ffc343fad0a2fcea0819763,00d43296f51e03546d1f8acb60cb67cd,91d3ffbedcfdd7c1c4b09d86cf501c8e,1f28e063c4e5e1bc48ff55269617dd2f,Unknown,XPU-E,16,192,HP,training,genai,true,16.0,1642824990720,176.0,16.0,353.977215168207,1499.069091796875,0.09229810606060616,0.025921122425220638,true,0,54,0,06
f2fd9a809e0262a2a4c23a4400c92c8f,4287ae18d45d0220c95868fd961aff29,8452ece36877cdf73fd0d76331f73818,4d6f06d02df4e9de96966a73d9e8a4dd,Unknown,XPU-D,8,192,HP,training,genai,true,8.0,821412495360,184.0,8.0,628.299967955956,506.380859375,0.15396772342995174,0.20452643511736832,false,5,-1,0,06
fd3a1ea691af7b23d2e74842d1a5693e,ade703e00874607ae5eccb4d0852afb4,33223aa51ca0603b3866d3b148060504,70870b9abdf0a944615e4987e21869b3,Unknown,H20,8,192,LP,training,rec,false,0.5,51312590848,7.0,0.26666666666666666,,0.4363423665364583,0.06923708206686932,0.2192785245467965,true,133,343,0,06
00c23ebac1762a719a99db069b6a42be,d572c03ce1632dc8d7877aadfbafe9c0,a66cae7ffb8c45146d4cfee3f5448d54,9089d80baea5f56a3c169801052daa1f,Unknown,XPU-E,16,192,HP,training,rec,false,1.0,103079215104,7.0,1.0,11.331591753196651,53.326527777777784,0.40995634920634916,0.5080211488027421,true,262,7,0,07
0f8f2a32d38bedc9597b61ad6d0ef62d,8aaadfe778a2a6163b40ce91e28a23b8,a6c6786c041f771a3c482e5dcd5a5194,70870b9abdf0a944615e4987e21869b3,Unknown,H20,8,192,HP,training,unknown,false,8.0,821001453568,184.0,8.0,673.2347076739418,270.029296875,0.08768733393719803,0.1542705125596788,true,2,73,0,07
1c982529f753a51dedce3cba3eb6e9d9,58a21585de9b841b24b0241179343bfd,2fb2a662353fb2a5a2b16baed9c5d1c3,6d5f55ee85c1bb785b2cba94ef7545b3,Unknown,XPU-E,16,192,HP,training,rec,false,0.5,51338280960,6.0,0.5,,5.075492485894097,0.27453511235955086,0.25346660816102234,true,29,43,0,07
24cbfacc1a7040459199564aeaf19885,e311f90548f29b36fbb2296b7fd1aad4,0946a30765052217f620508d28d2025a,87532e3737169e035fad3c9f3ab7f85e,Unknown,H20,8,192,HP,training,unknown,false,8.0,821001453568,160.0,8.0,300.5362394962293,594.8505794270833,0.31001175347222243,0.053096857192610335,true,128,113,0,07
39d8d59de48963779e8841a28779c8cb,4cc51e70e675203d512819bafc505cd6,dfda58bf1360993428e816d8eb5f4f4c,27dc4b08122b037562bbd50b17eaf138,Unknown,XPU-E,16,192,HP,training,genai,true,16.0,1649267441664,176.0,16.0,669.3826050016235,1133.328895128038,0.10093153409090916,0.146164972398546,false,0,-1,0,07
3b66473e25aa48dc2ae5fc185c718bf0,4692a25b5cf1694e6dfdd4927f9158fd,e7e05bbedcfad98a3ead099c808ac7a7,1f28e063c4e5e1bc48ff55269617dd2f,Unknown,XPU-E,16,192,HP,training,unknown,false,16.0,1642824990720,176.0,16.0,575.5489436038306,1171.81884765625,0.28282840909090934,0.08183111459237559,true,0,34,0,07
50c41470167f61ed48a61d94f239cd6c,38c9a539ddc30a7104a7ce1ed59c4244,82e865b5a4e2873dd1febc0afa4e8103,6d5f55ee85c1bb785b2cba94ef7545b3,Unknown,XPU-E,16,192,HP,training,rec,false,0.5,51338280960,6.0,0.275,,1.112247228140783,0.11412628865979357,0.06968131876316197,true,27,25,0,07
5a7e5c7835e23a987cdbcd77f28a4610,e507827ed7a97baf58c17a2ce1f48f5e,e6c3a4695cb719c84912d382a01822dd,27dc4b08122b037562bbd50b17eaf138,Unknown,XPU-E,16,192,HP,training,rec,false,16.0,1649267441664,176.0,16.0,342.4776854497861,543.906982421875,0.4026810606060608,0.5305513107901408,true,1,18,0,07
62dd02673f1a04501a2ca515623da11f,,13300991db87f9f8e28909558485b1cc,6d5f55ee85c1bb785b2cba94ef7545b3,Unknown,XPU-E,16,192,LP,training,genai,true,8.0,821412495360,96.0,8.0,287.48073227777786,496.498046875,0.11690978009259266,0.2670072914618585,,,,0,07
7d8270f900be2e47a1b859e048a6531a,11cd7e06fd3a9e8b41880f00d345978a,a126f383d52d96da86848e6edee262ac,3f39b4b673832cdb370477e6042ec0a7,Unknown,L20,2,192,HP,training,unknown,false,1.0,48305799168,15.0,1.0,5.384442962962963,41.357472873263895,0.5599411440638632,0.029804304970635295,false,15387,-1,0,07
05cfe6e1ab21227dc2961ea5a54d3e31,8aaadfe778a2a6163b40ce91e28a23b8,3e06c1b3795ff83cc34acf506ee3d846,70870b9abdf0a944615e4987e21869b3,Unknown,H20,8,192,HP,training,unknown,false,8.0,821001453568,184.0,8.0,636.3985608408345,270.796875,0.08475452898550734,0.15898449284816726,true,2,37,0,08
0bd39a4efa62a380bc6d214ae7d5e817,595b648f218e261584e4ed65eb4b770a,f9784ab8cbcf319b3e2a58a5be072c82,1f28e063c4e5e1bc48ff55269617dd2f,Unknown,H20,8,192,HP,training,genai,true,8.0,821001453568,192.0,8.0,721.5483730975689,682.677734375,0.048877170138889425,0.04550059632018762,true,13,69,0,08
2a508b27c6ba85faa5ff4b15c9743166,d572c03ce1632dc8d7877aadfbafe9c0,ce3e9cfdbb7ab436ea6d833177642fe8,9089d80baea5f56a3c169801052daa1f,Unknown,XPU-E,16,192,HP,training,rec,false,1.0,103079215104,7.0,1.0,20.802784740740734,70.133056640625,0.5831566087838641,0.6162143086630201,true,680,5,0,08
51f0028072ab175dc9a518ad0c2a1b98,f4b33e6518d0116969e9bc5c0305a1e0,ce41f418c98d8bd5e44831cd8d1f3bda,70870b9abdf0a944615e4987e21869b3,Unknown,H20,8,192,HP,training,genai,true,8.0,821001453568,184.0,8.0,590.1582101463578,616.37109375,0.05840824275362319,0.2023048257150958,false,0,-1,0,08
8ba76192a9237c99d4af11c10aa1140b,6bedcbd841388acfd92acbff9b265684,bbe014c0ae859121018e6364dc6447ee,2f9611355f71fe804da2606899ddfb36,Unknown,A100,8,128,HP,training,genai,true,8.0,687194767360,120.0,8.0,377.1986336752221,487.37890625,0.13110358512020803,0.0473753446225767,false,1,-1,0,08
8ce893291d9a9539776f89020579e9e4,d6941f3a016f3e9c992b40bc50a808bf,920400b14938292fdd0a3e4da97da56a,70870b9abdf0a944615e4987e21869b3,Unknown,H20,8,192,HP,training,rec,false,8.0,821001453568,184.0,8.0,66.4441095,726.140625,0.030055736714975915,0.2384943998165883,false,0,-1,0,08
a0bc1670c808a99280f1a77951d880fd,44e43a85337085f85232a8570d3880d7,e3f4efe188ecb5d74182356f33c18579,2f9611355f71fe804da2606899ddfb36,Unknown,A800,8,128,Other,training,genai,true,2.0,171798691840,16.0,2.0,0.0,0.0,0.0001739583333333331,0.0014873163567648993,false,0,-1,0,08
ca402c0124a08af27f981af4a7961827,86984923de15d0279cb267e5c107641f,e02a66bf0fe99b58bf64d27b96c5a5e8,3f39b4b673832cdb370477e6042ec0a7,Unknown,L20,2,192,LP,training,unknown,false,1.0,48305799168,16.0,0.40555555555555556,28.191941506849304,24.18533283390411,0.047690538194444486,0.0992611116833157,true,0,415,0,08
d7f574e6dc3b25afaa19f560b2c56510,f4f09380e7804ae23eae4d69b101b6cf,886b6068b71097a47bbab7d9309e06c6,2f9611355f71fe804da2606899ddfb36,Unknown,A100,8,128,HP,training,genai,true,8.0,687194767360,112.0,8.0,645.5864303425923,458.64973741319426,0.182228199404762,0.19735273799189826,false,0,-1,0,08
f8fb5c1c79965c55fb5302a8347f8026,167561da97dab1ff43b6f3e4aa2b4b83,7d3c33a0273d370d0d05417e7a04d9ca,1f28e063c4e5e1bc48ff55269617dd2f,Unknown,H20,8,192,HP,training,unknown,false,8.0,821001453568,184.0,8.0,61.87257291457632,525.0703125,0.1678972675120775,0.5739918381980611,true,0,48,0,08
fea001fd7cb7b6a35c33db73c33d2b15,edfa069f50ca1e27881f75aa89f4af74,7008dbba82bd60773a42ab0f72e52544,6d5f55ee85c1bb785b2cba94ef7545b3,Unknown,XPU-E,16,192,HP,training,rec,false,1.0,102676561920,10.0,1.0,0.7607256111111111,53.624070502387156,0.5555780342657504,0.7479977051958325,true,27,-1,0,08
035a7d4c01f1184d4f685217d7f48816,726e91dc320234ebe2c31af38a722068,0c02cf66ce7600ebf70a7f122836214d,2f9611355f71fe804da2606899ddfb36,Unknown,A100,8,128,Other,training,genai,true,8.0,687194767360,92.0,1.1555555555555554,0.27661375,6.160164388020834,0.008588541666666668,0.005374085285045482,true,1,27,0,09
1275b98e521783db6ee277bbaeeb8414,8aaadfe778a2a6163b40ce91e28a23b8,a3b48168204c266b5c094e09ac37ddbf,70870b9abdf0a944615e4987e21869b3,Unknown,H20,8,192,HP,training,unknown,false,8.0,821001453568,184.0,8.0,638.2755875443025,270.337890625,0.08611687801932363,0.15913609991039435,true,4,60,0,09
1ffb4fb2480216dea06e8b3774d1b3e2,48ae218ef0c4b1680e9074ba636a5f3f,7a89a944d5760a905ea00b73791c8dbf,1f28e063c4e5e1bc48ff55269617dd2f,Unknown,XPU-E,16,192,HP,training,genai,true,16.0,1642824990720,160.0,7.288888888888889,0.0,0.3611014660493827,0.006912419871794871,0.01264888412973792,true,0,54,0,09
57a5d3da4a9337993caa84088bf42c26,c06f7f1c1c07da9aa66edf889fbf2df3,69761b064ac8f7d7dfebe454f070b0a6,87532e3737169e035fad3c9f3ab7f85e,Unknown,H20,8,192,HP,training,genai,true,1.0,102625181696,12.0,0.1,35.6701894117647,69.6428768382353,0.15986111111111245,0.4158677745748449,true,0,90,0,09
6a3fbecab99c7d08c5eb0068480b8cbf,ade703e00874607ae5eccb4d0852afb4,293c28a4a13906b8a2ab215aceaec723,70870b9abdf0a944615e4987e21869b3,Unknown,H20,8,192,LP,training,rec,false,0.5,51312590848,7.0,0.3138888888888889,,0.4800159015486726,0.06066537966537968,0.27196131328419854,true,215,-1,0,09
97039a1f68a64e220c5b24c0cd6de6bc,3bd1c704d905ad95ea98a8470b0bc643,f9ebc7cccf6365a6409de4e5d8b1b003,1f28e063c4e5e1bc48ff55269617dd2f,Unknown,H20,8,192,HP,training,unknown,false,8.0,821001453568,184.0,8.0,59.323759241107496,549.072265625,0.16210806159420313,0.6719215602394385,true,0,96,0,09
a327dc86e2945d3846d5aec10360baa9,edfa069f50ca1e27881f75aa89f4af74,2c9d971234e990ae87cc048e29067640,6d5f55ee85c1bb785b2cba94ef7545b3,Unknown,XPU-E,16,192,HP,training,rec,false,1.0,102676561920,10.0,1.0,0.4991749444444444,49.12205466941551,0.4677533333333332,0.7097232258301707,true,8,-1,0,09
bb9272dbc41c7391a9111577c80a85b0,1a5280aa411631371b9edc2baa8f7b56,5da3f10775dadfcd1260a8b9df08f3ce,6d5f55ee85c1bb785b2cba94ef7545b3,Unknown,XPU-A,8,192,HP,training,unknown,false,8.0,1649133223936,184.0,8.0,,573.5697088635316,0.0316074275362319,0.07544688345449939,true,0,18,0,09
cdc7174cc0a21a29130f4f9deb67a321,5f31c73f2a14b715ec0663e9751ce4a6,2a63194ac3734b2dccf72003843a0966,6d5f55ee85c1bb785b2cba94ef7545b3,Unknown,XPU-E,16,192,HP,training,rec,false,0.5,51338280960,6.0,0.16944444444444445,,0.013841145833333334,0.018823611111111103,0.006784293169532316,true,28,6,0,09
e05df918344bfe159c065f0520db68bf,5bd91a8db8c73e6337c716f81c95874c,c31d80d1ff0d6e635a43632df1999282,70870b9abdf0a944615e4987e21869b3,Unknown,H20,8,192,HP,training,rec,false,8.0,821001453568,184.0,4.133333333333334,60.19481924731183,123.84755124327957,0.15098327294685987,0.4421738736442594,true,174,52,0,09
f94e4ca46d8a36924ff2fcbdb47dbe12,a4e4f82d9cdcb3a716068c00054c7c90,6b8f03918851c918e1311a87c2d28c35,6d5f55ee85c1bb785b2cba94ef7545b3,Unknown,XPU-E,16,192,HP,training,genai,true,8.0,821412495360,88.0,8.0,361.10007356598277,620.119140625,0.10903551136363687,0.5287389880371094,true,32,26,0,09
1d15015c1e87a581b9005088afe2e011,e4c08d1405a16c08f16ec39874839f01,478fb9f0e2f849ec8db7b7d928555cd6,6d5f55ee85c1bb785b2cba94ef7545b3,Unknown,XPU-E,16,192,HP,training,rec,false,0.5,51338280960,6.0,0.175,,0.012921626984126985,0.019769444444444433,0.0053407179201886935,true,1,6,0,10
23cceed6ced1bbe395f89e7913ff3b44,6a2c30a04281c8730941ae870a9eaf5c,84dc8874d03ab1d1890036f57f9f4ad9,27dc4b08122b037562bbd50b17eaf138,Unknown,XPU-E,16,192,HP,training,genai,true,4.0,412316860416,44.0,4.0,152.15431786552028,198.9130859375,0.10177165404040388,0.04270832501446763,true,0,18,0,10
2677e065d8a3fd9f955cdd384e101fb1,38c9a539ddc30a7104a7ce1ed59c4244,521c04040c3e70cf8dc9c5b582a01043,6d5f55ee85c1bb785b2cba94ef7545b3,Unknown,XPU-E,16,192,HP,training,rec,false,0.5,51338280960,6.0,0.5,,11.375244140625,0.9572222222222219,0.5499140531045418,true,30,61,0,10
42084d7f272707c96755455ef9b6c36f,4d8ee96ed25c43615ddebc83a2e6dcd8,9d6ff2163674653453818e708eac1f30,2f9611355f71fe804da2606899ddfb36,Unknown,A100,8,128,HP,training,genai,true,1.0,85899345920,12.0,0.13333333333333333,0.0,0.0,0.011225378787878791,0.15505457062652145,true,0,24,0,10
562e7bdd77e03b7b2f33aeb9f50fc34f,e4c08d1405a16c08f16ec39874839f01,a45d52926fbdefee63360491b54aac35,6d5f55ee85c1bb785b2cba94ef7545b3,Unknown,XPU-E,16,192,HP,training,rec,false,0.5,51338280960,6.0,0.17222222222222222,,0.01563824152542373,0.020559722222222222,0.005740095774332682,true,30,25,0,10
589f30eeed12fa6e22125c72612df3d4,8aaadfe778a2a6163b40ce91e28a23b8,347a87532cd475bb238afc6abdedf3a1,70870b9abdf0a944615e4987e21869b3,Unknown,H20,8,192,HP,training,unknown,false,8.0,821001453568,184.0,8.0,638.4043010834279,270.5234375,0.08594929045893733,0.16206236904786908,true,1,40,0,10
c57ec47a041e3c3d5fd0e3672cddbac0,61de9ae4d4c9d0442e67699a5d68a4b8,0df798e1fde18e93567630219bf24c3e,9089d80baea5f56a3c169801052daa1f,Unknown,XPU-E,16,192,HP,training,rec,false,1.0,103079215104,4.0,0.07777777777777778,31.975906428571427,49.32072405133929,0.5585480769230764,0.35609028231227663,true,279,4,0,10
cc860cbc763897aa5687bd01e8c4c507,edfa069f50ca1e27881f75aa89f4af74,088bf57c709135c075577f7a17e50b35,6d5f55ee85c1bb785b2cba94ef7545b3,Unknown,XPU-E,16,192,HP,training,rec,false,1.0,102676561920,10.0,0.9166666666666666,0.6048910975609758,49.58230868703951,0.5498080792891329,0.6808001638992841,true,18,-1,0,10
d5fd89ba843c089b37528dbc6abf3ba3,9dfc9535228e230eec5e6d0851b5fbd8,ced1e7d65b965a83d2466acd6df87e9c,9089d80baea5f56a3c169801052daa1f,Unknown,XPU-E,16,192,HP,training,genai,true,2.0,206158430208,24.0,2.0,0.0,0.0,0.7257667824074074,0.01832783646195024,true,0,18,0,10
e9978fb40ba52235eadd7574f5451cb7,4c1a1d94a08e600fd924f75690391e2b,46f047bd1f0fc6f3d12b74c7c869e441,70870b9abdf0a944615e4987e21869b3,Unknown,H20,8,192,HP,training,genai,true,1.0,102625181696,23.0,0.9833333333333333,8.925279378531075,18.057188705318342,0.031776521739130426,0.03654090725806455,false,36,-1,0,10
0d6ffd75832f0da6cf435aaa813ce390,1a5280aa411631371b9edc2baa8f7b56,f0f993ac72d246fdf9691ed234a93f51,6d5f55ee85c1bb785b2cba94ef7545b3,Unknown,XPU-A,8,192,HP,training,unknown,false,8.0,1649133223936,184.0,8.0,,798.620748984019,0.03552744565217391,0.07868101980703848,true,1,21,0,11
10946283add54d8d3be5b5e258d41364,99ec92f1a52cbd13d843af3add21a996,78daff57e8fb36498c50a98542bde43d,27dc4b08122b037562bbd50b17eaf138,Unknown,XPU-E,16,192,LP,training,rec,false,0.5,51539607552,6.0,0.06944444444444445,,,2.173913043478261e-05,8.5139620131341e-07,false,135,-1,0,11
518a5a1de6e1c90293c90ae4af411b5a,22e7861f206ff16cc426cf9652ba7d13,3b3be1404368310fff07942d70ccea2b,1f28e063c4e5e1bc48ff55269617dd2f,Unknown,H20,8,192,HP,training,genai,true,8.0,821001453568,80.0,1.8222222222222222,188.188054,344.8292822265625,0.22851480263157897,0.11274598919831427,true,1,68,0,11
735f71d0e5e0a4363113e52318874802,5282023eee5e16c3b150266fc9585194,2d785403243cf5f181b2d350490aeb4e,1f28e063c4e5e1bc48ff55269617dd2f,Unknown,H20,8,192,HP,training,genai,true,8.0,821001453568,192.0,8.0,665.9762878611112,701.8203125,0.048048133680555695,0.05576818993798007,false,0,-1,0,11
747b2759b322f1006dfb53041730b8bc,a042093062055d834c9a8128e8376399,f53d4dd69d0a5b3c7aba524182a90159,2f9611355f71fe804da2606899ddfb36,Unknown,A100,8,128,HP,training,unknown,false,1.0,85899345920,15.0,1.0,26.747180581349202,76.11669270833333,0.038836666666666735,0.006521734926435683,true,78226,38,0,11
86ecc60a4126c19aeda331dcdd43a1ba,efd3104bf8512ee8cc942b454921e722,c79f2ee822a87a527099da785eb5ac38,6d5f55ee85c1bb785b2cba94ef7545b3,Unknown,XPU-E,16,192,HP,training,genai,true,8.0,821412495360,88.0,8.0,126.73497858399476,172.1816189236111,0.18159182449494946,0.06845038418240015,true,1,46,0,11
baf87310d890f503b0d3fdc46ed3b1a9,7828d70be95064459bb835b2d3ccbde1,44c7388163d40496debe0e1af496ca55,1f28e063c4e5e1bc48ff55269617dd2f,Unknown,H20,8,192,HP,training,genai,true,8.0,821001453568,184.0,5.777777777777778,420.1771203315412,265.00176096270167,0.03754078226634715,0.0232109653155009,true,0,129,0,11
c70572b27597bfa8e2d91c7ac2354958,a4fb6d8d7ed4c9d638e1f03d601f9b92,e5151b7c98e81dcf8a2640963c59d5d5,27dc4b08122b037562bbd50b17eaf138,Unknown,XPU-E,16,192,HP,training,genai,true,16.0,1649267441664,176.0,16.0,258.6380818198904,386.40934353298604,0.4571236742424242,0.4655892688163293,true,1,18,0,11
cce719b59e08329c3c1704774e92cae8,b9d79643a291e0e3694e59b5860efd68,3ed5d09e4ffce39d837235856b53fc5d,3f39b4b673832cdb370477e6042ec0a7,Unknown,L20,2,192,HP,training,genai,true,1.0,48305799168,15.0,0.011111111111111112,0.0,0.0,0.0005000000000048506,0.005654557545979818,true,5,72,0,11
d42768043575c70e3ea502c064908073,2b620a9d3053c822bcad10ec93d1b28f,f480bf766892b5e992a65a935b33a61b,70870b9abdf0a944615e4987e21869b3,Unknown,H20,8,192,HP,training,unknown,false,1.0,102625181696,23.0,1.0,16.3266965072901,12.779296875,0.14000458937198068,0.03689105430247535,true,3,67,0,11
f4171dba79fbdff2f2ea9747c3adca2f,59aed7886bc9303a42c70b4c9f8af455,a16d59e759ee8482e1caa525b5cc263c,27dc4b08122b037562bbd50b17eaf138,Unknown,XPU-E,16,192,LP,training,rec,false,0.5,51539607552,6.0,0.19722222222222222,,10.97009749873992,0.0946026570048309,0.09150179545084633,true,137,821,0,11
fe8672e671784b15dd40d49e6ede2c51,4d67f79217f860895c724fa7b8590dda,68846ca6d2c4496b23e249e27301b9be,3f39b4b673832cdb370477e6042ec0a7,Unknown,L20,2,192,HP,training,unknown,false,1.0,48305799168,15.0,0.2388888888888889,4.619119767441861,33.804973655523256,0.04271349206349206,0.02053592318580264,true,0,75,0,11
1b3b9caf83e959fc504179641b851961,450631032096eee6db8b469cce72c118,2c55815713170bf8bd05dedaec2f9245,6d5f55ee85c1bb785b2cba94ef7545b3,Unknown,XPU-E,16,192,HP,training,rec,false,0.5,51338280960,6.0,0.125,,0.10414186507936508,0.07063178294573641,0.02049259185791016,true,2,37,0,12
2efb74cf952c3b0954570384165a858f,dd0bf5eed73c2ea207c0f345ab1416ab,0a94efaaa4d7a311d8c2222812053d16,6d5f55ee85c1bb785b2cba94ef7545b3,Unknown,XPU-E,16,192,HP,training,rec,false,0.5,51338280960,6.0,0.5,,35.633056640625,0.15638148148148112,0.2916510043411865,true,30,18,0,12
48e92af9bec8035bd65c725d83dc2867,3165a88ebdef0b96295a29e1044a5561,ebd385f61e2a262ef6a6d2521f712d88,9089d80baea5f56a3c169801052daa1f,Unknown,XPU-E,16,192,HP,training,rec,false,1.0,103079215104,7.0,1.0,0.0,0.0,0.05954285714285721,0.02134370601430219,true,278,-1,0,12
4c2f2fdf035168890faec752b66b557f,96eb08f6c058276e212eae3092d72627,f6a32ab76fe109de15e8f5b342d26553,1f28e063c4e5e1bc48ff55269617dd2f,Unknown,H20,8,192,HP,training,unknown,false,8.0,821001453568,192.0,8.0,640.5758515236222,735.357421875,0.04304350405092583,0.05326043625672658,false,10,-1,0,12
52040430fb98b21b547bad0503f85c7b,59aed7886bc9303a42c70b4c9f8af455,32756627f8838a44ad5fcc7fe876644f,27dc4b08122b037562bbd50b17eaf138,Unknown,XPU-E,16,192,LP,training,rec,false,0.5,51539607552,6.0,0.5,,24.789306640625,0.4015652777777778,0.5768457027717873,true,139,828,0,12
6f5ea21f51290f60cce9194d77265b95,38c9a539ddc30a7104a7ce1ed59c4244,2abfc4be353a03e238d3f36795debbe6,6d5f55ee85c1bb785b2cba94ef7545b3,Unknown,XPU-E,16,192,HP,training,rec,false,0.5,51338280960,6.0,0.06666666666666667,,11.18134793368253,0.1506736111111107,0.6801027933756512,true,31,19,0,12
87e548c09b7165bfa6b4ecc13f5ca395,4aa8c5ff687989dfac5e197e0dc5a33f,5f0bd79d5a9b5f2e4677ef5bf6ae9fbb,1f28e063c4e5e1bc48ff55269617dd2f,Unknown,H20,8,192,HP,training,genai,true,8.0,821001453568,80.0,8.0,311.2288123091661,550.3446690538194,0.2469959027777784,0.2537688608477543,true,0,33,0,12
9320ad2646cacc7ea931964d48d1a79e,59aed7886bc9303a42c70b4c9f8af455,99a3ecd3991a0e26616e63c6c00f158d,27dc4b08122b037562bbd50b17eaf138,Unknown,XPU-E,16,192,LP,training,rec,false,0.5,51539607552,6.0,0.5,,25.11395941840278,0.282051167270027,0.5745286485883925,true,140,812,0,12
b93de4dcae33ba1406029618ce0bb58e,5af2697d4858aa40cf5d2e3caf023dac,2a63194ac3734b2dccf72003843a0966,6d5f55ee85c1bb785b2cba94ef7545b3,Unknown,XPU-E,16,192,HP,training,rec,false,0.5,51338280960,6.0,0.5,,2.133056640625,0.15850370370370376,0.12077670521206323,true,27,12,0,12
d6ec1236fbe3a38f59d08847279009ba,9e6d4eee3de758e3be49eace132d3d31,fab2ede4ac9757c4c821f79fb161e358,4d6f06d02df4e9de96966a73d9e8a4dd,Unknown,A100,8,128,HP,training,genai,true,8.0,687194767360,104.0,0.044444444444444446,0.0,0.0,,0.0,false,1,-1,0,12
eb15aa94b559b251bc8f1fd038e16a55,1801d64048c339ce77075a730c656ff6,2bcb9e6fac0c1f1a8bf8be1093fe065f,6d5f55ee85c1bb785b2cba94ef7545b3,Unknown,XPU-E,16,192,HP,training,unknown,false,8.0,821412495360,88.0,8.0,242.30149539616485,728.953125,0.11228576388888888,0.09647808128074359,true,1,19,0,12
1be76821ab4fa2786e5d50095897566f,30ebb7bc8b61963aae5d5b777026a201,c3f319bf5f93c8941a8517d66b15c1d0,6d5f55ee85c1bb785b2cba94ef7545b3,Unknown,XPU-E,16,192,HP,training,rec,false,0.5,51338280960,6.0,0.058333333333333334,,0.06966718177655677,0.09348684210526315,0.025499871571858724,true,30,32,0,13
1eb8f4615f7b391bca02d61af1ca90ec,b6530c6a41646e0e761e620fd326d99f,44ef3965b931763cbbd976046afdfbb0,6d5f55ee85c1bb785b2cba94ef7545b3,Unknown,XPU-E,16,192,HP,training,rec,false,0.5,51338280960,6.0,0.1527777777777778,,0.030513822115384618,0.02760897435897434,0.009051877688738257,true,29,62,0,13
24720c60d43b47dca4585864250d8e66,be5489395afb610cc4e2f1cfe199241f,a268a77967342486aceff4f2f552c020,27dc4b08122b037562bbd50b17eaf138,Unknown,XPU-E,16,192,HP,training,genai,true,16.0,1649267441664,176.0,0.4444444444444444,0.0,0.0,0.16456136363636362,0.006967752567414315,false,0,-1,0,13
2888c55334a278f2e63aaf85a24e7d0d,a9f32d824da825503d2861567dc2dc15,f05855d13b09d39206e98dfb3d661525,1f28e063c4e5e1bc48ff55269617dd2f,Unknown,H20,8,192,LP,training,genai,true,1.0,102625181696,8.0,0.3277777777777778,28.49769725146199,20.46277069627193,0.40841885964912283,0.11895895010964908,true,57,15,0,13
40e7da42d32a013bafba0142df8bbd87,5af2697d4858aa40cf5d2e3caf023dac,f3aa4cc9149385d9ff934069758c33f2,6d5f55ee85c1bb785b2cba94ef7545b3,Unknown,XPU-E,16,192,HP,training,rec,false,0.5,51338280960,6.0,0.45,,2.1349956999099797,0.8096743827160495,0.12745241745999808,true,27,28,0,13
4ab219f29c267123e5c44f437d59399d,5bd91a8db8c73e6337c716f81c95874c,681ca6c72cc76d4cd0abaf37a115bc31,70870b9abdf0a944615e4987e21869b3,Unknown,H20,8,192,HP,training,rec,false,8.0,821001453568,184.0,8.0,111.15763896464641,266.2845932469223,0.23672913647342983,0.7943117749475546,true,174,14,0,13
6278e9d3149aa50779ac8cb8a3fe8893,30ebb7bc8b61963aae5d5b777026a201,0df850b221f6d44e61820d452f4a29b4,6d5f55ee85c1bb785b2cba94ef7545b3,Unknown,XPU-E,16,192,HP,training,rec,false,0.5,51338280960,6.0,0.06666666666666667,,0.06337425595238096,0.08714912280701756,0.021555020516378833,true,29,38,0,13
711c7c0f122b7caec22abb95e8c31278,b6530c6a41646e0e761e620fd326d99f,5891c1672124441fe07e98df76f67d6d,6d5f55ee85c1bb785b2cba94ef7545b3,Unknown,XPU-E,16,192,HP,training,rec,false,0.5,51338280960,6.0,0.1638888888888889,,0.015928819444444443,0.020226851851851843,0.006309084244716314,true,25,21,0,13
7bca9cbbc1b0c4063e8a6d7a378a821c,09b0f5cff0d898199ed760bdf140036c,ebbc9f61656a991e97ba4edbc1d399cb,27dc4b08122b037562bbd50b17eaf138,Unknown,XPU-E,16,192,HP,training,genai,true,16.0,1649267441664,176.0,16.0,203.10931384556898,1284.7370737640845,0.38298087121212065,0.23214411875953808,true,1,17,0,13
99b59950bb8de09d5f8cd8b547a8a7b7,2aef2253649ef6a9fe639101dd244270,5dd0912e7044fa746b490b58d24214ee,1f28e063c4e5e1bc48ff55269617dd2f,Unknown,H20,8,192,HP,training,genai,true,8.0,821001453568,184.0,1.6444444444444444,4.591374516129032,12.247051411290323,0.016043560606060606,0.01734002870501894,false,0,-1,0,13
abcde9698c9ff0c650a3ced2f62bd9aa,3165a88ebdef0b96295a29e1044a5561,050f1c32bea640a8cb4bc2f7a7b6ffae,9089d80baea5f56a3c169801052daa1f,Unknown,XPU-E,16,192,HP,training,rec,false,1.0,103079215104,7.0,1.0,0.0,0.0,0.05951111111111111,0.02185435158185447,true,278,-1,0,13
c91887eae84a5b1b545fda7330cbd866,59aed7886bc9303a42c70b4c9f8af455,fe93d7d108fb2a8ba202f337b9c044a8,27dc4b08122b037562bbd50b17eaf138,Unknown,XPU-E,16,192,LP,training,rec,false,0.5,51539607552,6.0,0.5,,24.89108615451389,0.31871574074074077,0.6594558631049264,true,135,807,0,13
e5ededde1f7ad0dc4d817c467769ec66,393bfccebd65b17d8035b6576ee6c628,6250036b6cacc170eae1b4348292f36f,6d5f55ee85c1bb785b2cba94ef7545b3,Unknown,XPU-E,16,192,HP,training,genai,true,16.0,1642824990720,176.0,16.0,331.3438798025794,1107.7214963107638,0.12965053661616158,0.07217904389558015,true,0,63,0,13
01399fd60d0f59f907a385a3ac605120,3007bbd62a4f2fa243142bf2ff19078c,270abfea5c10b5a3f4ed0d63aa9f4816,6d5f55ee85c1bb785b2cba94ef7545b3,Unknown,XPU-E,16,192,HP,training,rec,false,0.5,51338280960,6.0,0.16666666666666666,,0.013572563559322034,0.01990804597701149,0.0061256106963938906,true,25,26,0,14
0eb6119bc59b35a58fd4dfa020033d62,59aed7886bc9303a42c70b4c9f8af455,efc7583c88f3f0edd7444a58db7e4623,27dc4b08122b037562bbd50b17eaf138,Unknown,XPU-E,16,192,LP,training,rec,false,0.5,51539607552,6.0,0.5,,23.789306640625,0.4701273148148147,0.6580285022876879,true,136,817,0,14
1d777fa04af52067ceaa27d804d4df37,08158701f952f9e55d7a5117d81e97a8,39bd3a46c715a279a4952d0788840a7a,70870b9abdf0a944615e4987e21869b3,Unknown,H20,8,192,HP,training,unknown,false,1.0,102625181696,23.0,1.0,25.65651599691359,56.689453125,0.06533586956521774,0.07339289016997085,true,1,28,0,14
52c1f974b8a3a8dd7bf478c6377c818d,761a40dcd5eb38be5ae84285b1e55e89,7b69ebd6a0f42732a77e2957d3af19af,2f9611355f71fe804da2606899ddfb36,Unknown,XPU-D,8,192,HP,training,genai,true,1.0,102676561920,8.0,0.35555555555555557,43.21609687500001,35.5143180847168,0.11071370967741932,0.11606182087035406,true,0,21,0,14
668e627578f464cc0e9f170759a109f9,7bf2064a5996339a2bc5e7bd67971a78,3a277e3289761d5a061cf1b806f14ff9,6d5f55ee85c1bb785b2cba94ef7545b3,Unknown,XPU-E,16,192,LP,training,rec,false,0.5,51338280960,6.0,0.225,,0.0023935185185185183,0.04718722943722946,0.006867293307655735,true,16,-1,0,14
743430f14369d0c24e7fb2247db0236c,921a15c71d0a7337132575ed42c6dbaa,3fb5a306ab8353b58691fce25617b36d,6d5f55ee85c1bb785b2cba94ef7545b3,Unknown,XPU-E,16,192,HP,training,rec,false,16.0,1642824990720,192.0,16.0,398.6024054916654,404.41421440972215,0.13624375000000005,0.07883837475544876,true,1,71,0,14
7ecc51d313960fa8b37bfb8897b82d92,f2c5885314f983512f439776e88de25b,a672997b316e86ed9c60877cced9358c,27dc4b08122b037562bbd50b17eaf138,Unknown,XPU-E,16,192,HP,training,genai,true,16.0,1649267441664,176.0,7.022222222222222,673.3074878481013,936.9826542721516,0.27159910402097903,0.21442191937543625,true,0,16,0,14
83c29070d90c03b5c50b52a375bcd83c,26ee085b68c455ce3597fa57ad324e6d,04de76026f86d004423ba1e009dcb9cb,6d5f55ee85c1bb785b2cba94ef7545b3,Unknown,XPU-E,16,192,HP,training,genai,true,16.0,1642824990720,176.0,16.0,261.3106597762805,301.54282443576386,0.33135792297979794,0.2371178814584238,true,1,75,0,14
b87b206c0cbfc07a3df702ab821302c8,896fc78491755a8c9db9b126ac9410f9,35ebe5ae7ea5ef8fc217e5d9788b012c,27dc4b08122b037562bbd50b17eaf138,Unknown,XPU-E,16,192,HP,training,rec,false,16.0,1649267441664,176.0,13.955555555555556,37.015509171974514,74.28618584836899,0.16437695425593515,0.3170886004988553,true,1,3624,0,14
c25dc9839c7a5c7998a92b7be442ee64,b3ae01349d2790aa20be5e08d14577db,e3f4efe188ecb5d74182356f33c18579,2f9611355f71fe804da2606899ddfb36,Unknown,A800,8,128,Other,training,rec,false,4.0,343597383680,32.0,4.0,0.0,0.0,0.0006586805555555962,0.014951219740841125,false,0,-1,0,14
dab32aa3ad4e56cbeef725e62c67cdb6,185852df896f826297fc3ff091ab7cd0,d9713a17dab02a3b8206a92c4d2ea8af,4d6f06d02df4e9de96966a73d9e8a4dd,Unknown,XPU-B,8,192,HP,training,rec,false,8.0,409095634944,184.0,8.0,297.44138627867153,359.646240234375,0.22852365640096634,0.7872143564181852,true,0,68,0,14
e593cfc43d67fed4e242ee604d9ac093,2a2cee14350ec8a303a26e14fd5fac8d,6abe89d53cffbfdefcf7975936ffbeab,70870b9abdf0a944615e4987e21869b3,Unknown,H20,8,192,HP,training,rec,false,0.5,51312590848,12.0,0.5,,11.82421875,0.3479340277777778,0.30124039382322826,true,129,-1,0,14
f4556337a428d3af716ae63d40e79a69,2a2cee14350ec8a303a26e14fd5fac8d,829a9a39f2fad4fa0ef2ef07e8762d41,70870b9abdf0a944615e4987e21869b3,Unknown,H20,8,192,HP,training,rec,false,0.5,51312590848,12.0,0.5,,11.82421875,0.40795578703703683,0.31208306232815075,true,137,-1,0,14
fc9553d989d398d27f6aeb7d2f362747,4692a25b5cf1694e6dfdd4927f9158fd,db159054e1a594c923d753ffa56f6c75,1f28e063c4e5e1bc48ff55269617dd2f,Unknown,XPU-E,16,192,HP,training,unknown,false,16.0,1642824990720,176.0,16.0,574.4684463049333,1180.998046875,0.2828095328282829,0.08186255800600402,true,0,51,0,14
203279a00f46d9617f3fc3171231ecd8,d17c5e41acb80f6205753a8bc6e7f453,7525167d93449641520f9b7203e9156a,3f39b4b673832cdb370477e6042ec0a7,Unknown,L20,2,192,HP,training,unknown,false,1.0,48305799168,32.0,0.3055555555555556,70.11403599999998,7.774056581439394,0.055029261363636374,0.07414852651682767,true,125,12,0,15
274ea0c34777943bbad3110d31c6b5b6,323bf4ed87517e702eff979c2b24e1c2,f58046c07fac3ce0b8c97d42b774b02c,70870b9abdf0a944615e4987e21869b3,Unknown,H20,8,192,HP,training,genai,true,8.0,821001453568,184.0,4.711111111111111,31.88567516853932,75.19027771681883,0.15998861771944223,0.7941428178511325,true,0,13,0,15
3132cff7517df625f1e410e4492cbfdd,2a2cee14350ec8a303a26e14fd5fac8d,b1f00342c52999eb130cf0b29fe9895b,70870b9abdf0a944615e4987e21869b3,Unknown,H20,8,192,HP,training,rec,false,0.5,51312590848,12.0,0.5,,15.787977430555555,0.6275576388888892,0.31065478658075324,true,10619,25,0,15
489796be3d99458b85e572c94393c071,c6f7b1d420b9fe575ef1857ca90c7e87,dc90510e3affe1d78ab7252dc6709327,70870b9abdf0a944615e4987e21869b3,Unknown,H20,8,192,HP,training,rec,false,8.0,821001453568,184.0,3.688888888888889,0.0,1.9073028187692904,0.006318640598531903,0.005383173373664097,true,8,14,0,15
4e5bcebd1853a18522c1aa06f6d691a3,8b35c429029e154fcaeeb7a145b14242,337699fe03aae4df47ab2ed33a0ae71c,4d6f06d02df4e9de96966a73d9e8a4dd,Unknown,A10,1,128,HP,training,genai,true,1.0,24146608128,8.0,0.38333333333333336,0.0,0.0,0.17509328358208942,0.07609423973880597,true,0,184,0,15
6c6fa0584c8735b0063d03219c07f98c,59aed7886bc9303a42c70b4c9f8af455,32756627f8838a44ad5fcc7fe876644f,27dc4b08122b037562bbd50b17eaf138,Unknown,XPU-E,16,192,LP,training,rec,false,0.5,51539607552,6.0,0.5,,27.179931640625,0.8241999999999998,0.7877389162558097,true,134,819,0,15
704994e463054c44c0d531a0f0433816,cf853577ff8b8cff59775ddde76995bb,ee4309b4469efbb485afae12346c1fa6,1f28e063c4e5e1bc48ff55269617dd2f,Unknown,XPU-E,16,192,HP,training,unknown,false,16.0,1642824990720,176.0,16.0,50.0,1309.740966796875,0.1120906723484825,0.2760136466245297,true,0,33,0,15
77c39dc70c8d7e63eead74da0e6ed4db,3571d1ff086e087d9a139adee20fda7d,83b7b7146d7178ff8f15ee32b77170db,6d5f55ee85c1bb785b2cba94ef7545b3,Unknown,XPU-E,16,192,LP,training,rec,false,0.5,51338280960,6.0,0.2611111111111111,,1.1760986328125,0.27902626811594194,0.1403504040078877,true,24,794,0,15
85a124e6dbd2fe8d6f7fd68c5d5c8af5,296933d9bf8fe915bc7d83881df5ebb1,34275ceed7411cc4e041c72c525e9f7d,70870b9abdf0a944615e4987e21869b3,Unknown,H20,8,192,HP,training,rec,false,8.0,821001453568,184.0,1.4666666666666666,0.0,4.628870738636364,0.05632273550724638,0.06280110135113164,false,1,-1,0,15
b36e73bcc499aee47417358260808048,1fda6549cfd67e633583f4e4d95a8124,c3f319bf5f93c8941a8517d66b15c1d0,6d5f55ee85c1bb785b2cba94ef7545b3,Unknown,XPU-E,16,192,HP,training,rec,false,0.5,51338280960,6.0,0.18611111111111112,,0.01629284274193548,0.026183593749999984,0.005323323014560366,true,25,62,0,15
baf91cd74de3f72a590983830e928b4d,8be28573da9f6068dad414648163a22e,2dddeb73be7e58d5fa465b684f16c5db,1f28e063c4e5e1bc48ff55269617dd2f,Unknown,XPU-E,16,192,HP,training,genai,true,16.0,1642824990720,160.0,15.555555555555555,565.5987939324858,1162.096431640625,0.1099155341569768,0.03149746472486171,true,26,163,0,15
bfd14d8899682922a5369a57c1371e99,3571d1ff086e087d9a139adee20fda7d,44cc8cbc8cefc55289994b8c701fb693,6d5f55ee85c1bb785b2cba94ef7545b3,Unknown,XPU-E,16,192,LP,training,rec,false,0.5,51338280960,6.0,0.3888888888888889,,0.7275093587239584,0.063725845410628,0.09332568357532152,true,162,-1,0,15
f361afccfd76671b7572e760b7bd9152,af7b676edcd29c1fd23548feb3d57de9,0f9b27b04795463d4043203f297d84b8,27dc4b08122b037562bbd50b17eaf138,Unknown,XPU-E,16,192,HP,training,genai,true,16.0,1649267441664,192.0,16.0,743.013463125244,550.3642578125,0.2774075376157406,0.745019058566623,true,0,24,0,15
f73495e137097d9e5293f7d4e8d1a193,3165a88ebdef0b96295a29e1044a5561,d8195ae7a8008c63433e62ac1b1fa14c,9089d80baea5f56a3c169801052daa1f,Unknown,XPU-E,16,192,HP,training,rec,false,1.0,103079215104,7.0,1.0,0.0,0.0,0.04926269841269841,0.01796537654081384,true,277,-1,0,15
fe569c4a3aa6b3adbe7c1a077ad9c64b,dd0bf5eed73c2ea207c0f345ab1416ab,fcac501badd112b9b601acc2485458eb,6d5f55ee85c1bb785b2cba94ef7545b3,Unknown,XPU-E,16,192,HP,training,rec,false,0.5,51338280960,6.0,0.5,,38.633056640625,0.21984999999999993,0.3968573483951038,true,13,19,0,15
06897cc875cb4b0382664ffab715c340,52e60c4a4b8daa947070984a62e4bf3e,be41a14a322c6d686c27b6bab110767a,2f9611355f71fe804da2606899ddfb36,Unknown,A100,8,128,HP,training,genai,true,8.0,687194767360,112.0,3.3777777777777778,283.5536708631658,307.494234628805,0.3644048624517375,0.10876553184678824,false,1,-1,0,16
0980de194a10decbc16b33b442dc150f,38d498e0f88bee4f89e7f2c15923eef5,f9d0037aadfbd1ed321aa39924a64814,3f39b4b673832cdb370477e6042ec0a7,Unknown,L20,2,192,HP,training,unknown,false,1.0,48305799168,32.0,1.0,4.3503913556618805,7.212890625,0.25753433040065243,0.20384888433747822,true,1537,22,0,16
21f51d4e07c7695c8cd655e15f1d6dcc,,658fe9aedbb62e28330b11f4c98017fd,87532e3737169e035fad3c9f3ab7f85e,Unknown,L20,2,192,HP,training,unknown,false,1.0,48305799168,8.0,1.0,0.2051176111111111,20.505859375,0.1584246527777779,0.05459391276041667,true,41,-1,0,16
27f8b3cff2a27aacb3bb3a960ed347e6,2a2cee14350ec8a303a26e14fd5fac8d,66adc8a862be1f39a001a8b6a892546e,70870b9abdf0a944615e4987e21869b3,Unknown,H20,8,192,HP,training,rec,false,0.5,51312590848,12.0,0.5,,12.826171875,0.48041759259259265,0.3179391579120019,true,123,-1,0,16
37577da7042517068f158b7bc45a0b1e,9ea1e01d003a85e77dc38a3217b44a6e,4b240aad0fff88a6f7a549820f4fd9d9,9089d80baea5f56a3c169801052daa1f,Unknown,XPU-E,16,192,HP,training,rec,false,16.0,1649267441664,192.0,5.6,,,1.318617724867726e-05,1.573512163111773e-05,false,266,-1,0,16
3ac43c44b10b9ff6e6afd4bcfcb8817c,6931212e9f732e0c2e4c25d2a114833c,b5e12894a637650da2132d0d9c659579,2f9611355f71fe804da2606899ddfb36,Unknown,A100,8,128,HP,training,genai,true,8.0,687194767360,120.0,0.7555555555555555,0.0,0.0,0.011103819444444446,0.0040140625,true,67,29,0,16
499a1c1d9ef5f132d388fde26555f136,f7d1cbd7af3f5ffb68074a39ce7a3cf5,df029abff855168fa907665fca0ba8d5,3f39b4b673832cdb370477e6042ec0a7,Unknown,L20,2,192,HP,training,unknown,false,1.0,48305799168,15.0,1.0,72.82970075308648,39.94413628472223,0.07011266592406942,0.04626813146803117,true,2868,374,0,16
a756ed05d614b84b4a9a1fddb9522442,28da9474e62d9cf9a920c4d4ba1e0ebc,db96ae057098d8ea17ead238b13f0cdb,6d5f55ee85c1bb785b2cba94ef7545b3,Unknown,XPU-E,16,192,HP,training,rec,false,0.5,51338280960,6.0,0.019444444444444445,,0.0,0.11477083333333335,0.00032711029052734375,true,1042,8,0,16
e52e22acfd046ed78105842e634e9d6f,2a2cee14350ec8a303a26e14fd5fac8d,6c7ae7fed699e8c5db30e8bb64415685,70870b9abdf0a944615e4987e21869b3,Unknown,H20,8,192,HP,training,rec,false,0.5,51312590848,12.0,0.5,,11.82421875,0.22172060185185188,0.317709273024796,true,1044,-1,0,16
f4542b04f64ff0e99a667db4267a425e,8aa8f13545783649b6c3f6c2a409d04a,dbbc24f6b8744fd24a0e43842842b58d,2f9611355f71fe804da2606899ddfb36,Unknown,XPU-D,8,192,HP,training,rec,false,8.0,821412495360,160.0,8.0,58.039063012765055,558.16357421875,0.07832144097222288,0.1497830291368343,true,1,72,0,16
1bd571f3da91c8f5cac04b2a354d9702,3571d1ff086e087d9a139adee20fda7d,2c55815713170bf8bd05dedaec2f9245,6d5f55ee85c1bb785b2cba94ef7545b3,Unknown,XPU-E,16,192,LP,training,rec,false,0.5,51338280960,6.0,0.20555555555555555,,5.400107628191022,0.876664383561644,0.4330923603005604,true,2,7,0,17
718dc4ff4fd8ed9f0e78f3bbe4870873,75fe4e6f1a1bde6a59488dafb407fe1b,79affc153fa0c7ccf6ca083534c95735,1f28e063c4e5e1bc48ff55269617dd2f,Unknown,H20,8,192,HP,training,genai,true,4.0,410500726784,92.0,1.3333333333333333,124.76500749999998,220.88249323918265,0.16051126482213443,0.05553550121166089,true,1,32,0,17
b78d9dcbde19c0928610cdcbbe808b09,c2527a79aaedf13f12e9f823cd75add3,04c11e0a2a17fed8998ee5f24114e594,2f9611355f71fe804da2606899ddfb36,Unknown,A100,8,128,Other,training,genai,true,4.0,343597383680,64.0,1.7777777777777777,3.443037974683545e-05,62.683445411392405,0.0028536132812500004,0.0033751494288444517,false,0,-1,0,17
bf474f8d43a2a741ed7623e3523ea05d,59aed7886bc9303a42c70b4c9f8af455,356efa392721d99c3ebb3744dbb431fc,27dc4b08122b037562bbd50b17eaf138,Unknown,XPU-E,16,192,LP,training,rec,false,0.5,51539607552,6.0,0.4388888888888889,,25.06537326191424,0.7029636075949371,0.7039677394593319,true,139,812,0,17
c7bd6e24fedef9842e3c4e304f958e58,59aed7886bc9303a42c70b4c9f8af455,106df22ed9a099d746bb1247f7d1b2be,27dc4b08122b037562bbd50b17eaf138,Unknown,XPU-E,16,192,LP,training,rec,false,0.5,51539607552,6.0,0.4777777777777778,,26.62233089972399,0.5531429980276138,0.8125926343221518,true,137,832,0,17
fa1fb3d69f3c025822f741f278a1f7f7,90c884d2d49d16944316664041821e6e,2c55815713170bf8bd05dedaec2f9245,6d5f55ee85c1bb785b2cba94ef7545b3,Unknown,XPU-E,16,192,HP,training,rec,false,0.5,51338280960,6.0,0.058333333333333334,,0.09921875,0.14332777777777775,0.030321573743633194,true,27,98,0,17
02efec9af7263dafad83713dfa64df1f,3d12928a59eba2b97d974131325d5b33,4e149332b8aef0bb4fa1471b9f6183e0,6d5f55ee85c1bb785b2cba94ef7545b3,Unknown,XPU-E,16,192,LP,training,rec,false,0.5,51338280960,6.0,0.13055555555555556,,0.0005295138888888888,0.01285227272727272,0.0009306092193161229,true,132,-1,0,18
09ea4860ae01387700a0cb8a18062481,62d5cb2dc1522c3aa9c8be427c2e8520,a5e47c3c3493b1dbdf39f1a152d4ebfb,9089d80baea5f56a3c169801052daa1f,Unknown,XPU-E,16,192,HP,training,rec,false,1.0,103079215104,3.0,1.0,0.0,0.0,0.29621574074074086,0.09220326312918786,true,122,12,0,18
0b44849a9b3d1a7582382effeaa33419,2a2cee14350ec8a303a26e14fd5fac8d,6dad43c9c7d0e7866a0b292ef58ead74,70870b9abdf0a944615e4987e21869b3,Unknown,H20,8,192,HP,training,rec,false,0.5,51312590848,12.0,0.5,,13.82421875,0.41551805555555565,0.31285602377315846,true,122,-1,0,18
233d96d9c681fd3da1804a756dc1c506,948366cfaee982fe1a79e62babf733a5,0ab3924bb2f49d1a12be38026bec553b,6d5f55ee85c1bb785b2cba94ef7545b3,Unknown,XPU-E,16,192,HP,training,unknown,false,16.0,1642824990720,176.0,16.0,455.9635386292726,31.125,0.1416339646464637,0.029262127753363707,true,0,46,0,18
398c32c341fab93678d8d06a2a9c74df,cf9348c0ea2ec2f9fc5ff5ccdd2a5b3b,9647544d486b29907caa05d84cad85f2,1f28e063c4e5e1bc48ff55269617dd2f,Unknown,H20,8,192,HP,training,genai,true,8.0,821001453568,192.0,8.0,186.91298092384164,573.078125,0.07668206018518607,0.23811366385883742,true,0,235,0,18
4192a56d009fb0091ba6488b5145a18a,3d12928a59eba2b97d974131325d5b33,f47705c59925f38b3fd7dbb69bb799e7,6d5f55ee85c1bb785b2cba94ef7545b3,Unknown,XPU-E,16,192,LP,training,rec,false,0.5,51338280960,6.0,0.125,,0.0005208333333333333,0.010839147286821714,0.0010531931212454132,true,128,-1,0,18
459a3b503cec46e2aca8cf99fe46a0e7,b252292951060b804a2479027f65f3e5,48d61d72cca7a3c69afa4210421901b7,6d5f55ee85c1bb785b2cba94ef7545b3,Unknown,XPU-E,16,192,HP,training,genai,true,4.0,410706247680,44.0,0.24444444444444444,27.58891,10.12861328125,0.01474147727272814,0.008342193312872025,true,0,28,0,18
cd5d1035e8b4c8f9549027baf5c44b74,cf853577ff8b8cff59775ddde76995bb,3cb0d33ec4715ba901dfa8bbf8c17c6e,1f28e063c4e5e1bc48ff55269617dd2f,Unknown,XPU-E,16,192,HP,training,unknown,false,16.0,1642824990720,176.0,16.0,50.0,1310.944580078125,0.10625250946970259,0.27598848593252673,true,1,49,0,18
da2075b4e6f5198dae7b7f338d1cc6af,877e5dd41b66248419b121458c44a0e5,3c3e1b593d71212532faa83f9c1d8ee8,1f28e063c4e5e1bc48ff55269617dd2f,Unknown,XPU-E,16,192,HP,training,unknown,false,2.0,205353123840,32.0,0.23333333333333334,0.09089725925925926,3.1918306929976854,0.17944375,0.15011444076513636,true,57,19,0,18
f10593ee8c083f1f82539f6c1595e47a,e6bc64b814ad167194914e967c823734,f679da9d88becaf58c85d8d25d8d0e68,70870b9abdf0a944615e4987e21869b3,Unknown,H20,8,192,HP,training,rec,false,8.0,821001453568,184.0,8.0,84.5802433075613,697.1875,0.13696023917735162,0.6030689358181427,true,1,54,0,18
0c7bb03d1585fd4305c406042ef07feb,2a2cee14350ec8a303a26e14fd5fac8d,272c0afd4f33ad56bf6e54bd8fe3dc8a,70870b9abdf0a944615e4987e21869b3,Unknown,H20,8,192,HP,training,rec,false,0.5,51312590848,12.0,0.5,,12.82421875,0.40637453703703785,0.3156181724347335,true,133,-1,0,19
140f3d86a1aab0631c6df02db20e47c5,,a77099617479c5c494afcf948ac565ce,1f28e063c4e5e1bc48ff55269617dd2f,Unknown,XPU-E,16,192,HP,training,unknown,false,8.0,821412495360,40.0,8.0,578.975233767306,438.328125,0.022013714320505993,0.25454079817842545,true,0,72,0,19
18f7e2367ac49b0d35b282813080efb2,1c8e22069a021a198524f3f12b55354a,b500a82ec8c94b374315afaf380ad26e,1f28e063c4e5e1bc48ff55269617dd2f,Unknown,H20,8,192,HP,training,genai,true,8.0,821001453568,192.0,8.0,710.5582695249645,670.888671875,0.05055811700837756,0.21970205854486516,true,4325,477,0,19
2fff7e2ef46716b0339a6dd0c44c2444,44f78a06367221d6fe446e8e9f14e252,c5836b49d8e48282aa1efc182bb772a4,6d5f55ee85c1bb785b2cba94ef7545b3,Unknown,XPU-E,16,192,HP,training,rec,false,0.5,51338280960,6.0,0.019444444444444445,,0.0,0.016000000000000014,0.014357980092366537,true,31,24,0,19
4037df353728dd1cb7e8fbc08b889ee2,b04c10cefbdfc20b8290b73a6ff0c701,5c77f7e1c227f0e63a9af2a29c1b41da,2f9611355f71fe804da2606899ddfb36,Unknown,A100,8,128,HP,training,genai,true,8.0,687194767360,112.0,3.7777777777777777,0.0,0.0,0.008014766483516487,0.010424302138960315,false,0,-1,0,19
4f3731096c2f91b2312bb8c9362ddbf1,37e8d94026980f9eb63d7de5b67ba873,d6f9cfb817e92e2489adda4eabac50d4,1f28e063c4e5e1bc48ff55269617dd2f,Unknown,XPU-E,16,192,HP,training,unknown,false,16.0,1642824990720,176.0,16.0,196.87875000760852,1276.1471587024157,0.38089452335858653,0.22689683677390782,true,1,29,0,19
5db106769de942c99598110d126acfbf,9eec8622fdd42ac4b571af7441798731,7bdcc7caacb0527f34ba64b576e758ee,1f28e063c4e5e1bc48ff55269617dd2f,Unknown,H20,8,192,HP,training,genai,true,8.0,821001453568,184.0,8.0,99.1704051751543,455.24590928819447,0.1079323369565217,0.06607087409125433,true,0,74,0,19
9b3377bd5a16d9363a1c5aca899bc1aa,62d5cb2dc1522c3aa9c8be427c2e8520,f2e937fdd24abb03db435e6f8ddbb81b,9089d80baea5f56a3c169801052daa1f,Unknown,XPU-E,16,192,HP,training,rec,false,1.0,103079215104,3.0,1.0,0.0,0.0,0.2859907407407406,0.0832774932613682,true,559,-1,0,19
9e38a467d91f824388f050233d842fb4,59f1507b5e9f1d3cfbbed8e04cc2f9ca,2bdbe699d3573d867e33b2ba7cc0528a,6d5f55ee85c1bb785b2cba94ef7545b3,Unknown,XPU-E,16,192,HP,training,rec,false,0.5,51338280960,6.0,0.06388888888888888,,0.04057017543859649,0.054545833333333335,0.01566815694173177,true,25,8,0,19
b34d05975a664e054c82bb422345c87c,8c7f1cecd7c1d76aae22b3852f24e38c,4d74d2bded89833e4d83633a2cf691a2,2f9611355f71fe804da2606899ddfb36,Unknown,A800,8,128,HP,training,genai,true,8.0,687194767360,112.0,8.0,134.32705875617285,526.4682541232638,0.1093706349206349,0.2155527757658782,true,32,73,0,19
c4b9985188c170b15feda92ce4c03750,06f4b7f44ae45a460d6f924a5882c4ba,76852aa69617212b39706fd057b104b3,27dc4b08122b037562bbd50b17eaf138,Unknown,XPU-E,16,192,HP,training,rec,false,16.0,1649267441664,176.0,3.7333333333333334,0.024745714285714288,4.696844320953208,0.04029558982683983,0.08348646979031657,true,0,242,0,19
c8914e402cacc3f7a2e07a715a7f2008,b4f838d7f46f50c4d9ca464538827f1a,5fb5b29432bb4a894aece3ebcafa9bcd,2f9611355f71fe804da2606899ddfb36,Unknown,A800,8,128,HP,training,genai,true,8.0,681584361472,112.0,0.26666666666666666,11.112460833333333,516.58203125,0.09542321428571411,0.0173758935546875,false,0,-1,0,19
cd8929aa3f7329ca1ddc31e4b61c1120,62d5cb2dc1522c3aa9c8be427c2e8520,55196980c2ec8734089dad190cc48f69,9089d80baea5f56a3c169801052daa1f,Unknown,XPU-E,16,192,HP,training,rec,false,1.0,103079215104,3.0,1.0,0.0,0.0,0.29625925925926055,0.082895959956518,true,419,-1,0,19
d504a73332f35f44e892bca85500e804,d544bf51bcb6d214862ac97ccbf23cfe,ec2822f49e84cb4b3338a345bede37b5,27dc4b08122b037562bbd50b17eaf138,Unknown,XPU-E,16,192,HP,training,rec,false,16.0,1649267441664,176.0,16.0,264.24309620779223,543.896728515625,0.2904795454545454,0.8274686588428639,true,0,19,0,19
d7c7e9dad303d00796079af21f110845,66e47ee2504035e8e20d91d50f868b22,9d80cad4bd0ada2061750cf2efdab856,4d6f06d02df4e9de96966a73d9e8a4dd,Unknown,A100,8,128,HP,training,genai,true,8.0,687194767360,112.0,1.2444444444444445,163.33477804347828,62.035092561141305,0.13747853708791205,0.0420490849609375,false,0,-1,0,19
e509c3b14f3e1b74ac686c94ce5bfe55,44f78a06367221d6fe446e8e9f14e252,e4534fdf02e40d40615fdcc8329724f5,6d5f55ee85c1bb785b2cba94ef7545b3,Unknown,XPU-E,16,192,HP,training,rec,false,0.5,51338280960,6.0,0.016666666666666666,,0.0774169921875,0.006183333333333204,0.029054578145345053,true,29,24,0,19
2349a6c6aa3e822c1672a0ea0283978e,63e1bbbc45f4a77136cdf649c1aae946,0c4130c0c4b0efae2187691c9c75f97c,9089d80baea5f56a3c169801052daa1f,Unknown,XPU-E,16,192,HP,training,rec,false,1.0,103079215104,10.0,1.0,31.395125466507174,91.06170355902778,1.056112777777777,0.808677181468504,true,275,5,0,20
252004a87f9a664b36fe653430e12ee2,d91c6f3c7e942dcb659e2cedfb5530c8,ebd0f9088dfcc857860d0a2c6d7473dc,3f39b4b673832cdb370477e6042ec0a7,Unknown,L20,2,192,LP,training,unknown,false,1.0,48305799168,16.0,1.0,43.267400476911966,31.46837131076389,0.45973246527777795,0.18199035657776727,true,462,160,0,20
2caaf985bcefd7a03994c5acfa8ec6d0,df166ef67b060b307fc424bb27389a88,21e91eafec5c3b32e0cd5d96dd95c79a,2f9611355f71fe804da2606899ddfb36,Unknown,A100,8,128,HP,training,genai,true,4.0,343597383680,56.0,4.0,49.370455782769355,308.0,0.07810087793889489,0.13937219969100423,true,0,63,0,20
4f4ee1c947831969e48a35278c0e80ed,,4bcde288b9bf75d7778d00f380b4e0ce,87532e3737169e035fad3c9f3ab7f85e,Unknown,H20,8,192,HP,training,genai,true,4.0,410500726784,48.0,4.0,55.07793297693306,374.8046875,0.08959456018518558,0.13889011135807752,,,,0,20
61dea67fb3a7baf57af25bc4e2d7d06e,2a2cee14350ec8a303a26e14fd5fac8d,0e50c1f23a0893d37ccb7cee8bdcbc66,70870b9abdf0a944615e4987e21869b3,Unknown,H20,8,192,HP,training,rec,false,0.5,51312590848,12.0,0.5,,12.82421875,0.41647592592592614,0.3199764885307043,true,127,-1,0,20
66549e20d13fa2ddc5e9785ba9fbc2a2,f5c3715af43866c0e41cd8769ad02e11,a0c1352a7abf21f78ac4a3be71988786,1f28e063c4e5e1bc48ff55269617dd2f,Unknown,H20,8,192,HP,training,genai,true,8.0,821001453568,184.0,8.0,398.8731291481482,532.8796875,0.07817660024154588,0.22915783588587174,true,0,72,0,20
6c87ac33f3d4f8cb4fca54ea0116fa42,0df35dc4d456dfa431599a3531ea0039,346ca691a9dbcd46ec62d1f0b864ec67,70870b9abdf0a944615e4987e21869b3,Unknown,H20,8,192,HP,training,genai,true,8.0,821001453568,184.0,8.0,94.05695925664138,454.27523062323445,0.1146816878019316,0.2610770441308244,false,141,-1,0,20
95b96365e95a14eb6b71c4f1f9c97bdd,952c87b4eb732d81997b44581ea5a623,5cc71866267ed33376e2637e3a3f8dff,70870b9abdf0a944615e4987e21869b3,Unknown,H20,8,192,HP,training,genai,true,8.0,821001453568,160.0,8.0,516.7427088117286,754.55078125,0.052303715277777774,0.03510610290527344,true,0,34,0,20
99a8b4d5dcffc67a40441b1060c1978f,,bbde2d6c6293fc19406b92da6bf7878c,1f28e063c4e5e1bc48ff55269617dd2f,Unknown,XPU-E,16,192,HP,training,unknown,false,1.0,102676561920,5.0,1.0,0.0,0.0,0.001583888888888889,0.002250768873426649,true,0,572,0,20
ae85c31e73917097d302898de72abd96,ea894078360d4935b7106598c47d7ea9,0eb5229694d78a4a8b64c51c5cd8ff4b,70870b9abdf0a944615e4987e21869b3,Unknown,H20,8,192,HP,training,rec,false,8.0,821001453568,184.0,0.8,0.0,1.8337890625000002,0.009024650621118013,0.007779078233506945,false,2098,-1,0,20
d0f6772565022f4395f8c113195e3e83,2ae61962dcb55c42635754396c393376,86aa44036d42861c75232815d0a0015e,1f28e063c4e5e1bc48ff55269617dd2f,Unknown,H20,8,192,HP,training,unknown,false,1.0,102625181696,49.0,0.11666666666666667,0.0014509523809523811,0.7597377232142857,0.0984231692677071,0.010781088361033688,true,0,7,0,20
d379d1ff041d9122dc4bc76cd30b5c37,69a802d09ff51a05f943e5d0b68396d7,462532f03817cf4bb24cb6f49013865f,1f28e063c4e5e1bc48ff55269617dd2f,Unknown,H20,8,192,HP,training,genai,true,1.0,102625181696,23.0,0.2777777777777778,94.25123331018519,71.84505208333333,0.04573956521739124,0.11791230989583334,true,0,27,0,20
d46a73a2bcb2f6890873a5f5651e51ba,e8d55a25b5e3b7565cd7cf4fb9d2e589,e7d7b97c2a9d28b94d3cd9be0b42c8d9,27dc4b08122b037562bbd50b17eaf138,Unknown,XPU-E,16,192,HP,training,rec,false,16.0,1649267441664,176.0,16.0,306.5001421411653,1062.043212890625,0.627060361327878,0.463802195515513,true,94,105,0,20
eaf8863df33dbd586e3cdb0707a853a5,,3e4c2c7810d83f44481a7eb0a177f604,87532e3737169e035fad3c9f3ab7f85e,Unknown,L20,2,192,HP,training,unknown,false,1.0,48305799168,9.0,1.0,7.462600080945198,1.095703125,0.07437993827160239,0.03741602305493323,true,0,349,0,20
1446ea6426f7ab3b5564f122678646bf,,9954bb2cba60f597b727ef17657ccdb4,3f39b4b673832cdb370477e6042ec0a7,Unknown,L20,2,192,LP,training,unknown,false,1.0,48305799168,16.0,1.0,56.23729722071391,28.00390625,0.2592210069444444,0.15471844805611504,,,,0,21
333ccaa410e8783fd08471245ada877e,2cb70efd3aa3717535efb49ef99cd264,9a9a1e53f17df10c2bbf6c260f12fcb7,6d5f55ee85c1bb785b2cba94ef7545b3,Unknown,XPU-E,16,192,HP,training,rec,false,0.5,51338280960,6.0,0.011111111111111112,,0.087890625,0.005555555555555556,0.00045255025227864586,true,29,46,0,21
3f723211655a108509893e1ed20bab7b,35da91db45963a4413d391964c4523fa,8cf096b0b19b60526caffd24de0729e3,6d5f55ee85c1bb785b2cba94ef7545b3,Unknown,XPU-A,8,192,HP,training,genai,true,8.0,1649133223936,184.0,8.0,,790.3054922570122,0.05412820048309176,0.05083960394965279,true,1,144,0,21
aff8d885649fed1241e7db74748a0178,,c5b927f75b31c6a1e9d25c8d2009d7c4,6d5f55ee85c1bb785b2cba94ef7545b3,Unknown,XPU-E,16,192,HP,training,rec,false,0.5,51338280960,6.0,0.2972222222222222,,1.1816403968311915,0.06726022012578617,0.05918598414966894,,,,0,21
ba3a556da5f78333497b3bef9b59a9c1,377ed2b6c1def3188a427680df29c777,cba646b65edc5238d5d63b268b099303,27dc4b08122b037562bbd50b17eaf138,Unknown,XPU-E,16,192,HP,training,genai,true,16.0,1649267441664,176.0,16.0,433.47183180255587,1055.906982421875,0.3805251578282829,0.757336545149827,true,0,19,0,21
c5b540387d245f9f3571f753b86e98be,2a2cee14350ec8a303a26e14fd5fac8d,046d5d34587f01eed8b339026a4d2e14,70870b9abdf0a944615e4987e21869b3,Unknown,H20,8,192,HP,training,rec,false,0.5,51312590848,12.0,0.5,,11.82421875,0.46502893518518534,0.3288918677610765,true,160,-1,0,21
d62ebdbdf69af32491cc9c9234ab771c,2a2cee14350ec8a303a26e14fd5fac8d,66adc8a862be1f39a001a8b6a892546e,70870b9abdf0a944615e4987e21869b3,Unknown,H20,8,192,HP,training,rec,false,0.5,51312590848,12.0,0.5,,11.826171875,0.44307175925925935,0.32124223501548455,true,136,-1,0,21
fb90b2ed9404d6bab16c9f0f22e9e2eb,63e1bbbc45f4a77136cdf649c1aae946,1b6373310260ddf5fb383b528c9a03c0,9089d80baea5f56a3c169801052daa1f,Unknown,XPU-E,16,192,HP,training,rec,false,1.0,103079215104,10.0,1.0,26.920929231150794,85.272705078125,1.0499672222222216,0.8421205175568236,true,275,5,0,21
fe3996cd9a76872688e420ab734321ba,dfad423835535b95566771467a941219,20dc6cd4eafee5d476d6a637f839a92d,1f28e063c4e5e1bc48ff55269617dd2f,Unknown,H20,8,192,HP,training,genai,true,8.0,821001453568,192.0,8.0,403.65632038556845,697.169921875,0.04642550796116465,0.115883753851608,true,19724,970,0,21
061cec081ec425ba2c643e1da45300f8,fce8567767e8e7a7c9755335584dc600,2adb7ff7d0c14042c48a0295e5a6ae55,3f39b4b673832cdb370477e6042ec0a7,Unknown,L20,2,192,LP,training,unknown,false,1.0,48305799168,16.0,1.0,42.76623816289593,28.97265625,0.46521354166666645,0.17920410103268095,true,988,262,0,22
1ab0e81ab2a36de27ba05ea811aec6b9,3bd1c704d905ad95ea98a8470b0bc643,7a235a8e19e8ba3deabed926ac404712,1f28e063c4e5e1bc48ff55269617dd2f,Unknown,H20,8,192,HP,training,unknown,false,8.0,821001453568,184.0,8.0,113.10891888575506,525.08203125,0.2545865489130433,0.6731949504484956,true,0,60,0,22
1d0a3a06e8b5fcc25d9cb8702144d47e,ecabc0e2ad70a3842ce393054afbc09e,6dfebf6c5915f9d532bc442f7878715b,70870b9abdf0a944615e4987e21869b3,Unknown,H20,8,192,HP,training,genai,true,8.0,821001453568,184.0,8.0,195.57910664940135,267.75,0.2922784722222224,0.6783039586950231,true,984,12,0,22
3a606487a7584e27af3dce70e0cfbcec,39f758465b1860b35bb63caf4970e7a7,527e698b19095458b194f7dd5c56bc54,1f28e063c4e5e1bc48ff55269617dd2f,Unknown,H20,8,192,HP,training,genai,true,8.0,821001453568,80.0,8.0,336.6148166095678,554.587158203125,0.24629061046714007,0.15076673401590948,true,1,45,0,22
3ff0b5734683c0c6af451bf93e3b7fed,82dfd990d03d2d84ab3e1fa754106d3d,276d898635ac3463af71c2ac1ff54fcd,4d6f06d02df4e9de96966a73d9e8a4dd,Unknown,A100,8,128,HP,training,unknown,false,8.0,687194767360,104.0,8.0,570.908317049357,485.0078125,0.29217479984683925,0.3179521476915147,true,1,21,0,22
63eaca8882c52e7c0afeb193e728b280,b415fc945ec0f50a2d114f24965888d9,f55a404fee5d66b79e31417134e099be,9089d80baea5f56a3c169801052daa1f,Unknown,XPU-E,16,192,HP,training,rec,false,1.0,103079215104,4.0,0.2111111111111111,0.0,0.0024876644736842105,0.03954285714285714,0.009791842313465492,true,128,5,0,22
7b6ac8d84295ac341162118e0d18626c,63e1bbbc45f4a77136cdf649c1aae946,4c6dd0fd077fbb1c219a9e615b620022,9089d80baea5f56a3c169801052daa1f,Unknown,XPU-E,16,192,HP,training,rec,false,1.0,103079215104,10.0,1.0,29.20793468518517,90.27392578125,1.0455536111111106,0.8612955561617047,true,274,6,0,22
811c43028b67b64fdaa3df667d064e29,752dd48fde476f3f0ddc3f72ec7e7d76,3b4e0f89f5160a6b5b3628a8856020d2,1f28e063c4e5e1bc48ff55269617dd2f,Unknown,H20,8,192,HP,training,genai,true,8.0,821001453568,192.0,8.0,323.5097836174785,501.7817773437499,0.046065552662037046,0.22270555955392335,true,33724,539,0,22
a027c5144531c7105b6e3a4cb36fec81,ce89f69ebd8a75a35add17cc3fdecdb4,9c2970831d3cfe8c902bb9bd2178d5ac,6d5f55ee85c1bb785b2cba94ef7545b3,Unknown,XPU-E,16,192,HP,training,rec,false,8.0,821412495360,96.0,8.0,33.36634380588622,204.662109375,0.19102526513041848,0.10104523332030681,true,1,56,0,22
a2a8d0cedc59dd2dcdb2f0484f3863a3,cb64e7f5b9ce14a1c1149bb7465e488b,1a29acc0f56565d4d9fed7de73127bc1,6d5f55ee85c1bb785b2cba94ef7545b3,Unknown,XPU-E,16,192,HP,training,rec,false,16.0,1642824990720,150.0,16.0,468.7562560955432,404.024499808821,0.37458905555555516,0.31187516724310205,true,0,41,0,22
c8528fa921f8ac60ce2a02ae646e241b,01c19b5de360c58eda6bd2c0897aee4a,8268b8b2e96a4e2779cecf60cb82e4e8,2f9611355f71fe804da2606899ddfb36,Unknown,H800,8,192,HP,training,unknown,false,8.0,684166479872,192.0,8.0,0.0,0.0,0.0014449323540331183,0.002442006029401506,true,0,68,0,22
f2515648b7febb35638debcffdca71de,377ed2b6c1def3188a427680df29c777,ea1cabd1d9beee86220f6c94e0ae6e9d,27dc4b08122b037562bbd50b17eaf138,Unknown,XPU-E,16,192,HP,training,genai,true,16.0,1649267441664,176.0,16.0,501.89698563819684,1055.897705078125,0.41364108270202005,0.7600522326178879,true,0,19,0,22
f61b7a04e71078c3abb8b56f412c6263,71a2e5c4575cc99af6e6eab14bb380bd,f3e182153070287d61d6535ef2494d3f,1f28e063c4e5e1bc48ff55269617dd2f,Unknown,H20,8,192,HP,training,unknown,false,8.0,821001453568,192.0,8.0,198.67345817218032,142.4272902818635,0.026376822916666667,0.20527785859726086,true,6161,28,0,22
4408ea34e7a3b43bace1d40c0159aa24,44566c1c8bb4857b55886591b195eb48,796425baf3db6b32ddd2cb72eb04eabb,2f9611355f71fe804da2606899ddfb36,Unknown,H800,8,192,HP,training,unknown,false,8.0,684166479872,184.0,8.0,208.71802689402554,461.71875,0.08935742753623166,0.16433528803265293,true,208,66,0,23
4d7a05f067e42a70aef7da5dddfd6086,12f547b2525cdffa55dea463ba133912,d6bd6b38c52fa081716a7f7a94eb9571,2f9611355f71fe804da2606899ddfb36,Unknown,XPU-D,8,192,HP,training,genai,true,8.0,821412495360,184.0,2.8,0.0,49.499956805889425,0.0034740696389095305,0.4216693626666891,true,0,-1,0,23
5b4bf4b99e5506061d9bc54f84fe2d6b,ba0461ca5b12dca72d5f78e1e63b480e,8f45eebd744a08243f8d98782c21992e,70870b9abdf0a944615e4987e21869b3,Unknown,H20,8,192,HP,training,rec,false,8.0,821001453568,184.0,8.0,262.01207139948104,697.1875,0.29280976751207727,0.33530260506359905,true,0,54,0,23
68f28e6c0c53a30ffa94582d04a82f27,63e1bbbc45f4a77136cdf649c1aae946,5d44e664508a2c0940a57f45f7020d38,9089d80baea5f56a3c169801052daa1f,Unknown,XPU-E,16,192,HP,training,rec,false,1.0,103079215104,10.0,1.0,25.18119530214427,89.271728515625,1.0491655945419098,0.8379191254618501,true,274,7,0,23
7aca9c380e5003305787e5e1a60d3ac5,37ed6f972caa8507f89fe3ff2964cd7f,f46831086bb2a2dd3cae53066d6a177d,1f28e063c4e5e1bc48ff55269617dd2f,Unknown,XPU-E,16,192,HP,training,genai,true,16.0,1642824990720,50.0,16.0,468.87505545233773,1136.451171875,0.46385566666666633,0.2829796967393498,true,0,27,0,23
8aad24c9af960c070d13fcb9448a0d0d,37ed6f972caa8507f89fe3ff2964cd7f,2dd1ab4ef9eba93d168fc18b59a8c835,1f28e063c4e5e1bc48ff55269617dd2f,Unknown,XPU-E,16,192,HP,training,genai,true,16.0,1642824990720,50.0,16.0,470.5080115350136,1122.92578125,0.46360094444444416,0.2830929109524726,true,0,29,0,23
b077ac51a431e907a2f633ae17bde2c3,7d42458239015d331a8c89d10deadae9,793ce38f52a74e8f221e07bb91f90c64,3f39b4b673832cdb370477e6042ec0a7,Unknown,L20,2,192,LP,training,unknown,false,1.0,48305799168,16.0,1.0,52.56851148768223,40.396484375,0.364210416666667,0.25154557691680063,true,2144,14,0,23
c084687f44a783467632429f5726b57f,eca114e52be2e31f54f3a8525460de5b,69beff0444eb191b19cf8ffe1da1074d,6d5f55ee85c1bb785b2cba94ef7545b3,Unknown,XPU-E,16,192,HP,training,genai,true,16.0,1642824990720,176.0,16.0,601.7160225001812,1013.4370290798611,0.2148596117424243,0.1934191964721679,true,0,24,0,23
24adbb21ad8596c68b1534dc71d9de6b,,6d064f8400d6a88b2a83d8d73a83d581,da8d7fb8796ea962e14eef38624d8059,Unknown,A10,1,128,HP,unknown,unknown,false,0.11,2820000000,4.0,0.0030555555555555557,,0.0,0.015349999999999683,0.100245888,false,0,-1,0,00
9c4f28f5c64ba917c6707e6910daf4af,,c7f2d91906a721d63b2eb8d1e5f3b3d3,9089d80baea5f56a3c169801052daa1f,Unknown,XPU-E,16,192,LP,unknown,genai,false,1.0,103079215104,4.0,0.027777777777777776,,,0.004750000000001364,0.6850167592366536,false,46,-1,0,00
e5b2f36af877e927fb5110b4c5d7f34a,,a8afe5fe863c647452b1d6ca3d05387d,87532e3737169e035fad3c9f3ab7f85e,Unknown,H20,8,192,HP,unknown,unknown,false,4.0,410500726784,16.0,4.0,0.0,337.7734375,0.17966145833333333,0.026631321178542243,true,44,26,0,00
21d439c99886e561c98473e03dc09a8d,,bca088acc5746723a626247fba223b66,87532e3737169e035fad3c9f3ab7f85e,Unknown,H20,8,192,HP,unknown,unknown,false,4.0,410500726784,16.0,4.0,105.79972541049386,323.94140625,0.25261718749999995,0.1380547935763995,true,0,478,0,01
b6a2f8cfba5986307eba699cda6df34b,b907245de2c1f8aa25a217550ee1f3bb,7ea576939ccd4ba5be9b69c006cd7428,2f9611355f71fe804da2606899ddfb36,Unknown,A100,8,128,HP,unknown,unknown,false,8.0,687194767360,64.0,8.0,511.72196227747406,554.119140625,0.20558424479166718,0.18436648248853066,true,2215,804,0,02
8c17373be80ea5d163737492cc731907,,4021027b7f7f837a480d609e2bd7403d,6d5f55ee85c1bb785b2cba94ef7545b3,Unknown,XPU-E,16,192,HP,unknown,unknown,false,1.0,102676561920,16.0,1.0,0.0,84.673828125,0.0003345486111111191,0.07912627127435472,true,0,146,0,03
f9025b799e7541f9a3f21ee56390b1d4,,26e679a185c825a21e096c5d9aca2ad7,3f39b4b673832cdb370477e6042ec0a7,Unknown,L20,2,192,HP,unknown,unknown,false,1.0,48305799168,12.0,1.0,0.00040344444444444444,26.453125,0.008706481481484063,0.6989109390222227,true,0,56,0,03
474ec405883db5113c4d271826bf2893,,79343cad2432f0907d8a109fbfe1b9ce,3f39b4b673832cdb370477e6042ec0a7,Unknown,L20,2,192,HP,unknown,unknown,false,1.0,48305799168,12.0,1.0,0.0029321666666666667,26.453125,0.006409490740754539,0.7136847345777773,true,0,698,0,04
756e8db844f1147c47cd7d003dbd8162,90c848813ff67b19f9a4adfcb23d2f66,30dd1dc01b8383bfccd75cd87d431d8f,65e98ec7f2bfa90f7c61d24d0d143aaa,Unknown,H20,8,192,Other,unknown,unknown,false,8.0,821001453568,100.0,8.0,,,0.0,6.599426269531265e-05,true,486,5,0,04
ae27b0cce150bdf0b25cca33cb34eac6,,404fb3306bb1ef4cd1d194896a960e74,3f39b4b673832cdb370477e6042ec0a7,Unknown,L20,2,192,HP,unknown,unknown,false,1.0,48305799168,12.0,1.0,0.003048611111111111,26.453125,0.008988194444423751,0.7137770261333333,true,0,52,0,04
bf94e36a4086cfd0bae15ae48ecad3ff,,0276e8bfa9e1ed1302bb531c61194543,3f39b4b673832cdb370477e6042ec0a7,Unknown,L20,2,192,HP,unknown,unknown,false,1.0,48305799168,12.0,1.0,0.0024045,26.453125,0.010816666666672702,0.08138114204444448,true,0,37,0,04
51cf63eb855c9866f1a2927801b1e6c1,,b6d3c0abf7a24e5dc43693fee176e093,6d5f55ee85c1bb785b2cba94ef7545b3,Unknown,XPU-E,16,192,HP,unknown,unknown,false,1.0,102676561920,16.0,1.0,31.053569185185204,77.2900390625,0.14684652777777765,0.059743639826774594,true,0,-1,0,06
53d360846c55d1e69a1b6e3a4f62fcb8,,fd6df5f3ddce955ffdd33d178b5dabd9,6d5f55ee85c1bb785b2cba94ef7545b3,Unknown,XPU-A,8,192,LP,unknown,genai,false,1.0,206141652992,8.0,1.0,,,,,true,0,6,0,06
6aba19dad8e6582bc437fc9da8eb1ac3,,a7ed80f3a48d1e1bbd1a3d02238b9412,2f9611355f71fe804da2606899ddfb36,Unknown,A100,8,128,HP,unknown,unknown,false,8.0,687194767360,64.0,8.0,672.3187067923437,233.986328125,0.21279159802718614,0.18109514859090275,,,,0,07
f6afa46decf0f5a82e4fcdfda18f5691,,85a7dd611833c2699c37e5e1e92bd062,6d5f55ee85c1bb785b2cba94ef7545b3,Unknown,XPU-E,16,192,HP,unknown,unknown,false,1.0,102676561920,8.0,1.0,0.0,65.657958984375,9.194862155388773e-05,0.11815500259399414,true,2,56,0,07
6aba19dad8e6582bc437fc9da8eb1ac3,,a7ed80f3a48d1e1bbd1a3d02238b9412,2f9611355f71fe804da2606899ddfb36,Unknown,A100,8,128,HP,unknown,unknown,false,8.0,687194767360,64.0,8.0,670.8713711294719,233.986328125,0.21360026041666672,0.18280766238229845,,,,0,08
f6afa46decf0f5a82e4fcdfda18f5691,,85a7dd611833c2699c37e5e1e92bd062,6d5f55ee85c1bb785b2cba94ef7545b3,Unknown,XPU-E,16,192,HP,unknown,unknown,false,1.0,102676561920,8.0,1.0,0.0,65.657958984375,8.263888888888458e-05,0.11815500259399414,true,2,56,0,08
8bac9fff635f3b5877dbf470b0d06ef6,,00d41f944a2d6e22e725fdfde9184da0,87532e3737169e035fad3c9f3ab7f85e,Unknown,H20,8,192,HP,unknown,genai,false,1.0,102625181696,16.0,1.0,46.81255235185185,10.801946614583333,0.20093854166666772,0.1338158214257823,true,35204,488,0,09
cfe12183b64de629c1b758db4b209a15,,af27897cb27c12c0b59d01e8d8aae2c5,3f39b4b673832cdb370477e6042ec0a7,Unknown,L20,2,192,HP,unknown,unknown,false,1.0,48305799168,12.0,1.0,6.49362870739065,26.453125,0.07428541666666405,0.5030939640888892,true,0,611,0,09
1049b946333e369fd5dd56eea2434fc0,,c5dcf8f7e8a2216c07166d43c602bc37,3f39b4b673832cdb370477e6042ec0a7,Unknown,L20,2,192,HP,unknown,unknown,false,1.0,48305799168,12.0,1.0,12.705765379629629,26.453125,0.12895601851852712,0.7178137984000001,true,0,606,0,10
68eb640d92aaeed9ac897b943eacde1c,,a63cdc8bcdbb245c866eb6a409cde11d,3f39b4b673832cdb370477e6042ec0a7,Unknown,L20,2,192,HP,unknown,unknown,false,1.0,48305799168,12.0,1.0,12.857954222222219,26.453125,0.15380656154273953,0.7188849251555557,true,1,35,0,11
51cf63eb855c9866f1a2927801b1e6c1,,b6d3c0abf7a24e5dc43693fee176e093,6d5f55ee85c1bb785b2cba94ef7545b3,Unknown,XPU-E,16,192,HP,unknown,unknown,false,1.0,102676561920,16.0,1.0,46.4318581296296,77.2900390625,0.23239217531676368,0.05952639298306571,true,0,-1,0,12
1bc6d1e9b82287d855a57a804912df1e,,b6d3c0abf7a24e5dc43693fee176e093,6d5f55ee85c1bb785b2cba94ef7545b3,Unknown,XPU-E,16,192,HP,unknown,unknown,false,1.0,102676561920,8.0,1.0,0.0,61.519287109375,9.61805555555547e-05,0.12171173095703125,true,106,21,0,13
f60d83f030d196739a5932382f87bb9c,,ed276ab7b2ab9d30b6ce0ea834975f85,3f39b4b673832cdb370477e6042ec0a7,Unknown,L20,2,192,HP,unknown,unknown,false,1.0,48305799168,12.0,1.0,4.849367288838613,26.453125,0.07312870370370712,0.7142437340444444,true,0,89,0,13
e5b2f36af877e927fb5110b4c5d7f34a,,a8afe5fe863c647452b1d6ca3d05387d,87532e3737169e035fad3c9f3ab7f85e,Unknown,H20,8,192,HP,unknown,unknown,false,4.0,410500726784,16.0,4.0,0.0,338.109375,0.2034823763550107,0.02269662022590637,true,44,26,0,14
8c17373be80ea5d163737492cc731907,,4021027b7f7f837a480d609e2bd7403d,6d5f55ee85c1bb785b2cba94ef7545b3,Unknown,XPU-E,16,192,HP,unknown,unknown,false,1.0,102676561920,16.0,1.0,0.0,84.673828125,0.0003194444444444702,0.07917270726627773,true,0,146,0,15
f9025b799e7541f9a3f21ee56390b1d4,,26e679a185c825a21e096c5d9aca2ad7,3f39b4b673832cdb370477e6042ec0a7,Unknown,L20,2,192,HP,unknown,unknown,false,1.0,48305799168,12.0,1.0,7.173757105508869,26.453125,0.07749259259258573,0.6985992220444447,true,0,56,0,15
07756ed132d1478c51a4359161b0b1dc,,6841b077bfdc5d523b0d082282be9fba,87532e3737169e035fad3c9f3ab7f85e,Unknown,H20,8,192,HP,unknown,unknown,false,1.0,102625181696,16.0,1.0,0.0,77.44140625,0.0008868003341686737,0.026253865162531535,true,0,267,0,16
22b8d9baf9c017ed254be1254dfca90f,,f93f7633a93dba8573ff3e8aa24fdb83,3f39b4b673832cdb370477e6042ec0a7,Unknown,L20,2,192,HP,unknown,unknown,false,1.0,48305799168,12.0,1.0,10.034015314814816,26.453125,0.12907476851850294,0.715302535111111,true,0,579,0,16
346f61c4c9b68bc86b434f68274f1aa4,,8b20c501ad27ab32b642501b3da2365f,87532e3737169e035fad3c9f3ab7f85e,Unknown,H20,8,192,HP,unknown,unknown,false,4.0,410500726784,16.0,4.0,147.9303652626599,340.99492730034723,0.2379885416666668,0.12726124723752338,true,0,16670,0,16
ed5a55311d76ea526da6961b0de0e0ca,,bffb1f43dd5be170d80b3b1140092c3f,3f39b4b673832cdb370477e6042ec0a7,Unknown,L20,2,192,HP,unknown,unknown,false,1.0,48305799168,12.0,1.0,0.0,26.453125,0.011162473312927381,0.7112559615999997,true,0,617,0,16
1895812db5851e545b41e2d8e340dee0,,332c8a4f40e4735ac4118d6df0b3d559,3f39b4b673832cdb370477e6042ec0a7,Unknown,L20,2,192,HP,unknown,unknown,false,1.0,48305799168,12.0,1.0,6.941988740740742,26.453125,0.08385615311428052,0.7158391537777778,true,0,132,0,17
961c1fe12c2ee65f3238955df84f80c9,,df476c33d682c09b860bbcfa757ce5f9,6d5f55ee85c1bb785b2cba94ef7545b3,Unknown,XPU-E,16,192,HP,unknown,unknown,false,2.0,205353123840,16.0,2.0,0.0,75.53125,0.00017708333333334636,0.019288179609510632,true,1,254,0,17
0dfd8cf032e32aab18de9a0f13720eab,,b6d3c0abf7a24e5dc43693fee176e093,6d5f55ee85c1bb785b2cba94ef7545b3,Unknown,XPU-E,16,192,HP,unknown,unknown,false,1.0,102676561920,16.0,1.0,5.154764152777779,87.77734375,0.07356458333333851,0.8723089454902543,true,57,41,0,18
1667aa97042301830aec12ec90990082,,b66c19e996e3fd8de30049217d11b9de,3f39b4b673832cdb370477e6042ec0a7,Unknown,L20,2,192,HP,unknown,unknown,false,1.0,48305799168,12.0,1.0,3.1174932763772163,26.453125,0.03888287037037554,0.7169805020444446,true,0,72,0,18
43015c12ec10cc3bd40d7594ec084256,,b613298efa8f26d158c4ae1bd0a90940,3f39b4b673832cdb370477e6042ec0a7,Unknown,L20,2,192,HP,unknown,unknown,false,1.0,48305799168,12.0,1.0,0.0,26.453125,0.024124768518528007,0.6859483683555555,true,0,115,0,18
60087b24a3558451786472dc7baac8d0,,a264b49c3bba218b90917bce837613e0,87532e3737169e035fad3c9f3ab7f85e,Unknown,H20,8,192,HP,unknown,unknown,false,1.0,102625181696,8.0,1.0,9.408395524691363,87.328125,0.12605625000000148,0.024860937727822198,true,0,20,0,18
ae179073bf2afe07061936299aaf4a99,,23bb24450f4f4851978bf2f47b9af893,3f39b4b673832cdb370477e6042ec0a7,Unknown,L20,2,192,HP,unknown,unknown,false,1.0,48305799168,12.0,1.0,3.1233520740740754,26.453125,0.03376666666666063,0.7157146872888889,true,0,71,0,18
a5c5177a304bb5831102f536cffe16ca,,d2b96b1d49c9fbb710b40c75e44b1184,3f39b4b673832cdb370477e6042ec0a7,Unknown,L20,2,192,HP,unknown,unknown,false,1.0,48305799168,12.0,1.0,1.0991554611908558,26.453125,0.019599537037041353,0.15131387662222223,true,0,521,0,19
528a5d5c7906ef5492466441341e287f,,a898615248462803c06f10ea3956f3a5,3f39b4b673832cdb370477e6042ec0a7,Unknown,L20,2,192,HP,unknown,unknown,false,1.0,48305799168,12.0,1.0,0.31261938888888885,26.453125,0.014064583333372996,0.7115096376888885,true,0,648,0,20
2077cb35a51a9e719324c66e787f7d54,,4021027b7f7f837a480d609e2bd7403d,6d5f55ee85c1bb785b2cba94ef7545b3,Unknown,XPU-E,16,192,HP,unknown,unknown,false,1.0,102676561920,16.0,1.0,4.508171578947369,35.390625,0.06991874999999714,0.16859697368409898,true,32,27,0,21
27fdd1e661dc021f0264a97c610be8ae,,db84a4a1230b0323323c361518d535e2,3f39b4b673832cdb370477e6042ec0a7,Unknown,L20,2,192,HP,unknown,unknown,false,1.0,48305799168,12.0,1.0,3.502262247474746,26.453125,0.04941736111111284,0.7156744995555556,true,0,678,0,21
42f009e528a5090d478f22fea8d6af7b,,ff48711248ff53dfb993724ffe2569d7,87532e3737169e035fad3c9f3ab7f85e,Unknown,H20,8,192,HP,unknown,unknown,false,1.0,102625181696,8.0,1.0,0.0,87.37109375,0.12689338381436685,0.07410817631220414,true,0,7,0,22
49bb5cbafe5dca00510602e9ab016579,,1d53f467bc1c9791775f995905e00794,87532e3737169e035fad3c9f3ab7f85e,Unknown,H20,8,192,HP,unknown,unknown,false,1.0,102625181696,8.0,1.0,0.0,87.373046875,0.12503993055555637,0.08092007835706075,true,0,39,0,22
5a78cb9b69cbe10ddf5e22e6095222d3,,3dfff87383266b63a9c701aa40027052,3f39b4b673832cdb370477e6042ec0a7,Unknown,L20,2,192,HP,unknown,unknown,false,1.0,48305799168,12.0,1.0,15.074746318903323,26.453125,0.16017314814815847,0.7163755384888887,true,0,101,0,22
00ec79a6af407aeed24d246181f69e16,,46b7ae2120e9615b2e46b2431b51c5a6,1f28e063c4e5e1bc48ff55269617dd2f,Unknown,H20,8,192,LP,unknown,genai,false,1.0,102625181696,4.0,0.26666666666666666,8.577051016548465,48.15823406102246,0.3636916666666667,0.2110983254253002,false,72,-1,0,23
0458cdf42b576323ed95f0b55cad19ce,73c4acadbf6e4718b96b7dd5e1413368,67325bc55655d2f03304614850ee526a,da8d7fb8796ea962e14eef38624d8059,Unknown,XPU-B,8,192,HP,unknown,unknown,false,1.0,51136954368,48.0,0.6666666666666666,15.151636705128201,6.182625325520832,0.2961023128531074,0.05382683778009493,true,0,4,0,23
0742e261ab610aceebf907793bccbd4d,,597ba1413b13caafd2686c5eff2d863b,4d6f06d02df4e9de96966a73d9e8a4dd,Unknown,A100,8,128,LP,unknown,unknown,false,1.0,85899345920,8.0,0.55,17.49175701530612,5.493047472895407,0.10099548969072167,0.12112773681173519,true,1,15,0,23
07cc4b01274598bda815a297abd857e2,3aeafa137a623aa800e754cff4b8d750,eda9c96a2715424f3bb1b0becf3b4734,70870b9abdf0a944615e4987e21869b3,Unknown,H20,8,192,HP,unknown,unknown,false,8.0,821001453568,184.0,0.26666666666666666,0.0,0.0,0.0036965579710144924,0.0004512174479166666,true,5177,17,0,23
0b082019b8e6a67fa1391cb16bf487f1,,e18dfd3c77aa9d09396ebbdf412e35d6,6d5f55ee85c1bb785b2cba94ef7545b3,Unknown,XPU-E,16,192,LP,unknown,genai,false,1.0,102676561920,4.0,0.8277777777777777,0.035087651006711414,32.555452169730934,0.30786564625850343,0.4122360195125546,true,0,-1,0,23
0b149d6f775cfc4d032ea440295eece3,,1f422bc7391f96d538e6cf7b4771fd27,1f28e063c4e5e1bc48ff55269617dd2f,Unknown,XPU-E,16,192,LP,unknown,genai,false,1.0,102676561920,4.0,0.7222222222222222,0.02248030769230769,28.166846788194448,0.28961220472440935,0.3744902223348617,true,0,-1,0,23
0b34a0b5dc03975d2e3e88c6eeea1a02,,7fc451a6c6e985ead0cc3416f8aa19a2,6d5f55ee85c1bb785b2cba94ef7545b3,Unknown,XPU-E,16,192,LP,unknown,genai,false,1.0,102676561920,4.0,0.85,0.024090261437908496,33.92039636872547,0.30434250000000007,0.4105322444648075,,,,0,23
0cd4cdf9678cb322b2062869a4c75fbc,,9c828536f26ed43ed8609e4b154418ac,70870b9abdf0a944615e4987e21869b3,Unknown,H20,8,192,LP,unknown,genai,false,1.0,102625181696,4.0,0.03333333333333333,0.0,0.0,,0.0,false,135,-1,0,23
0eba0aa211337d27a5a71a00b188e576,,b2fab547f64fc1af9a3f93f84e13ed9f,27dc4b08122b037562bbd50b17eaf138,Unknown,XPU-E,16,192,LP,unknown,genai,false,1.0,103079215104,4.0,0.7,0.023955,28.033385796589307,0.26681416747513953,0.37470606527020855,true,0,-1,0,23
0fa54b5958c87ecd2377d9f71d73cd42,,8dbdad03a1ac4ed07de95f9dd996372e,27dc4b08122b037562bbd50b17eaf138,Unknown,XPU-E,16,192,LP,unknown,genai,false,1.0,103079215104,4.0,0.7055555555555556,0.00811803149606299,27.266586599930903,0.262626,0.3731572065403854,true,0,-1,0,23
10eb482ecf8db8ae7607d7c1ba6f70ba,,b0d2b630bf2650dac2cb1bd917fb880d,1f28e063c4e5e1bc48ff55269617dd2f,Unknown,XPU-E,16,192,LP,unknown,genai,false,1.0,102676561920,4.0,0.016666666666666666,0.0,0.11223958333333334,0.2600625,0.16997833251953123,true,102,6,0,23
12dca4438ac20207f4f4e5b88de2d5b1,,954f9207d913c2981757ce137081cd89,6d5f55ee85c1bb785b2cba94ef7545b3,Unknown,XPU-E,16,192,LP,unknown,genai,false,1.0,102676561920,4.0,0.022222222222222223,0.004647500000000001,0.0,0.208875,0.05565528869628906,true,0,67,0,23
13e8a96f63f8e7b9419017375351b72c,565ded4db04212f096fa9ae4ccc5345c,66f2482e0a17435df2300a9fa7d00e54,2f9611355f71fe804da2606899ddfb36,Unknown,A100,8,128,HP,unknown,genai,true,1.0,85899345920,4.0,0.7944444444444444,69.55463148410664,75.1905362215909,0.34033820588705815,0.18949779188129268,true,0,25,0,23
14000d67b3bd66c70e2b4b1550824969,,913a241e79fb1c928a49cf2199415700,9089d80baea5f56a3c169801052daa1f,Unknown,XPU-E,16,192,LP,unknown,genai,false,1.0,103079215104,4.0,0.7611111111111111,0.021360437956204383,29.241566990761864,0.2639500000000001,0.37796652176800904,true,0,-1,0,23
17c8bfc36b1e14c12daaa081162eebb9,b661e7d91b0d983dd0986d98f5fed940,45038d0cd8683dc7b7c2dbcb322c62e9,2f9611355f71fe804da2606899ddfb36,Unknown,XPU-D,8,192,HP,unknown,unknown,false,8.0,821412495360,184.0,4.488888888888889,0.0,0.13661979166666666,0.01503014086069209,0.04224741165726274,true,1,-1,0,23
180f522c975ca59657acc60d45d07fb5,,b29e6ac591e2e6f53e6fc16564369a62,1f28e063c4e5e1bc48ff55269617dd2f,Unknown,H20,8,192,LP,unknown,genai,false,1.0,102625181696,4.0,0.15555555555555556,37.18769026666667,72.1838125,0.38503846153846144,0.20952488463601948,false,43,-1,0,23
1b026b5b26fb8bbc49f1769080c83867,,e18dfd3c77aa9d09396ebbdf412e35d6,6d5f55ee85c1bb785b2cba94ef7545b3,Unknown,XPU-E,16,192,LP,unknown,genai,false,1.0,102676561920,4.0,0.8277777777777777,0.01962288590604027,32.45416231546536,0.30955357142857143,0.41088892189232057,true,0,-1,0,23
1bd90f179d46c753ac2857e1a130b32a,,46b7ae2120e9615b2e46b2431b51c5a6,1f28e063c4e5e1bc48ff55269617dd2f,Unknown,H20,8,192,LP,unknown,genai,false,2.0,205250363392,4.0,0.03333333333333333,0.0,0.0,,,true,132,8,0,23
1c56762d10bfad8c53aea5312848e998,,03e89f4b8b628b4c00f3eca0ac40ddf2,1f28e063c4e5e1bc48ff55269617dd2f,Unknown,H20,8,192,LP,unknown,genai,false,2.0,205250363392,4.0,0.022222222222222223,0.0,0.0,,,true,0,10,0,23
1db49bcb112b963f4ac137e51387f35e,,84bccc51f4ddd49bc13f7e112ed92ec7,9089d80baea5f56a3c169801052daa1f,Unknown,XPU-E,16,192,LP,unknown,genai,false,1.0,103079215104,4.0,0.03333333333333333,0.0,0.7510546875,0.27195833333333336,0.24069058736165366,true,43,-1,0,23
1e871a045dbfa70dc1c8a8558e07e0e6,,2c18817484acfe6a6f6977afdb5dc412,9089d80baea5f56a3c169801052daa1f,Unknown,XPU-E,16,192,LP,unknown,genai,false,1.0,103079215104,4.0,0.7666666666666667,0.021207536231884056,28.97670906019507,0.2642429453262787,0.37778751242394537,true,0,-1,0,23
1f313ebe8d9e890e0879308663cdc54a,,699637bdc0ea3dcad64778a35c102fff,6d5f55ee85c1bb785b2cba94ef7545b3,Unknown,XPU-E,16,192,LP,unknown,genai,false,2.0,205353123840,4.0,0.6444444444444445,42.300258947368434,151.82897135416664,0.7120318181818183,0.3823582565575315,true,0,5,0,23
204d4c3829182b1c1e9edb81140c8b62,,8e3cf405925700e00b6038bb8e35179a,2f9611355f71fe804da2606899ddfb36,Unknown,XPU-D,8,192,LP,unknown,genai,false,2.0,205353123840,8.0,0.4222222222222222,0.12930413333333332,0.3266354166666667,0.06814409722222226,0.08684767440513333,true,117,-1,0,23
211df2945761c83fd4a33ff619ee7bd9,,583e4aa3cae81530973ff9b8c13cf6fb,6d5f55ee85c1bb785b2cba94ef7545b3,Unknown,XPU-E,16,192,LP,unknown,genai,false,1.0,102676561920,4.0,0.9222222222222223,0.029955090909090914,32.0695878051347,0.29890414110429436,0.4062713739348624,true,0,-1,0,23
218a708070b64507bd524d2faf9ec35f,,acef2f6f42f2f9b0499b2daf95d3ba3f,70870b9abdf0a944615e4987e21869b3,Unknown,H20,8,192,LP,unknown,genai,false,1.0,102625181696,4.0,0.16111111111111112,0.0,7.119066220238095,0.17439130434782604,0.14972587253736416,true,190,393,0,23
24c73f9ec42a85701ad3d5438ca5db62,10cd5385029c57348fa4eb97d67f3dda,479ca452ae7c2935f10eaf486e325733,2f9611355f71fe804da2606899ddfb36,Unknown,XPU-B,8,192,Other,unknown,unknown,false,1.0,51136954368,6.0,0.23333333333333334,0.0,0.0,0.9761431623931626,0.45760237043361573,false,0,-1,0,23
274cac7ae38b05d5b92dbb409201bf5e,,7fc451a6c6e985ead0cc3416f8aa19a2,6d5f55ee85c1bb785b2cba94ef7545b3,Unknown,XPU-E,16,192,LP,unknown,genai,false,1.0,102676561920,4.0,0.85,0.0513321568627451,34.1902740013106,0.30232250000000005,0.4064535308302494,,,,0,23
276df63e69bfec03081228f059f9aecd,,954bc1840ffea2169f9c8e520f153c3b,1f28e063c4e5e1bc48ff55269617dd2f,Unknown,H20,8,192,LP,unknown,genai,false,1.0,102625181696,4.0,0.17222222222222222,0.0,9.457637902462121,0.20016071428571425,0.15305704389299662,true,1,473,0,23
28a3366b2667a2198457259e4ad85a3c,,95c9cf2b0d65ae007cd8ac46a1f36c8c,2f9611355f71fe804da2606899ddfb36,Unknown,XPU-D,8,192,LP,unknown,genai,false,1.0,103079215104,4.0,0.3277777777777778,3.247625762711864,89.55006620762713,0.04466071428571429,0.6867230331688592,false,-1,-1,0,23
28df9179efb5a31d5ca80f36e60e77a4,,746f8daf4905ec7779f6e89f15a8a699,6d5f55ee85c1bb785b2cba94ef7545b3,Unknown,XPU-E,16,192,LP,unknown,genai,false,1.0,102676561920,4.0,0.8,0.020443846153846156,30.963281136181543,0.301290780141844,0.411861274611782,,,,0,23
2f11ada979103c09059bbc173e3b26cc,,c47882fd02f15cbded0fdeeeac5a3a35,6d5f55ee85c1bb785b2cba94ef7545b3,Unknown,XPU-A,8,192,LP,unknown,genai,false,1.0,206141652992,8.0,0.3277777777777778,,159.4266903052896,0.15616056034482753,0.13729087957020464,,,,0,23
2f69d40a22afaa33476d8a5573e5d0f6,,82e74512f0be7004dab43bfdd2f14beb,6d5f55ee85c1bb785b2cba94ef7545b3,Unknown,XPU-E,16,192,LP,unknown,genai,false,1.0,102676561920,4.0,0.7833333333333333,0.020875785714285715,30.981794317336302,0.29281744604316534,0.40899727544624453,true,0,-1,0,23
2fa35a8778db1265855db230a59ed59c,,bdf63619814e078827675eb17b569b67,27dc4b08122b037562bbd50b17eaf138,Unknown,XPU-E,16,192,LP,unknown,genai,false,1.0,103079215104,4.0,0.6833333333333333,0.023952131147540988,28.388791019817887,0.25839375000000003,0.37741557560019573,true,0,-1,0,23
2ff3941c4dac6b5fd7b88349910ac202,,c34ad5611d3b0fcb0bbbe55b8c2ea29b,4d6f06d02df4e9de96966a73d9e8a4dd,Unknown,A100,8,128,LP,unknown,genai,false,2.0,171798691840,8.0,0.3,0.0432372096908939,0.47787225224519636,0.08822916666666668,0.04797749328613281,true,162,433,0,23
300fc85f353850ac803ee3c0f4c28812,,a6a5d7e7fbf7b9150f2afa31e93473ee,4d6f06d02df4e9de96966a73d9e8a4dd,Unknown,XPU-B,8,192,LP,unknown,unknown,false,1.0,51136954368,2.0,0.23333333333333334,57.304504619799125,39.03253175579492,0.9286249999999999,0.15456215100410656,true,101,51,0,23
339504dfd78d7469984314223f3bee9d,,280298be9dba531a0af0c0aa856db0e8,6d5f55ee85c1bb785b2cba94ef7545b3,Unknown,XPU-A,8,192,LP,unknown,unknown,false,1.0,206141652992,8.0,0.03888888888888889,,81.80574776785716,0.0349875,0.0930667519569397,,,,0,23
342eec70d2a4ce1881ea3ef55cbf8975,4ef7778d77a82895cf917791e03c7273,58a95418b68fc31d3dabbe570150c26b,da8d7fb8796ea962e14eef38624d8059,Unknown,A10,1,128,Other,unknown,unknown,false,1.0,24146608128,8.0,1.0,0.0,0.0,0.0017885416666664883,0.0029473185539245607,true,0,-1,0,23
343424aabe51d0b9a95a5d667bfa304a,,fef1693899a040d2fe6e1c419a9a46c3,6d5f55ee85c1bb785b2cba94ef7545b3,Unknown,XPU-E,16,192,LP,unknown,genai,false,1.0,102676561920,4.0,0.4166666666666667,0.06498333333333334,32.40211735934591,0.31338013698630124,0.4104475047490369,true,0,8,0,23
347bd6dcb7689b2da4a07b67faf8555b,,ce7b3f1e232075764c2edb949ab27944,9089d80baea5f56a3c169801052daa1f,Unknown,XPU-E,16,192,LP,unknown,genai,false,1.0,103079215104,4.0,0.6222222222222222,0.02609830357142857,27.161321877292483,0.25339431818181823,0.36913179162744286,,,,0,23
357b7b21303ab26f83b0067358027959,,6d83d2bf493be7104d8a0f31e7c289dd,6d5f55ee85c1bb785b2cba94ef7545b3,Unknown,XPU-A,8,192,LP,unknown,unknown,false,1.0,206141652992,8.0,0.07777777777777778,,,0.0006682692307692307,0.001511373690196446,false,-1,-1,0,23
357d9d26df85db32d2d0c03ca63dbdd7,,a94055c00068861c317ab2e98205c19e,9089d80baea5f56a3c169801052daa1f,Unknown,XPU-E,16,192,LP,unknown,genai,false,1.0,103079215104,4.0,0.06111111111111111,0.12801727272727273,5.2096635298295455,0.24777777777777782,0.26220873514811205,true,0,7,0,23
38249c5f6fb0b51d97fb8c17e2afc580,,351e671e792f2a60c0b122f48061891f,6d5f55ee85c1bb785b2cba94ef7545b3,Unknown,XPU-E,16,192,LP,unknown,genai,false,1.0,102676561920,4.0,0.8277777777777777,0.036395033557046985,33.216919162672234,0.3067712585034015,0.4101109044081499,true,0,-1,0,23
386aa7ad83fb0cfa965d8c3d977d14e4,62ca4272d680bff35cbd38aabdc214b0,f76c7c20a27b4980fe862f3f24ae66e8,70870b9abdf0a944615e4987e21869b3,Unknown,H20,8,192,HP,unknown,unknown,false,8.0,821001453568,184.0,1.3777777777777778,0.0,2.1449344758064512,0.038180659670164915,0.10403636418485095,true,0,15,0,23
38a552630a34cc3af7b62f2ecba3ed0d,,a30c9c880b58a422eb825e8ba4339cd8,6d5f55ee85c1bb785b2cba94ef7545b3,Unknown,XPU-A,8,192,LP,unknown,unknown,false,1.0,206141652992,8.0,0.08333333333333333,,,0.0008571428571428572,0.0015161505767277309,,,,0,23
3a5a77e860988674c477378d873df7bb,,7567c17d626eba1604c094bf5a874442,27dc4b08122b037562bbd50b17eaf138,Unknown,XPU-E,16,192,LP,unknown,genai,false,1.0,103079215104,4.0,0.6333333333333333,,,0.0,0.0,false,0,-1,0,23
3bf1875863e8593e1b7b4f909309d868,,8a1695058d3a60624960cce5c6359f03,6d5f55ee85c1bb785b2cba94ef7545b3,Unknown,XPU-E,16,192,HP,unknown,unknown,false,0.5,51338280960,6.0,0.25277777777777777,,4.746860780820741,0.2415994318181818,0.31605447313204516,,,,0,23
3e15a96fd8f9fcb6fe0a5f3db0c888bd,,cbf5245a944626047f9dc0364c69762c,2f9611355f71fe804da2606899ddfb36,Unknown,XPU-D,8,192,LP,unknown,genai,false,1.0,102676561920,4.0,0.2,9.911433086419754,19.81618275583526,0.4444758064516129,0.3071108705254011,true,147,523,0,23
40642ea271dcdc918d4d18e227079d14,,2b3eda1b30b5fe163059b98558f28b7e,6d5f55ee85c1bb785b2cba94ef7545b3,Unknown,XPU-E,16,192,LP,unknown,genai,false,1.0,102676561920,4.0,0.7111111111111111,0.0156853125,28.91307091799257,0.30838500000000013,0.4088741857538779,,,,0,23
427db0fbac9108e512424a53ee9f528c,,15ad765d100b7f1418ce9d0895814d9a,6d5f55ee85c1bb785b2cba94ef7545b3,Unknown,XPU-A,8,192,LP,unknown,genai,false,1.0,206141652992,8.0,0.044444444444444446,,25.814842176437377,0.314125,0.10139932802745275,false,-1,-1,0,23
4483fbd546577e8c77719acfee429715,22fda34d7ea952a4e8720167e64a06a6,346fcf1a28f2a79a02300b81778ada8a,6d5f55ee85c1bb785b2cba94ef7545b3,Unknown,XPU-E,16,192,HP,unknown,unknown,false,0.5,51338280960,6.0,0.005555555555555556,,0.0,0.13483333333333333,0.0016791661580403646,false,26,-1,0,23
4495516a49cb76239874c7830bff073a,,6217902aa345e05b351f2c5969a61e89,9089d80baea5f56a3c169801052daa1f,Unknown,XPU-E,16,192,LP,unknown,genai,false,1.0,103079215104,4.0,0.6222222222222222,0.030014464285714287,28.082360656279377,0.24935206422018355,0.37305670844184025,true,0,-1,0,23
45288f9ef85d7ef23bccbc433d91ed8f,,d7ee37043d4e11e7aee6bb479a269c26,27dc4b08122b037562bbd50b17eaf138,Unknown,XPU-E,16,192,LP,unknown,genai,false,1.0,103079215104,4.0,0.7111111111111111,0.022828906250000003,27.18830305355018,0.26501785714285725,0.3746669649139165,,,,0,23
45933d3b2190f6a57290dbb80290a555,059d24e7f3f8093a20b7555b5e54350d,f425f2b23a900ac94ddefd3a04677757,4d6f06d02df4e9de96966a73d9e8a4dd,Unknown,XPU-B,8,192,HP,unknown,unknown,false,8.0,409095634944,184.0,1.8666666666666667,98.6467223809524,53.10318777901786,0.08161751060445391,0.07315323327537475,true,0,106,0,23
46c9a2ded2603936620d0b6ec28f3f46,,fa0991180e0da8c9c7bd10eaf204872d,27dc4b08122b037562bbd50b17eaf138,Unknown,XPU-E,16,192,LP,unknown,genai,false,1.0,103079215104,4.0,0.6944444444444444,0.0019123387096774194,27.255047103427287,0.26030327868852465,0.3840654533406906,true,0,-1,0,23
473ae0d438d545bb9b354f396d2e447c,,1592c60f0c8d69955b553cbdb962f59b,6d5f55ee85c1bb785b2cba94ef7545b3,Unknown,XPU-E,16,192,LP,unknown,genai,false,1.0,102676561920,4.0,0.8666666666666667,0.03574509677419355,34.05546964607409,0.30287824675324665,0.41316774376543053,,,,0,23
48863120dcf0eeefcb3979d7674524ac,,9c95bb82cc950f0cbde6c614cfe16cc6,9089d80baea5f56a3c169801052daa1f,Unknown,XPU-E,16,192,LP,unknown,genai,false,1.0,103079215104,4.0,0.6666666666666666,0.008681333333333334,27.168529708297175,0.2596997863247863,0.3754533655503216,true,0,-1,0,23
4913e780b7bb0755683a483b1d45c9a4,,ec9d68b856aa91590aea71e4b84d5371,87532e3737169e035fad3c9f3ab7f85e,Unknown,L20,2,192,HP,unknown,unknown,false,1.0,48305799168,4.0,0.6777777777777778,4.046618606557377,40.87254898821721,0.04757812500000003,0.11825535908218263,,,,0,23
49c5f492ae2d217d29c15cff8e2c2b76,,be64d72f3b471ad793fd8ab24833c6d8,27dc4b08122b037562bbd50b17eaf138,Unknown,XPU-E,16,192,LP,unknown,genai,false,1.0,103079215104,4.0,0.027777777777777776,0.063226,1.409892578125,0.2140625,0.1642036861843533,true,0,7,0,23
4bee3fe0d914e66cbd3f2fd5dec1403e,,1c786e4cc62026ee84bfdb3b31ef3a62,1f28e063c4e5e1bc48ff55269617dd2f,Unknown,XPU-E,16,192,LP,unknown,genai,false,1.0,102676561920,4.0,0.027777777777777776,0.0,0.1103515625,0.27949999999999997,4.00543212890625e-06,true,89,8,0,23
4c0fcac2d351f7cd8cab97e8480e2bbd,,f3cf51704b3472a08d43e651d5f54b9d,2f9611355f71fe804da2606899ddfb36,Unknown,XPU-B,8,192,LP,unknown,genai,false,1.0,51136954368,20.0,0.1,18.42717277777778,35.423158998842595,0.05767678571428573,0.4730230204264323,,,,0,23
4ec8adb02012222ceefa0c8d8105283d,,eed5c17c8e2fdef7cd201cf31f8f2f09,1f28e063c4e5e1bc48ff55269617dd2f,Unknown,XPU-E,16,192,LP,unknown,genai,false,1.0,102676561920,4.0,0.4888888888888889,0.06641386363636365,31.121501298384235,0.28363808139534896,0.37192629817801875,true,14,-1,0,23
4f4eb0ed131ccdf10cd4cc0bc6a48bd0,,ccd1cf9dfa666fe45c45a21f4345d5d3,70870b9abdf0a944615e4987e21869b3,Unknown,H20,8,192,LP,unknown,genai,false,1.0,102625181696,4.0,0.022222222222222223,0.0,0.0,0.21400000000000002,0.026059468587239582,false,72,-1,0,23
507560e9fa7837a1e34eba5786eb96c2,,15587089fcc6f38f036d796b5864e2fb,27dc4b08122b037562bbd50b17eaf138,Unknown,XPU-E,16,192,LP,unknown,genai,false,1.0,103079215104,4.0,0.7055555555555556,0.01722,26.993108240620295,0.2656448412698413,0.37964634466423575,true,0,-1,0,23
51e7d82762edd815d06f5d42a30c7795,,7567c17d626eba1604c094bf5a874442,27dc4b08122b037562bbd50b17eaf138,Unknown,XPU-E,16,192,LP,unknown,genai,false,1.0,103079215104,4.0,0.6944444444444444,0.030416559999999995,27.198319889322924,0.26038319672131144,0.3598146766744635,true,0,-1,0,23
5253dffe45e7a7b2c936a624a2f6e200,,001ee67a5d31f854c565375dfcb26d61,1f28e063c4e5e1bc48ff55269617dd2f,Unknown,H20,8,192,LP,unknown,genai,false,1.0,102625181696,4.0,0.044444444444444446,39.79873357142857,4.271986607142858,0.264675,0.08753719329833982,true,0,5,0,23
530a1f011f1792425694028322bd8cbb,65763364d9c220865223abc8739db4aa,785f80cbb1c542b2ea00aa9d1d0197cd,27dc4b08122b037562bbd50b17eaf138,Unknown,XPU-E,16,192,HP,unknown,unknown,false,16.0,1649267441664,176.0,1.4222222222222223,0.0,0.0,0.010397985537190086,0.0021527099609375,true,2786,82,0,23
54a8b96ad0fd6fd370a6dc1e9f71f67b,,611af5dad914d17246b60a6e0e07cbbc,2f9611355f71fe804da2606899ddfb36,Unknown,XPU-B,8,192,LP,unknown,genai,false,1.0,51539607552,4.0,0.005555555555555556,,,,0.0,false,155,-1,0,23
561340772ce44f55a7d1e4fae8bb892d,,a019955b151cfe5b8eb97793278b5dba,6d5f55ee85c1bb785b2cba94ef7545b3,Unknown,XPU-E,16,192,HP,unknown,unknown,false,0.5,51338280960,6.0,0.044444444444444446,,0.005322265625,0.06837777777777779,0.003736340999603272,,,,0,23
56e5056fe188365fd0ed2cab1f6cffb8,,64c79c0eb325dc48e99f0d209b5d99f5,27dc4b08122b037562bbd50b17eaf138,Unknown,XPU-E,16,192,LP,unknown,genai,false,1.0,103079215104,4.0,0.6833333333333333,0.0237580487804878,27.457466549240618,0.2606973140495868,0.38255485472131956,true,0,-1,0,23
59361213f0af4b57502a620584270db2,,061bde92b7127bbc8b06450a0e762f42,6d5f55ee85c1bb785b2cba94ef7545b3,Unknown,XPU-E,16,192,LP,unknown,genai,false,1.0,102676561920,4.0,0.7833333333333333,0.020733758865248225,31.798993328976948,0.30531884057971015,0.4124260973301436,true,0,-1,0,23
5bfa85422c97bb1a000ecfc309686c66,,6dfebf6c5915f9d532bc442f7878715b,70870b9abdf0a944615e4987e21869b3,Unknown,H20,8,192,LP,unknown,genai,false,1.0,102625181696,4.0,0.022222222222222223,0.013867500000000001,0.41826171874999996,,0.014279683430989584,true,177,11,0,23
5dc669fed9d2e957747771b7c3fa03d8,,2239a6caee4d8d366a6011133b738275,9089d80baea5f56a3c169801052daa1f,Unknown,XPU-E,16,192,LP,unknown,genai,false,1.0,103079215104,4.0,0.6222222222222222,0.02441776785714286,27.795296753955483,0.24605160550458707,0.3799075051509972,true,0,-1,0,23
5f0e4e582dd26a263f840ab756390e46,,fb46ef1d06df00b0df79cfb25569dbcd,27dc4b08122b037562bbd50b17eaf138,Unknown,XPU-E,16,192,LP,unknown,genai,false,1.0,103079215104,4.0,0.6777777777777778,0.03517819672131148,27.81850997285548,0.2596322916666666,0.37169642839275396,true,0,-1,0,23
601c0e8dcdf4f4818341c31b9ccfaaa0,,f06778bcff917a199aef3179f3860b3e,27dc4b08122b037562bbd50b17eaf138,Unknown,XPU-E,16,192,LP,unknown,genai,false,2.0,206158430208,4.0,0.32222222222222224,0.00035086956521739125,0.1607223731884058,0.06470833333333333,0.04652895246233258,true,0,487,0,23
611e9c37212403f8096d8388ce344cb2,,1422f93fb93efd86fa4ec0781c6d1f9d,2f9611355f71fe804da2606899ddfb36,Unknown,XPU-B,8,192,LP,unknown,genai,false,1.0,51539607552,4.0,0.07777777777777778,2.1408807142857147,33.147021484375,0.12868181818181823,0.6656920221116808,,,,0,23
61454c40d3f4bde22b5be25001498a47,11a2462a5174a086351aa2652d01c53d,b49aa2b166867234586a3051733b96cc,6d5f55ee85c1bb785b2cba94ef7545b3,Unknown,XPU-E,16,192,HP,unknown,unknown,false,16.0,1642824990720,160.0,11.28888888888889,564.3927359349249,1273.218327271469,0.11664312499999999,0.029014644154135287,true,1,10,0,23
6236341f9d1d8c593271e1be155f8bf6,,3fc99ecd9dc3bbd245f4c3a3c742bed8,2f9611355f71fe804da2606899ddfb36,Unknown,A100,8,128,LP,unknown,genai,false,1.0,85899345920,4.0,0.09444444444444444,0.051689090909090914,40.56551846590909,0.2096133771929824,0.24754214431300306,false,0,-1,0,23
62ad5e66127540a32c5bb052525d9110,61134dfba17d50d3f36205771bf26480,d62b6daa74e7e1a35bd0cd1493c6eede,6d5f55ee85c1bb785b2cba94ef7545b3,Unknown,XPU-A,8,192,LP,unknown,genai,true,1.0,206141652992,8.0,0.5444444444444444,,173.10960096247825,0.053343112244897954,0.13120863206532538,true,0,6,0,23
62bfdc9e94206a9694160bc90e9b6e08,,2bc5d6065951a425bfa588b15d4aa8a4,6d5f55ee85c1bb785b2cba94ef7545b3,Unknown,XPU-E,16,192,LP,unknown,genai,false,1.0,102676561920,4.0,0.9277777777777778,0.029844071856287423,30.994739913599332,0.29378636363636357,0.4108536945689805,true,0,-1,0,23
6337da547a89d67aa34ea852e26b2308,,5fd9a4af8f89d513cc52acdf7a68db7f,1f28e063c4e5e1bc48ff55269617dd2f,Unknown,XPU-E,16,192,LP,unknown,genai,false,1.0,102676561920,4.0,0.25555555555555554,,,0.0,0.0,false,-1,-1,0,23
64a7799f33d90d6c4678d8aa2d5bd2d1,,9d6ff2163674653453818e708eac1f30,2f9611355f71fe804da2606899ddfb36,Unknown,A100,8,128,LP,unknown,genai,false,1.0,85899345920,8.0,0.03333333333333333,0.0,0.0,0.009979166666666667,0.010190367698669434,false,0,-1,0,23
65068202564867ee98c86bd08d9c2436,,7836d7da83aec3996420ec45707d8aad,27dc4b08122b037562bbd50b17eaf138,Unknown,XPU-E,16,192,LP,unknown,genai,false,1.0,103079215104,4.0,0.6833333333333333,0.009671869918699188,28.338365242889356,0.2584427083333333,0.3627402565696022,true,0,-1,0,23
6583a577b20109bb9784947219984f95,,467b76b0377a5ecf7a5205d6095bfcb8,9089d80baea5f56a3c169801052daa1f,Unknown,XPU-E,16,192,LP,unknown,genai,false,1.0,103079215104,4.0,0.016666666666666666,0.0,0.13307291666666668,0.14681249999999998,0.145760981241862,true,0,4,0,23
6770d4066860cfecb56b974de549ec8a,,c47882fd02f15cbded0fdeeeac5a3a35,6d5f55ee85c1bb785b2cba94ef7545b3,Unknown,XPU-A,8,192,LP,unknown,genai,false,1.0,206141652992,8.0,0.3277777777777778,,160.83265572887353,0.17454094827586206,0.1422911759080558,,,,0,23
69114b5bf8ec762cce960042db3a96b4,,2aae779b6c425dd20ee2040e7db07ecb,1f28e063c4e5e1bc48ff55269617dd2f,Unknown,H20,8,192,LP,unknown,genai,false,1.0,102625181696,4.0,0.25555555555555554,0.0,14.141240658967394,0.2889593023255814,0.24215271689675075,false,-1,-1,0,23
69e3e1ac66f3e1cf6f4def0822cd50f4,,8d224629103da3836561276faa68af61,70870b9abdf0a944615e4987e21869b3,Unknown,H20,8,192,LP,unknown,genai,false,1.0,102625181696,4.0,0.005555555555555556,0.0,0.0,,0.0034271240234375,false,150,-1,0,23
6a3d4e8d1acef7abc0dde8c38bcf1a99,,ce7b3f1e232075764c2edb949ab27944,9089d80baea5f56a3c169801052daa1f,Unknown,XPU-E,16,192,LP,unknown,genai,false,1.0,103079215104,4.0,0.6222222222222222,0.026093392857142857,27.078606948244303,0.245759090909091,0.37939136951893293,,,,0,23
6a5d0cbdfe95d04028540a0d2d0473da,,e2dce74696d2b329ce9d0a7d637cbd0b,2f9611355f71fe804da2606899ddfb36,Unknown,A10,1,128,LP,unknown,genai,false,1.0,23836098560,4.0,0.21666666666666667,27.204441538461534,12.18037860576923,0.2636006944444444,0.23647661041795162,true,0,10,0,23
6ab9792890e91f44fcb436d1c5434eea,,034c8bc76837089895d35c9d2be678fc,4d6f06d02df4e9de96966a73d9e8a4dd,Unknown,A10,1,128,HP,unknown,unknown,false,0.23,5640000000,2.0,0.049833333333333334,,0.0,0.08493382352941176,0.052853278117647055,false,0,-1,0,23
6b6fba955edc3e70da785f2e29d85651,,5b885afa4c452ee5893f1e060c88a5f9,4d6f06d02df4e9de96966a73d9e8a4dd,Unknown,XPU-B,8,192,LP,unknown,unknown,false,1.0,51136954368,8.0,0.16666666666666666,38.676158965517246,33.6847900390625,0.23624537037037036,0.10842633034501757,true,53,48,0,23
6be79bf342e6586e9fec73f1d4330e7a,,d92809718fb300b8699ec6bc43213110,6d5f55ee85c1bb785b2cba94ef7545b3,Unknown,XPU-E,16,192,LP,unknown,genai,false,2.0,205353123840,4.0,1.1777777777777778,1.7923829245283016,183.34563633181014,0.2581031553398058,0.16318992040096184,true,178,7,0,23
6c610513a2c30a6a365744fd26de92a2,,c57c700909726e1c2af4fdad4e0f9be4,2f9611355f71fe804da2606899ddfb36,Unknown,A100,8,128,LP,unknown,genai,false,1.0,85899345920,4.0,0.17222222222222222,11.92459125,30.836900111607143,0.2574616054023949,0.23813225318645612,false,0,-1,0,23
6d0da04b3fdee400097d2e92aa5f2d80,,ea230b04d3a8ab26ab78759980c9af92,6d5f55ee85c1bb785b2cba94ef7545b3,Unknown,XPU-E,16,192,LP,unknown,genai,false,1.0,102676561920,4.0,0.016666666666666666,0.0,6.197428385416667,0.425,0.21368611653645833,true,0,6,0,23
6e461956a8e4d5b8da2da8afa6cda8c3,,35cfd5e0f9e7c0b4d8b5c97f52f95fa4,4d6f06d02df4e9de96966a73d9e8a4dd,Unknown,XPU-B,8,192,LP,unknown,genai,false,1.0,51136954368,20.0,0.03333333333333333,0.0,5.6806640625,0.324875,0.2785268465677897,false,0,-1,0,23
6fa500906812dabc61e65683f1bbffde,,b5c75e7c48bcd4ae762d009bba8be466,9089d80baea5f56a3c169801052daa1f,Unknown,XPU-E,16,192,LP,unknown,genai,false,1.0,103079215104,4.0,0.7666666666666667,0.022123065693430657,28.65475925634084,0.266625,0.3709456060446946,true,0,-1,0,23
716a0775be50f7469d15b0cac965b8af,,48d61d72cca7a3c69afa4210421901b7,6d5f55ee85c1bb785b2cba94ef7545b3,Unknown,XPU-E,16,192,LP,unknown,genai,false,1.0,102676561920,4.0,0.24444444444444444,0.0,15.666186840503245,0.30313719512195136,0.395529165722075,true,0,9,0,23
717be48cd700a6b6101ce8f50d9d28c4,914bb66fbb2ff817b571a9b21082568a,d9b04f2f93eed2c55c9ae66c2dc7a947,70870b9abdf0a944615e4987e21869b3,Unknown,H20,8,192,LP,unknown,unknown,false,1.0,102625181696,8.0,0.011111111111111112,,,,0.002142190933227539,false,720,-1,0,23
74117551cc6c9444717336745dfee762,,828e144fff85bc87034cf55bbc2e58eb,70870b9abdf0a944615e4987e21869b3,Unknown,H20,8,192,LP,unknown,genai,false,1.0,102625181696,4.0,0.03888888888888889,0.10966000000000001,51.2587890625,0.04474999999999999,0.07210680643717447,false,1,-1,0,23
783e438ca7da6e5cdf2991fb20f65985,,67de0693a3c2dca25468ad730787ab4f,9089d80baea5f56a3c169801052daa1f,Unknown,XPU-E,16,192,LP,unknown,genai,false,1.0,103079215104,4.0,0.7611111111111111,0.03278781021897811,29.31543236057252,0.2657231481481482,0.37699124766331105,true,0,-1,0,23
79a5e4bd738ba9e0db98da2c5381c5bf,,7ae2a1ae76442dee1cde1f33e97dcfa7,1f28e063c4e5e1bc48ff55269617dd2f,Unknown,H20,8,192,LP,unknown,genai,false,1.0,102625181696,4.0,0.26666666666666666,4.792540336481699,85.61163763881714,0.2580568181818182,0.11967476642493045,false,0,-1,0,23
79aca8f8e6b427ea3d588030153cc025,,6e066347c61996088f4994ed7e52b55b,6d5f55ee85c1bb785b2cba94ef7545b3,Unknown,XPU-E,16,192,LP,unknown,genai,false,1.0,102676561920,4.0,0.8111111111111111,0.020025547945205478,32.15985999259777,0.3061050347222222,0.41383524205949596,true,0,-1,0,23
7a10d0594a999eb74c99be0f0b79434a,,be498b5ec0828e30953cd28b0f55df3c,6d5f55ee85c1bb785b2cba94ef7545b3,Unknown,XPU-E,16,192,HP,unknown,unknown,false,0.5,51338280960,6.0,0.25555555555555554,,4.720657481317935,0.12098408239700376,0.3159936382355858,,,,0,23
7b1e4b24465cfa9011683bafb3a9d5dd,,34ab282248adfaf60a3d602d50d60546,1f28e063c4e5e1bc48ff55269617dd2f,Unknown,XPU-E,16,192,LP,unknown,genai,false,1.0,102676561920,4.0,0.1,0.005781515151515152,0.0628442012902462,0.09464843750000002,0.04700728771733302,true,13,298,0,23
7c18ff4a6398eb2fd101e2d0f1b571dd,82ab8eecc7db475fb6048bc897535453,479ca452ae7c2935f10eaf486e325733,2f9611355f71fe804da2606899ddfb36,Unknown,XPU-B,8,192,Other,unknown,unknown,false,1.0,51136954368,7.0,0.06666666666666667,0.0,0.0,0.20003174603174598,0.10230828908469725,false,0,-1,0,23
7fb900a8f66e3ab7c1f5ff3501aa1ab2,,548a213ebdd9c8215d18d6232e00e943,27dc4b08122b037562bbd50b17eaf138,Unknown,XPU-E,16,192,LP,unknown,genai,false,1.0,103079215104,4.0,0.6944444444444444,0.01541248,26.872965494791668,0.26160553278688525,0.36712348441767495,true,0,-1,0,23
81dbfac4914fb6a7bf567c2f670fdcae,a3ffc6f0609b3fa1808889d1ed6466b5,1cde68cb5bca61186c9990f5e089c768,87532e3737169e035fad3c9f3ab7f85e,Unknown,L20,2,192,Other,unknown,unknown,false,1.0,48305799168,8.0,0.07222222222222222,0.7436333333333334,0.8306749131944443,0.1430375,0.1635914958831886,true,12251,30,0,23
85f0ce90f441f70303aa5e7ca9a18f02,,6aa302bdce826b983d7ecb9868b6d9c5,6d5f55ee85c1bb785b2cba94ef7545b3,Unknown,XPU-E,16,192,LP,unknown,genai,false,1.0,102676561920,4.0,0.13333333333333333,1.5881444444444446,78.22582397460937,0.1038472222222222,0.6222635127879956,false,0,-1,0,23
860b3fcd5baa1fea9a2c23869d669e86,,c57c700909726e1c2af4fdad4e0f9be4,2f9611355f71fe804da2606899ddfb36,Unknown,A100,8,128,LP,unknown,genai,false,1.0,85899345920,4.0,0.027777777777777776,0.0,5.8837239583333325,0.30637499999999995,0.12604637145996095,false,148,-1,0,23
86d2432747349129ccc0323d2d09a67e,,7d1fb3cd059f31c244dd7b71b8ae2fc2,2f9611355f71fe804da2606899ddfb36,Unknown,XPU-D,8,192,LP,unknown,genai,false,1.0,102676561920,4.0,0.23333333333333334,4.272912171717173,14.420920015585544,0.3313780487804879,0.21457881927490238,true,0,-1,0,23
8721bbbcf7e196aafe7575bd29352cc3,,5f85080f4b87306a6d6e24a6873cdf23,6d5f55ee85c1bb785b2cba94ef7545b3,Unknown,XPU-E,16,192,HP,unknown,unknown,false,0.5,51338280960,6.0,0.25,,5.195751953125001,0.5941254789272032,0.2857242578316548,,,,0,23
87754018dd4d14471528d9d5cd094cb6,,a57aa90f4a77377000a3c1d37d643a3d,da8d7fb8796ea962e14eef38624d8059,Unknown,A10,1,128,HP,unknown,unknown,false,0.11,2820000000,4.0,0.029944444444444444,,1.0167410714285712,0.6469809782608698,0.2858037705531915,true,0,18,0,23
89b4095d47f9ef1c3fd2a07ffdfca931,,eed5c17c8e2fdef7cd201cf31f8f2f09,1f28e063c4e5e1bc48ff55269617dd2f,Unknown,XPU-E,16,192,LP,unknown,genai,false,2.0,205353123840,4.0,0.9666666666666667,71.13903138535993,158.7243134621868,0.5007794117647059,0.36431555729286347,true,0,8,0,23
8aa3e45fb52efdb90ff0342823b4ee5a,,21637662f4823df181af7264beeff2c8,27dc4b08122b037562bbd50b17eaf138,Unknown,XPU-E,16,192,LP,unknown,genai,false,1.0,103079215104,4.0,0.6888888888888889,0.023613951612903226,27.954469115852955,0.2630358606557378,0.3733038511432585,true,0,-1,0,23
8b6b4cacd46fe252b43f27bdc3fcc769,,2794c7659292683c94a5205fcf1ff4d7,9089d80baea5f56a3c169801052daa1f,Unknown,XPU-E,16,192,LP,unknown,genai,false,1.0,103079215104,4.0,0.7611111111111111,0.004378102189781022,28.53208721480437,0.263420036764706,0.37917359950495705,,,,0,23
8c64e672b5401d4537e8cceb1446e94f,,5e87328f07480abd277c355aa9b983ef,27dc4b08122b037562bbd50b17eaf138,Unknown,XPU-E,16,192,LP,unknown,genai,false,1.0,103079215104,4.0,0.022222222222222223,,,0.0,0.0,false,0,-1,0,23
8d9323b3a22fdb4b30d0cbb17581a241,,ef4c2690c7fe8d21c089914570eb2783,70870b9abdf0a944615e4987e21869b3,Unknown,H20,8,192,LP,unknown,genai,false,1.0,102625181696,4.0,0.03888888888888889,0.0,0.8899739583333334,0.3036875,0.14809613545735675,true,0,7,0,23
8e32938a6bc31a893a28081bd85c293d,,ee5d19dcc9ea46bb8a4b5fe3e6ae9055,70870b9abdf0a944615e4987e21869b3,Unknown,H20,8,192,LP,unknown,genai,false,1.0,102625181696,4.0,0.027777777777777776,9.12698412698413e-06,0.7393740699404762,0.36175,0.050094223022460936,true,134,12,0,23
90ae917e66781f695fa95944db4d4592,,870b231dd2a718933e09553f8bd3042d,6d5f55ee85c1bb785b2cba94ef7545b3,Unknown,XPU-E,16,192,LP,unknown,genai,false,1.0,102676561920,4.0,0.7888888888888889,0.02059007042253521,31.525715401155804,0.30479316546762597,0.4105057925269718,true,1,-1,0,23
91a0b35c49658ece17a42248fef35386,,d16036a29580d65e5d1bde8125d802ba,2f9611355f71fe804da2606899ddfb36,Unknown,XPU-D,8,192,LP,unknown,genai,false,1.0,102676561920,4.0,0.4222222222222222,50.599503026315794,84.44575516550165,0.4233441780821919,0.5287637074788409,false,-1,-1,0,23
9323313780c9d35ff65c1d36c7215f2f,,8ca17444ff2e951d8135a1c6a16470ae,6d5f55ee85c1bb785b2cba94ef7545b3,Unknown,XPU-E,16,192,LP,unknown,genai,false,1.0,102676561920,4.0,0.48333333333333334,0.033579195402298846,32.625101082785086,0.2977161764705883,0.4009593919266102,true,0,-1,0,23
94878f5658c694b4055cbc7a8cc28f72,,645dfd1fcefe1c2024278173c85e5fee,27dc4b08122b037562bbd50b17eaf138,Unknown,XPU-E,16,192,LP,unknown,genai,false,1.0,103079215104,4.0,0.6944444444444444,0.0253872,27.409921565755198,0.261640243902439,0.3747980374161915,true,0,-1,0,23
96b3cbfd1f0d692a7166ceff2085f58f,,c33f629315858b32df8563b838090a4d,1f28e063c4e5e1bc48ff55269617dd2f,Unknown,XPU-E,16,192,LP,unknown,genai,false,1.0,102676561920,4.0,0.03333333333333333,0.0,0.7202427455357142,0.28059375000000003,0.23733059565226236,true,164,5,0,23
995bd1393b2c70f70f589f6c1e9d435f,,8f4cb4dba406cfeddf97b7794b4b7266,6d5f55ee85c1bb785b2cba94ef7545b3,Unknown,XPU-E,16,192,LP,unknown,genai,false,1.0,102676561920,4.0,0.8666666666666667,0.015531666666666668,32.769628390011135,0.301929383116883,0.4100555188728099,,,,0,23
9daa3918b6a4a01562f6e606150c2240,f78559abd481eedd5fc6a916dff74866,6a761679cc1f7316d1213a48a56cf8a3,2f9611355f71fe804da2606899ddfb36,Unknown,XPU-B,8,192,Other,unknown,unknown,false,1.0,51136954368,6.0,0.07222222222222222,0.0,0.0,0.22586666666666666,0.10753784008713833,true,0,42,0,23
9e325926e5f867dfdfef4abf201dec78,,1587fc3e11f2e3db097ee31355cbbe54,6d5f55ee85c1bb785b2cba94ef7545b3,Unknown,XPU-E,16,192,HP,unknown,unknown,false,0.5,51338280960,6.0,0.25,,5.2766324869791665,0.17789299242424245,0.34451709926151486,,,,0,23
9eac466dcb31b6c6bc65cef277015d43,,ea69140f79e79b340633371cdd0eb778,9089d80baea5f56a3c169801052daa1f,Unknown,XPU-E,16,192,LP,unknown,genai,false,1.0,103079215104,4.0,0.6722222222222223,0.04254471074380166,28.50287296796085,0.2554872881355932,0.3880393388536241,true,0,-1,0,23
9efa343f5a2248976b96e8dbac20d0e8,,7303d5baabd5f240bb5c1651fbe22fcc,6d5f55ee85c1bb785b2cba94ef7545b3,Unknown,XPU-E,16,192,LP,unknown,genai,false,1.0,102676561920,4.0,0.7111111111111111,0.0024153968253968253,29.28036326790192,0.3021825396825397,0.4040141574920171,true,0,15,0,23
a0233a0fd9a3d1fc68544c16425e7756,,ef06c38e8acf525f06d83ca80b62415b,1f28e063c4e5e1bc48ff55269617dd2f,Unknown,H20,8,192,LP,unknown,genai,false,1.0,102625181696,4.0,0.022222222222222223,0.15005,41.623111979166666,0.17675000000000002,0.0880303700764974,false,104,-1,0,23
a0cf0c6a646d654652bd2530bc4f8ec5,,6924158d7428dcdadf51b57cef324e3d,2f9611355f71fe804da2606899ddfb36,Unknown,A100,8,128,LP,unknown,genai,false,1.0,85899345920,4.0,0.2777777777777778,65.41549979999999,72.2191328125,0.25070833333333326,0.19186322159237332,false,-1,-1,0,23
a0e104ca39a2dedf695a3bfe15c61f4e,,1f6f08d03324d370e93921c8d61e24bc,9089d80baea5f56a3c169801052daa1f,Unknown,XPU-E,16,192,LP,unknown,genai,false,1.0,103079215104,4.0,0.6222222222222222,0.02543642857142857,27.364905781648584,0.2533119582212413,0.3723844717214772,,,,0,23
a196bd193fd9c09a034c4245e7ba054a,,4fa88b80d9ac0b2ca24ef2c8006790c2,1f28e063c4e5e1bc48ff55269617dd2f,Unknown,H20,8,192,LP,unknown,genai,false,1.0,102625181696,4.0,0.18888888888888888,55.58699941176471,86.47585592830882,0.21954687500000006,0.18877449035644536,,,,0,23
a6a1c614d0eb01dd8f1d9a382c0443f2,,1e8fd1b90b6959943d6f477ec2e4f031,da8d7fb8796ea962e14eef38624d8059,Unknown,A10,2,192,LP,unknown,genai,false,1.0,24146608128,4.0,0.5611111111111111,,,0.000422872340425532,0.0031815846761067694,false,134,-1,0,23
a6c5d4e60e756bc861324806254f24f5,82ab8eecc7db475fb6048bc897535453,19035869be062e0c145a4ba7e5790d54,2f9611355f71fe804da2606899ddfb36,Unknown,A10,1,128,Other,unknown,unknown,false,1.0,24146608128,6.75,0.005555555555555556,,,,4.580140261715155e-05,false,1,-1,0,23
a6fe38f4b7016f8b69e11af57a7672f9,,2b2d6429b8484c17f43ae04029752d9f,4d6f06d02df4e9de96966a73d9e8a4dd,Unknown,A10,1,128,HP,unknown,unknown,false,0.23,5640000000,2.0,0.03577777777777778,,0.937668722336691,0.21035576923076926,0.0838280502857143,false,313,-1,0,23
a806e9341840cdac5e5ec4dbcb582f57,,58374a5a6a6d68d934f493b12f25f5c5,27dc4b08122b037562bbd50b17eaf138,Unknown,XPU-E,16,192,LP,unknown,genai,false,1.0,103079215104,4.0,0.7,0.023194047619047618,27.860962043821935,0.2648050140472148,0.37028371988932307,true,0,-1,0,23
a83283c0f27bc8a4238d4798a69362e0,,a1ef82af0608cf712a630f03ad111e17,27dc4b08122b037562bbd50b17eaf138,Unknown,XPU-E,16,192,LP,unknown,genai,false,1.0,103079215104,4.0,0.011111111111111112,,,0.0,0.0,,,,0,23
a8490d94843e3d90b70cccb0a21a4e0b,,2303b43f302624d6f1936fa50f52ad90,1f28e063c4e5e1bc48ff55269617dd2f,Unknown,H20,8,192,LP,unknown,genai,false,1.0,102625181696,4.0,0.06111111111111111,4.766979999999999,54.145263671875,0.22092187500000002,0.2106562773386637,false,149,-1,0,23
a8b9cfc187755609c5f0d5258dc45f33,,ef4c2690c7fe8d21c089914570eb2783,70870b9abdf0a944615e4987e21869b3,Unknown,H20,8,192,LP,unknown,genai,false,2.0,205250363392,4.0,0.05555555555555555,0.000402,0.5303125,0.25791666666666674,0.027812385559082033,true,0,84,0,23
ac7eb02ee2c4a535321de3e142fadcad,,420903e3899b1afaea3ea8a486239e26,4d6f06d02df4e9de96966a73d9e8a4dd,Unknown,XPU-B,8,192,LP,unknown,genai,false,1.0,51136954368,4.0,0.027777777777777776,0.092268,1.832294921875,0.264625,0.11543345981174045,false,163,-1,0,23
ae3e2a49d5abd6c40e7f6bb898f74b19,,58187e9a85bb4ed0937c98340dfbe9af,6d5f55ee85c1bb785b2cba94ef7545b3,Unknown,XPU-E,16,192,LP,unknown,genai,false,1.0,102676561920,4.0,0.22777777777777777,26.845752000000005,89.8304736328125,0.26441447368421056,0.553322754558335,,,,0,23
afd22aa943c2ab43b69e9fa666c13ac5,,e8926fe0652baf7cbec1d8cf45939a33,70870b9abdf0a944615e4987e21869b3,Unknown,H20,8,192,LP,unknown,genai,false,1.0,102625181696,4.0,0.37222222222222223,48.0216968988391,69.06487290111939,0.253033203125,0.18035587604229264,false,150,-1,0,23
b33ad89155fcfaa2aa0ca9284b3d3cd2,,0b128f59bd44792dce5ef82260891fe4,9089d80baea5f56a3c169801052daa1f,Unknown,XPU-E,16,192,LP,unknown,genai,false,1.0,103079215104,4.0,0.5833333333333334,0.0027617142857142857,27.90400793650795,0.26523786407766986,0.3707993103907659,true,41,-1,0,23
b62405758dc374ae41cee61b3c6344b4,,398e33e346cf1f82f96c83a7ffb4277c,9089d80baea5f56a3c169801052daa1f,Unknown,XPU-E,16,192,LP,unknown,genai,false,1.0,103079215104,4.0,0.6666666666666666,0.0090305,27.500330461728197,0.2563877118644068,0.3779501073500689,,,,0,23
b63b85d2221a880b1f9465330ffbbbea,ba7657daf2309eb2d21b2de3b808e70c,ffbc85aeb3d8aaa6ba9e1eaaf3c27f5d,2f9611355f71fe804da2606899ddfb36,Unknown,A100,8,128,HP,unknown,unknown,false,1.0,85899345920,15.0,0.4722222222222222,50.679787176470604,56.69431295955882,0.05012329317269075,0.008240350204355576,true,85567,26,0,23
b6d3f0b1620f9c8b4b1c8652e601b8fa,,e1f0f1b711289de30f3ea0165ac1fe2c,87532e3737169e035fad3c9f3ab7f85e,Unknown,H20,8,192,HP,unknown,unknown,false,4.0,410500726784,16.0,4.0,0.0,343.92578125,0.21821527777778094,0.1397604035006629,true,0,23,0,23
b72206253506aafa171c0ada60f75f80,,022a96497bfdc594a785cbfad3c1f6e5,9089d80baea5f56a3c169801052daa1f,Unknown,XPU-E,16,192,LP,unknown,genai,false,1.0,103079215104,4.0,0.6277777777777778,0.025864601769911504,26.742300191042272,0.2511795454545455,0.36646800835927335,true,134,-1,0,23
b82789c37aa8b70f24be45cdd9953cdd,,419dcddd465fe1fbdfbd222b954364d1,2f9611355f71fe804da2606899ddfb36,Unknown,XPU-B,8,192,LP,unknown,genai,false,1.0,51136954368,4.0,0.05,8.041298703703704,16.1797607421875,0.29483333333333334,0.226302246820359,false,150,-1,0,23
b8a8683fa7dd8584dd7986bc4a4a333b,,16780ff8972e27fcea0444b3066a61fa,70870b9abdf0a944615e4987e21869b3,Unknown,H20,8,192,LP,unknown,genai,false,1.0,102625181696,4.0,0.1,0.0,4.232816569010416,0.31846250000000004,0.20175625483194984,true,102,6,0,23
b8e06409dfc3c22eb3215ae81bbfe69b,,c118de292a494fc38c18b6b6650e6f4e,6d5f55ee85c1bb785b2cba94ef7545b3,Unknown,XPU-E,16,192,LP,unknown,genai,false,1.0,102676561920,4.0,0.8722222222222222,0.03156401273885351,31.29604391974078,0.29991071428571453,0.40990068907378785,true,0,-1,0,23
b969094093682ab022da17dc8e34055b,33c1aec5c47b0ce72b57541d5d86d087,8aa37cb2374b1e11de31956e5a1c0364,70870b9abdf0a944615e4987e21869b3,Unknown,XPU-C,2,192,Other,unknown,unknown,false,1.0,51539607552,6.0,0.24444444444444444,0.0,0.0,0.9559285714285712,0.548449764697062,true,0,32,0,23
bc212e9f650f594397637f6e665acde8,,5f442973a9c72894f1f57d88c3b07f33,2f9611355f71fe804da2606899ddfb36,Unknown,H800,8,192,LP,unknown,genai,false,1.0,85520809984,4.0,0.2722222222222222,0.9637482653061223,68.41236647002552,0.04779255319148937,0.1711863305833604,true,5489,7,0,23
be6ac1c7ae8bffd6b954a2d51cee3828,a91b898e84fcaa83841e4bf37abb5460,d34d1126940fff4b49b3b6569883e3a0,70870b9abdf0a944615e4987e21869b3,Unknown,H20,8,192,HP,unknown,unknown,false,8.0,821001453568,184.0,0.4444444444444444,0.0,0.5598958333333334,0.008963994565217388,0.0032309478759765626,false,1540,-1,0,23
c1259b1cb03c845864956ddc00fdb30b,,104b7f338a6788bf67831a13c29b8c57,1f28e063c4e5e1bc48ff55269617dd2f,Unknown,H20,8,192,LP,unknown,genai,false,1.0,102625181696,4.0,0.2611111111111111,42.216132765957454,76.4461643949468,0.42479941860465115,0.11372415895815248,,,,0,23
c1b0cf57791a6cb551129260dfd3c127,,e11f3764cb49e3e88eacd2f5c5cf7699,4d6f06d02df4e9de96966a73d9e8a4dd,Unknown,A100,8,128,LP,unknown,unknown,false,1.0,85899345920,8.0,0.3611111111111111,14.917317729171412,8.962379299930696,0.07209277343750001,0.09617807157337666,false,87,-1,0,23
c43f21fa8b52cf224587c3c9183f46f5,,7d9613711dafa8f4d01c84c9cc84f3d6,3f39b4b673832cdb370477e6042ec0a7,Unknown,L20,2,192,HP,unknown,unknown,false,1.0,48305799168,12.0,1.0,12.877733196488698,26.453125,0.16082384259258925,0.43948689351111114,true,0,82,0,23
c4c56c19d6c5c6f96db66924078c8618,d93f6d532104ce6ced1faae60aacc088,acef2f6f42f2f9b0499b2daf95d3ba3f,70870b9abdf0a944615e4987e21869b3,Unknown,H20,8,192,LP,unknown,genai,true,1.0,102625181696,4.0,0.16666666666666666,0.10955448275862069,72.29382111276622,0.1804910714285714,0.07663229005090122,false,1228,-1,0,23
c5fe91418a5e2c1cfd0204180595e385,,954bc1840ffea2169f9c8e520f153c3b,1f28e063c4e5e1bc48ff55269617dd2f,Unknown,H20,8,192,LP,unknown,genai,false,1.0,102625181696,4.0,0.14444444444444443,46.76509307692308,81.16799879807692,0.23265217391304346,0.20559776814778652,false,-1,-1,0,23
c7389a5b7e0d4b7d0dac8d9884338f54,,73c5d47eeb8dffe9b3dc0051c6177d7e,6d5f55ee85c1bb785b2cba94ef7545b3,Unknown,XPU-A,8,192,LP,unknown,genai,false,1.0,206141652992,8.0,0.6333333333333333,,174.41034610889577,0.0474552752293578,0.12802200470495662,false,27,-1,0,23
c75cb7025d4afaa195240cb02166e251,,2fda05d4b48c02a9b9860d5b616b580f,4d6f06d02df4e9de96966a73d9e8a4dd,Unknown,A10,1,128,HP,unknown,unknown,false,0.23,5640000000,2.0,0.01916666666666667,,0.9178125,0.2576730769230769,0.07362296685714285,,,,0,23
c96640b8abf1513b8d1ad271cbb869df,,420903e3899b1afaea3ea8a486239e26,4d6f06d02df4e9de96966a73d9e8a4dd,Unknown,XPU-B,8,192,LP,unknown,genai,false,2.0,102273908736,4.0,0.05555555555555555,0.0,2.6263392857142858,0.459875,0.10057080586751302,false,119,-1,0,23
cb3ab6a3407b7cc794ef93d7e6895456,,035d795c74eef588635b5635c7bfa71b,4d6f06d02df4e9de96966a73d9e8a4dd,Unknown,A10,1,128,HP,unknown,unknown,false,0.23,5640000000,2.0,0.08433333333333334,,0.0,0.1171926229508197,0.0776506166557377,false,0,-1,0,23
cbad328458309ce797b5177d5ef4f0cf,,50a2cf380b67a799844c0e657e8f7a8f,6d5f55ee85c1bb785b2cba94ef7545b3,Unknown,XPU-E,16,192,LP,unknown,genai,false,1.0,102676561920,4.0,0.8444444444444444,0.021331710526315793,34.46270618104099,0.30328666666666654,0.40924787037156807,true,0,-1,0,23
cd35680299c9f5e16f5949c91f764cb9,,1b9734555a23158c86551d92910ba8ea,1f28e063c4e5e1bc48ff55269617dd2f,Unknown,XPU-A,8,192,LP,unknown,genai,false,1.0,206141652992,8.0,0.05555555555555555,,22.402730517917206,0.2601041666666667,0.096795311995915,false,75,-1,0,23
cdafa8c279c49e3232f2486ad4ee36aa,,80d700019e659d5e77238323e7c85c0d,2f9611355f71fe804da2606899ddfb36,Unknown,H800,8,192,LP,unknown,genai,false,1.0,85520809984,4.0,0.36666666666666664,25.38179388522589,60.748149038461534,0.3344435483870967,0.20979399504484958,false,4946,-1,0,23
cdbfb3cb06959f25414002832982ff21,,e432ee61b03fe146b3bad4cabeeb263f,da8d7fb8796ea962e14eef38624d8059,Unknown,A10,1,128,HP,unknown,unknown,false,0.23,5640000000,2.0,0.05366666666666667,,3.0436234085648155,0.1872763157894737,0.239311661948718,false,1,-1,0,23
cf125162ac5b1c69c120a96455ec9bc5,,c0ee2279e0cbd547c67d0211cbd3801e,2f9611355f71fe804da2606899ddfb36,Unknown,A100,8,128,LP,unknown,genai,false,1.0,85899345920,4.0,0.011111111111111112,0.0,0.0,,8.392333984375e-06,true,0,7,0,23
d032c002fba38f5234881435f079cc5f,,be36ff77ea53d1176e2c2c4e57837668,6d5f55ee85c1bb785b2cba94ef7545b3,Unknown,XPU-E,16,192,LP,unknown,genai,false,1.0,102676561920,4.0,0.9166666666666666,0.04533369696969697,32.098785489548455,0.3006280674846626,0.4104328923109103,true,1,-1,0,23
d183d49bcf573b0753258d739555e0bc,4ba6381e18b31b31b4ec0b09fcb34f3e,c088f234dceda8e19cfc358e09a5babb,4d6f06d02df4e9de96966a73d9e8a4dd,Unknown,XPU-B,8,192,Other,unknown,unknown,false,1.0,51136954368,1.75,0.06111111111111111,0.0,0.0,1.089015873015873,0.1537425078145495,true,0,36,0,23
d1b4c9abd5a87b9432be34d1f4360030,97418a48fb23f4d4f7d71838ef89d0e6,79d70c002de157240b445a1c23c8d52f,70870b9abdf0a944615e4987e21869b3,Unknown,H20,8,192,HP,unknown,unknown,false,8.0,821001453568,184.0,3.066666666666667,3.2705078260869564,24.69631831219807,0.044258719987021404,0.2478347131529851,true,135,15,0,23
d5b309b6fde26241658386b5fb69a6a8,,8188fa553df63d2b84b9c37fd1102235,6d5f55ee85c1bb785b2cba94ef7545b3,Unknown,XPU-E,16,192,LP,unknown,genai,false,1.0,102676561920,4.0,0.1,0.00858181818181818,0.0653295651830808,0.08731666666666667,0.0422892776190066,true,120,303,0,23
d61018b8af4b05a21458e19bf610b24c,,7d730287abe47f5237ae63b5b9867201,1f28e063c4e5e1bc48ff55269617dd2f,Unknown,XPU-E,16,192,LP,unknown,genai,false,1.0,102676561920,4.0,0.15,2.091138076923077,51.3750009390024,0.17681770833333332,0.434487065633138,false,1,-1,0,23
d6ea9fe2ee7a94fe70d2fe321042ce5b,,f0004701d32d1f3b1f3193c6ae802238,6d5f55ee85c1bb785b2cba94ef7545b3,Unknown,XPU-E,16,192,LP,unknown,genai,false,1.0,102676561920,4.0,0.8666666666666667,0.04733847580645161,33.764981596634684,0.2971315359477124,0.40820278564056806,true,1,-1,0,23
d888821da48c80d0499b86d820fb2a89,,35fd0d576aeb81088a7e5f99bba8cc51,9089d80baea5f56a3c169801052daa1f,Unknown,XPU-E,16,192,LP,unknown,genai,false,1.0,103079215104,4.0,0.6666666666666666,0.024337916666666664,27.91778164818172,0.25923183760683755,0.3666032909673485,true,0,-1,0,23
d9e50363baf90079819af6b3ea2d38a9,,695fb1b07f4a9a903453446b727b654e,1f28e063c4e5e1bc48ff55269617dd2f,Unknown,XPU-E,16,192,LP,unknown,genai,false,1.0,102676561920,4.0,0.19444444444444445,24.985003071428565,85.08840401785714,0.26383203124999993,0.5396650140935723,true,0,14,0,23
db381b4be39a40c9eeb84a1119dd1e9c,,af9a81c968eebf7bf37ade680e1662e2,9089d80baea5f56a3c169801052daa1f,Unknown,XPU-E,16,192,LP,unknown,genai,false,1.0,103079215104,4.0,0.7611111111111111,0.02132919708029197,28.426748891506783,0.26632929104477626,0.3699387082866594,true,1,-1,0,23
dce6b5a60e4aac09e1ff332f32b747a6,,906d051888d23ff72362fcc441f9330d,70870b9abdf0a944615e4987e21869b3,Unknown,H20,8,192,LP,unknown,genai,false,1.0,102625181696,4.0,0.027777777777777776,0.0,0.0,,1.27156575520833e-06,false,0,-1,0,23
dcf7ed584bcb4d9d567f6b669bbe54ca,,b43b63d2d4c79feb697d5b5ad138512f,2f9611355f71fe804da2606899ddfb36,Unknown,A100,8,128,LP,unknown,genai,false,1.0,85899345920,4.0,0.15555555555555556,3.659413456790124,60.990022183641976,0.191265,0.20729515584309902,false,162,-1,0,23
de7981236ae738894d2c1bc493765299,,bc17362a1dd85d60021d9bd94074bf9b,2f9611355f71fe804da2606899ddfb36,Unknown,H800,8,192,LP,unknown,genai,false,1.0,85520809984,4.0,0.2611111111111111,1.1186494799054372,68.82464446660757,0.07210795454545454,0.16574190775553385,,,,0,23
dfaa6151501cc4471de60d12203c075f,,beb67d17aa6c8a9615e5fbfe81443b57,2f9611355f71fe804da2606899ddfb36,Unknown,H800,8,192,LP,unknown,genai,false,1.0,85520809984,4.0,0.2,15.873103496543777,35.27977503060196,0.24894583333333337,0.24853920885311656,false,8204,-1,0,23
e0b756f78c84af3a2354ecb6a2a5ea18,,a8d2c4406e16904b0289eba9d0f409df,9089d80baea5f56a3c169801052daa1f,Unknown,XPU-E,16,192,LP,unknown,genai,false,1.0,103079215104,4.0,0.6222222222222222,0.02611883928571429,30.362178680676376,0.24302408256880725,0.3834763613614168,,,,0,23
e260f47e8da316f210c423297827fc22,,051c56cf2783e0c257a1a02290ac06b4,2f9611355f71fe804da2606899ddfb36,Unknown,A100,8,128,LP,unknown,unknown,false,1.0,85899345920,8.0,0.05,0.0,0.0,0.024895833333333336,0.003466099500656128,false,98,-1,0,23
e343bd68dbdeef15c3810e51960febfa,,1e944c6797236a6dc0d339787ea69ee5,6d5f55ee85c1bb785b2cba94ef7545b3,Unknown,XPU-E,16,192,LP,unknown,genai,false,1.0,102676561920,4.0,0.8444444444444444,0.038433684210526314,33.860543234306476,0.30361249999999995,0.40881536950005404,true,0,-1,0,23
e4abc7df9e5dc864e58517b5be516c02,,35cfd5e0f9e7c0b4d8b5c97f52f95fa4,4d6f06d02df4e9de96966a73d9e8a4dd,Unknown,XPU-B,8,192,LP,unknown,genai,false,1.0,51136954368,4.0,0.03333333333333333,0.0,0.0,,,false,164,-1,0,23
e4d7de8f0554b25cb4c74ea60c6d7b15,,2beec938373c5cc3fce0e2cc9e8529ad,70870b9abdf0a944615e4987e21869b3,Unknown,H20,8,192,LP,unknown,genai,false,1.0,102625181696,4.0,0.005555555555555556,0.0,0.0,,0.013971837361653645,false,180,-1,0,23
e7fdc182fb40ccc22e3ecfd04a9a92cb,,2c55815713170bf8bd05dedaec2f9245,6d5f55ee85c1bb785b2cba94ef7545b3,Unknown,XPU-E,16,192,LP,unknown,genai,false,2.0,205353123840,4.0,0.011111111111111112,,,,0.0,false,0,-1,0,23
e8655f6a283996804bdc8c3efabfbdc6,,267bf3dfbfe6113eac8581b3fa06580d,4d6f06d02df4e9de96966a73d9e8a4dd,Unknown,A100,8,128,LP,unknown,unknown,false,1.0,85899345920,8.0,0.09444444444444444,19.806128181818178,4.705948153409091,0.10441145833333336,0.09532601492745536,false,0,-1,0,23
e91904b8a07a4fecba1c55cf743db151,,b51a38d875b0cbb46a43e90720283241,2f9611355f71fe804da2606899ddfb36,Unknown,XPU-B,1,192,LP,unknown,genai,false,1.0,51136954368,4.0,0.011111111111111112,0.0,0.0,,0.003434626261393229,false,130,-1,0,23
e92243b8ad86f929019e7fa80666472f,,a365ef118e5e6d8432518a12e57669bb,27dc4b08122b037562bbd50b17eaf138,Unknown,XPU-E,16,192,LP,unknown,genai,false,1.0,103079215104,4.0,0.6888888888888889,0.0235816935483871,27.878629581642777,0.2608278688524589,0.3775052584929841,true,0,-1,0,23
ea4ac6793d2a12532879677049637c65,,2ec0d0ad6319e21b7173353297fac4c9,2f9611355f71fe804da2606899ddfb36,Unknown,XPU-D,8,192,LP,unknown,genai,false,1.0,102676561920,4.0,0.45,80.32044629629632,90.4864860628858,0.2577566070625281,0.5494184743502977,false,-1,-1,0,23
eabbf29124bcc612447e99aef7200e2b,43b98c0e26a66c9af79580ed0b5c8e8e,eda9c96a2715424f3bb1b0becf3b4734,70870b9abdf0a944615e4987e21869b3,Unknown,H20,8,192,LP,unknown,genai,true,1.0,102625181696,4.0,0.03333333333333333,0.0,0.3390625,,0.008494734764099121,false,0,-1,0,23
eba9d96d702752e61d4d25504dafab04,,e99c61e33571a56770e767de1a8b40a7,1f28e063c4e5e1bc48ff55269617dd2f,Unknown,XPU-E,16,192,LP,unknown,genai,false,1.0,102676561920,4.0,0.8833333333333333,0.03678622641509434,33.1917006361121,0.28404647435897457,0.37428393545030036,true,0,-1,0,23
ec30b64eb9a2d10554015a395c4cec16,,2303b43f302624d6f1936fa50f52ad90,1f28e063c4e5e1bc48ff55269617dd2f,Unknown,H20,8,192,LP,unknown,genai,false,1.0,102625181696,4.0,0.022222222222222223,0.0,0.0,,0.00917065938313802,false,0,-1,0,23
eee6982d0a5d030521e1683cdd990684,,12df47f326f95a00f7eedf446849c394,9089d80baea5f56a3c169801052daa1f,Unknown,XPU-E,16,192,LP,unknown,genai,false,1.0,103079215104,4.0,0.06111111111111111,0.10772090909090909,4.611496803977273,0.22904166666666667,0.26624389417243727,true,0,6,0,23
ef6cceddcff0504d089235b4aa3250c3,,4f3eedaaa57a50b430364a528b1a30bd,4d6f06d02df4e9de96966a73d9e8a4dd,Unknown,A10,1,128,HP,unknown,unknown,false,0.23,5640000000,2.0,0.04727777777777778,,0.0,0.1100441176470588,0.06051719529411764,false,1,-1,0,23
ef8af1f8de457996081cf56df01f3e54,,f344a36e0c487b0e4e351701e44bf228,1f28e063c4e5e1bc48ff55269617dd2f,Unknown,H20,8,192,LP,unknown,genai,false,1.0,102625181696,4.0,0.027777777777777776,0.005527499999999999,0.4554036458333333,0.24037499999999992,0.026477135552300343,false,0,-1,0,23
efdb74555123daae4cc7411ff25ca4c1,,8f4cb4dba406cfeddf97b7794b4b7266,6d5f55ee85c1bb785b2cba94ef7545b3,Unknown,XPU-E,16,192,LP,unknown,genai,false,1.0,102676561920,4.0,0.8666666666666667,0.018748846153846154,32.774195207868274,0.30153814935064943,0.4108971063192787,true,0,-1,0,23
f0a05b29e159d1905ff787a0c266f597,,e18dfd3c77aa9d09396ebbdf412e35d6,6d5f55ee85c1bb785b2cba94ef7545b3,Unknown,XPU-E,16,192,LP,unknown,genai,false,1.0,102676561920,4.0,0.8277777777777777,0.0,32.36572595151123,0.3091938775510206,0.411241966110092,true,0,-1,0,23
f20a2ed462e9130f2fbfa80b5e465bb9,,37a372e18cf726512d2f96f4b5345206,2f9611355f71fe804da2606899ddfb36,Unknown,XPU-D,8,192,LP,unknown,genai,false,1.0,102676561920,4.0,0.5388888888888889,81.93292720042845,91.63699492407157,0.25807712765957447,0.5590559208646732,true,0,8,0,23
f35c3a855ceac1763c2149e70621f628,,4bd206abb223dcbeef8c510b6bd252f5,87532e3737169e035fad3c9f3ab7f85e,Unknown,H20,8,192,LP,unknown,genai,false,1.0,102625181696,4.0,0.027777777777777776,0.0,1.4427083333333333,0.22912499999999997,0.08950928582085503,false,87,-1,0,23
f5bd6edcc6c29971a52f8659ff330959,,3fa523ed81d02ca4aecdf44c0defd052,6d5f55ee85c1bb785b2cba94ef7545b3,Unknown,XPU-A,8,192,LP,unknown,unknown,false,1.0,206141652992,8.0,0.016666666666666666,,,0.0018124999999999994,0.0015156865119934082,true,71,59,0,23
f66bdee6ab433bf814430ba59bd67203,,efb431410cc8822978332b8bd631f09b,1f28e063c4e5e1bc48ff55269617dd2f,Unknown,H20,8,192,LP,unknown,genai,false,1.0,102625181696,4.0,0.4888888888888889,71.65866954545454,91.37373934659091,0.23356395348837206,0.16787775412373152,,,,0,23
f69ebcabe78ae2947ca9232678e7bab5,,9b1d455ccb21d38057771374b6085677,70870b9abdf0a944615e4987e21869b3,Unknown,H20,8,192,LP,unknown,genai,false,1.0,102625181696,4.0,0.016666666666666666,0.0,0.0,,,false,0,-1,0,23
f86dfa00d10e77d510632e211c06eeb8,,697f46622b3815647c8f7fe9a87feb61,1f28e063c4e5e1bc48ff55269617dd2f,Unknown,XPU-E,16,192,LP,unknown,genai,false,1.0,102676561920,4.0,0.15555555555555556,0.005917628205128205,0.07841186523437499,0.07345673076923076,0.035641729264032265,true,0,488,0,23
fa2758348318cb4adb2ddf7f0eca97f6,,346fcf1a28f2a79a02300b81778ada8a,6d5f55ee85c1bb785b2cba94ef7545b3,Unknown,XPU-E,16,192,LP,unknown,genai,false,1.0,102676561920,4.0,0.7166666666666667,35.25981036175709,88.76793771196705,0.4143263888888888,0.5555787979610382,true,0,5,0,23
ff119e270f39a0636368864653064a6b,,eb87a3e7edb3cd251dd5c2a5376788dd,27dc4b08122b037562bbd50b17eaf138,Unknown,XPU-E,16,192,LP,unknown,genai,false,1.0,103079215104,4.0,0.7,0.036337301587301585,27.322577130353004,0.2627883064516129,0.37866856257120746,true,1,-1,0,23
